{
    "\nSouthampton Twp., Skip to () -\n5 Retreat Road, Southampton, Chinese (Simplified)\nChinese (Traditional)\nSouthampton Twp., Sign Up for Burlington County Emergency Sign Up for Nixle Mayor & Boards & Minutes/Clerk & Construction & Eagle Walk Southampton Township Shade Tree Burlington Co. RFP/Southampton Township Code Southampton Township Southampton Township \r\n\t\t\t\t\t\tRelated Home \r\n\r\nPicture Southampton Township as a wedge of pie, the wider crust-rim side on the west and the tip of the slice of pie to the east at Four Mile Circle.": [
        "None",
        "negative"
    ],
    "Three major highways pass through Southampton Township.": [
        "Environmental",
        "neutral"
    ],
    "An 8 mile section of Route  bisects the Township, extending north to south from mile marker  to just before mile marker .": [
        "Environmental",
        "neutral"
    ],
    "At the northern tip of the township, Route  (becoming Rt.": [
        "None",
        "neutral"
    ],
    "at Rt. )": [
        "None",
        "neutral"
    ],
    "extends from west to east for a little less than three miles.": [
        "Environmental",
        "positive"
    ],
    "In the southern portion of the township, Route  extends from west to east for a little over ten miles between mile markers  and  (at the Four Mile Circle).": [
        "None",
        "positive"
    ],
    "In order to locate the \u201cneighborhoods\u201d listed below, we have worked first on the East side of Rt.": [
        "Social",
        "neutral"
    ],
    "from North to South, then on the West side of Rt.": [
        "None",
        "neutral"
    ],
    "from North to South.": [
        "None",
        "neutral"
    ],
    "As a rural community, in addition to the various \u201cdevelopments\u201d there are homes and farms scattered throughout the Township between these developments.Top 5 Neighborhoods Leisuretowne \u2013 2, homes and approximately 3, Mobile Estates \u2013  homes and Ewansville & Crescent Heights \u2013  Village of Vincentown \u2013  homes and Hampton Lakes \u2013  East of Route 206North of Rt.": [
        "Social",
        "neutral"
    ],
    "/530Ewansville/Crescent Heights \u2013 Ewansville is located at the northernmost tip of Southampton on Rt.": [
        "None",
        "neutral"
    ],
    "and connects with Crescent Heights on the opposite side of Mobile Estates, with primary access from Route  \u2013 Total homes: .": [
        "Social",
        "neutral"
    ],
    "Mobile Estates \u2013  units \u2013 Population: .": [
        "Social",
        "neutral"
    ],
    "Off Rt.": [
        "None",
        "neutral"
    ],
    "at mile marker .": [
        "Environmental",
        "neutral"
    ],
    "South of Rt.": [
        "None",
        "neutral"
    ],
    "/530Buddtown \u2013 Small community with colonial origins east of Vincentown \u2013  residences.": [
        "Social",
        "neutral"
    ],
    "Cedarwyck \u2013 Located off Ridge Road \u2013  residences.": [
        "None",
        "neutral"
    ],
    "Retreat \u2013 Small crossroads community south-east of Vincentown at the intersection of Retreat Road and Big Hill Road.": [
        "Social",
        "positive"
    ],
    "Ridge Tree \u2013 Located at intersection of Ridge and New Roads \u2013  residences.": [
        "Environmental",
        "neutral"
    ],
    "Ridgeway \u2013 Adjacent to Ridge Tree \u2013  residences.Air-view picture of Leisuretowne and Leisuretowne \u2013 Guarded Adult Community of 2, homes and approximately 3, residents.": [
        "Social",
        "neutral"
    ],
    "Entrance on Route  mile marker .": [
        "Environmental",
        "neutral"
    ],
    "Hampton Lakes \u2013  units; located off Route  between mile marker  & .": [
        "None",
        "neutral"
    ],
    "Mill Chase \u2013 Located off Burrs Mill Road near Rt.": [
        "None",
        "neutral"
    ],
    "at mile marker  \u2013 Total residences: .": [
        "Environmental",
        "neutral"
    ],
    "Tranquility Ridge \u2013 Located off Route  at mile marker  \u2013 Total residences: .": [
        "Environmental",
        "positive"
    ],
    "Ongs Hat \u2013 Area of Southampton with fabled history \u2013 Located near Four Mile Circle at eastern-most tip of the Township.": [
        "Social",
        "neutral"
    ],
    "South of Route 70Burrs Mill Estates/Cranberry Run \u2013 Located off Rt.": [
        "None",
        "neutral"
    ],
    "Sooy Place/Medford Park (sometimes referred to as \u201cThe Avenues\u201d) \u2013 Located off Sooy Place Road just above Tabernacle and Woodland borders \u2013 Total residences: .": [
        "Environmental",
        "neutral"
    ],
    "West of Route \nSouth of Route \nSouthampton Meadows \u2013 Located off Newbolds Corner Road \u2013 Total residences: 7Air-view picture of Vincentown Village \u2013 Historic town center \u2013  residences; Population c. ; Governmental center; several churches; elementary and middle schools; library; historic buildings and homes; historic center on National and State registers of historic buildings; recreational facilities; military monuments; nestled on Vincentown Millpond, just off Rt.": [
        "Social",
        "neutral"
    ],
    ".": [
        "None",
        "neutral"
    ],
    "Meadowyck \u2013 Located off Church Road beyond Village of Vincentown \u2013  residences.": [
        "Social",
        "neutral"
    ],
    "The Ridings of Southampton \u2013 Located off Chairville Road, near Church Road \u2013 Total residences: .": [
        "Social",
        "neutral"
    ],
    "Estate Meadows \u2013 Located off Eayrestown-Red Lion Road near Red Lion \u2013  residences.": [
        "Social",
        "neutral"
    ],
    "Red Lion \u2013 Historic crossroads community near Red Lion Circle.": [
        "Social",
        "neutral"
    ],
    "South of Route 70Pricketts Mill Heights \u2013 Located at southwestern tip of Southampton Township at Medford/Tabernacle border.": [
        "None",
        "neutral"
    ],
    "Portions in Tabernacle Twp.": [
        "None",
        "neutral"
    ],
    "\u2013 Total residences: .": [
        "None",
        "neutral"
    ],
    "Eagles Mere \u2013 Located on Southampton/Tabernacle border off Hawkin Rd.": [
        "None",
        "neutral"
    ],
    "\u2013 Total residnces: .": [
        "Environmental",
        "neutral"
    ],
    "Online Comm.": [
        "None",
        "neutral"
    ],
    "Agenda/Ordinance/ Share \u00d7\nShare Copy and paste this code into your website.": [
        "Governance",
        "positive"
    ],
    "<a href=\"http://www.southamptonnj.org/community/neighborhoods.php\">Your Link Name</a>\nShare this page on your favorite  \t\t\t\t\t\t\t\t\n () -\n5 Retreat Road, Southampton,             \n      \n\t\t\tCopyright \u00a9  Southampton Township, New Jersey  \u00a0\u00a0\u2022\u00a0\u00a0 Powered by Revize, The Government Website Experts \u00a0\u00a0\u2022": [
        "Social",
        "positive"
    ]
}