{
    "\nSouthampton Twp., Skip to () -\n5 Retreat Road, Southampton, Chinese (Simplified)\nChinese (Traditional)\nSouthampton Twp., Sign Up for Burlington County Emergency Sign Up for Nixle Mayor & Boards & Minutes/Clerk & Construction & Eagle Walk Southampton Township Shade Tree Burlington Co. RFP/Southampton Township Code Southampton Township Southampton Township \r\n\t\t\t\t\t\tRelated Pages\r\n\t\t\t\t\t\nBoards Construction & Home Government Clerk\u00a0&\u00a0\r\n\r\nClerk & Melanie L. Brown, Township Clerk() -2736Tyler S. Raftery, () -\nTo use pod or dumpster on property \u2013 contact the Clerk's Office at () -2736For Liquor Licenses see the ABC website for application:\u00a0http://www.nj.gov/oag/abc/licensing-files.htmlStormwater ManagementSouthampton Township Municipal Stormwater Management PlanOrdinance - - An Ordinance Providing for The Document Center provides easy access to public documents.": [
        "Social",
        "positive"
    ],
    "Click on one of the categories below to see related documents or use the search function.": [
        "None",
        "neutral"
    ],
    "Search for file name:\n    Categories always sorted by seq (sub-categories sorted within each category)\n    Documents sorted by  HEADER in Ascending Order   \nApplication for Email Notifications.": [
        "Social",
        "neutral"
    ],
    "Application for Email Notifications.": [
        "Social",
        "neutral"
    ],
    "Application for non-Genealogical Cert or Cert copy of \t\t\t\t\t\t\t\t\t\t\t\t\t\t\t\t\t\t\n\t\t\t\t\t\t\t \t\t\tApplication for non-Genealogical Cert or Cert copy of \t\t\t\t\t\t\t \t\t\nBusiness Insurance \t\t\t\t\t\t\t\t\t\t\t\t\t\t\t\t\t\t\n\t\t\t\t\t\t\t \t\t\tBusiness Insurance \t\t\t\t\t\t\t \t\t\nFacility Use Agreement.": [
        "None",
        "positive"
    ],
    "Facility Use Agreement.": [
        "None",
        "positive"
    ],
    "Foreclosure Properties-Form.": [
        "None",
        "negative"
    ],
    "Functional Needs Form - .": [
        "None",
        "neutral"
    ],
    "OPRA \t\t\t\t\t\t\t\t\t\t\t\t\t\t\t\t\t\t\n\t\t\t\t\t\t\t \t\t\tOPRA \t\t\t\t\t\t\t \t\t\nRental Insurance \t\t\t\t\t\t\t\t\t\t\t\t\t\t\t\t\t\t\n\t\t\t\t\t\t\t \t\t\tRental Insurance \t\t\t\t\t\t\t \t\t\nSign up for E-\t\t\t\t\t\t\t\t\t\t\t\t\t\t\t\t\t\t\n\t\t\t\t\t\t\t \t\t\tSign up for E-\t\t\t\t\t\t\t \t\t\nTORT CLAIM FORM .": [
        "Social",
        "neutral"
    ],
    "TORT CLAIM FORM .": [
        "None",
        "neutral"
    ],
    "Township Ordinances & \t\t\t\t\t\t\t\t\t\t\t\t\t\t\t\t\t\t\n\t\t\t\t\t\t\t \t\t\tTownship Ordinances & \t\t\t\t\t\t\t \t\t\nVote by \t\t\t\t\t\t\t\t\t\t\t\t\t\t\t\t\t\t\n\t\t\t\t\t\t\t \t\t\tVote by \t\t\t\t\t\t\t \t\t\nVoter \t\t\t\t\t\t\t\t\t\t\t\t\t\t\t\t\t\t\n\t\t\t\t\t\t\t \t\t\tVoter \t\t\t\t\t\t\t \t\t\nBody Art \t\t\t\t\t\t\t\t\t\t\t\t\t\t\t\t\t\t\n\t\t\t\t\t\t\t \t\t\tBody Art \t\t\t\t\t\t\t \t\t\nCanvassing and \t\t\t\t\t\t\t\t\t\t\t\t\t\t\t\t\t\t\n\t\t\t\t\t\t\t \t\t\tCanvassing and \t\t\t\t\t\t\t \t\t\n\t\t\t\t\t\t\t\t\t\t\t\t\t\t\t\t\t\t\n\t\t\t\t\t\t\t \t\t\t\t\t\t\t\t\t\t \t\t\n\t\t\t\t\t\t\t\t\t\t\t\t\t\t\t\t\t\t\n\t\t\t\t\t\t\t \t\t\t\t\t\t\t\t\t\t \t\t\nMobile \t\t\t\t\t\t\t\t\t\t\t\t\t\t\t\t\t\t\n\t\t\t\t\t\t\t \t\t\tMobile \t\t\t\t\t\t\t \t\t\n\t\t\t\t\t\t\t\t\t\t\t\t\t\t\t\t\t\t\n\t\t\t\t\t\t\t \t\t\t\t\t\t\t\t\t\t \t\t\nLicensing Application for non-Genealogical Cert or Cert copy of \t\t\t\t\t\t\t\t\t\t\t\t\t\t\t\t\t\t\n\t\t\t\t\t\t\t \t\t\tApplication for non-Genealogical Cert or Cert copy of \t\t\t\t\t\t\t \t\t\nBody Art \t\t\t\t\t\t\t\t\t\t\t\t\t\t\t\t\t\t\n\t\t\t\t\t\t\t \t\t\tBody Art \t\t\t\t\t\t\t \t\t\nDog \t\t\t\t\t\t\t\t\t\t\t\t\t\t\t\t\t\t\n\t\t\t\t\t\t\t \t\t\tDog \t\t\t\t\t\t\t \t\t\n\t\t\t\t\t\t\t\t\t\t\t\t\t\t\t\t\t\t\n\t\t\t\t\t\t\t \t\t\t\t\t\t\t\t\t\t \t\t\n\t\t\t\t\t\t\t\t\t\t\t\t\t\t\t\t\t\t\n\t\t\t\t\t\t\t \t\t\t\t\t\t\t\t\t\t \t\t\n\t\t\t\t\t\t\t\t\t\t\t\t\t\t\t\t\t\t\n\t\t\t\t\t\t\t \t\t\t\t\t\t\t\t\t\t \t\t\nMobile \t\t\t\t\t\t\t\t\t\t\t\t\t\t\t\t\t\t\n\t\t\t\t\t\t\t \t\t\tMobile \t\t\t\t\t\t\t \t\t\nNew-Used Car \t\t\t\t\t\t\t\t\t\t\t\t\t\t\t\t\t\t\n\t\t\t\t\t\t\t \t\t\tNew-Used Car \t\t\t\t\t\t\t \t\t\n\t\t\t\t\t\t\t\t\t\t\t\t\t\t\t\t\t\t\n\t\t\t\t\t\t\t \t\t\t\t\t\t\t\t\t\t \t\t\nRent \t\t\t\t\t\t\t\t\t\t\t\t\t\t\t\t\t\t\n\t\t\t\t\t\t\t \t\t\tRent \t\t\t\t\t\t\t \t\t\nRoad \t\t\t\t\t\t\t\t\t\t\t\t\t\t\t\t\t\t\n\t\t\t\t\t\t\t \t\t\tRoad \t\t\t\t\t\t\t \t\t\n\t\t\t\t\t\t\t\t\t\t\t\t\t\t\t\t\t\t\n\t\t\t\t\t\t\t \t\t\t\t\t\t\t\t\t\t \t\t\nTemporary Container \t\t\t\t\t\t\t\t\t\t\t\t\t\t\t\t\t\t\n\t\t\t\t\t\t\t \t\t\tTemporary Container \t\t\t\t\t\t\t \t\t\nTrailer or Truck \t\t\t\t\t\t\t\t\t\t\t\t\t\t\t\t\t\t\n\t\t\t\t\t\t\t \t\t\tTrailer or Truck \t\t\t\t\t\t\t \t\t\nBingo/Raffle Application for \t\t\t\t\t\t\t\t\t\t\t\t\t\t\t\t\t\t\n\t\t\t\t\t\t\t \t\t\tApplication for \t\t\t\t\t\t\t \t\t\nApplication for \t\t\t\t\t\t\t\t\t\t\t\t\t\t\t\t\t\t\n\t\t\t\t\t\t\t \t\t\tApplication for \t\t\t\t\t\t\t \t\t\nRequest for Planning \t\t\t\t\t\t\t\t\t\t\t\t\t\t\t\t\t\t\n\t\t\t\t\t\t\t \t\t\tPlanning \t\t\t\t\t\t\t \t\t\nPlanning \t\t\t\t\t\t\t\t\t\t\t\t\t\t\t\t\t\t\n\t\t\t\t\t\t\t \t\t\tPlanning \t\t\t\t\t\t\t \t\t\nPlanning \t\t\t\t\t\t\t\t\t\t\t\t\t\t\t\t\t\t\n\t\t\t\t\t\t\t \t\t\tPlanning \t\t\t\t\t\t\t \t\t\n\t\t\t\t\t\t\t\t\t\t\t\t\t\t\t\t\t\t\n\t\t\t\t\t\t\t \t\t\t\t\t\t\t\t\t\t \t\t\n\t\t\t\t\t\t\t\t\t\t\t\t\t\t\t\t\t\t\n\t\t\t\t\t\t\t \t\t\t\t\t\t\t\t\t\t \t\t\nTownship \t\t\t\t\t\t\t\t\t\t\t\t\t\t\t\t\t\t\n\t\t\t\t\t\t\t \t\t\tTownship \t\t\t\t\t\t\t \t\t\n\t\t\t\t\t\t\t\t\t\t\t\t\t\t\t\t\t\t\n\t\t\t\t\t\t\t \t\t\t\t\t\t\t\t\t\t \t\t\nTownship \t\t\t\t\t\t\t\t\t\t\t\t\t\t\t\t\t\t\n\t\t\t\t\t\t\t \t\t\tTownship \t\t\t\t\t\t\t \t\t\nZoning \t\t\t\t\t\t\t\t\t\t\t\t\t\t\t\t\t\t\n\t\t\t\t\t\t\t \t\t\tZoning \t\t\t\t\t\t\t \t\t\nZoning \t\t\t\t\t\t\t\t\t\t\t\t\t\t\t\t\t\t\n\t\t\t\t\t\t\t \t\t\tZoning \t\t\t\t\t\t\t \t\t\nZoning \t\t\t\t\t\t\t\t\t\t\t\t\t\t\t\t\t\t\n\t\t\t\t\t\t\t \t\t\tZoning \t\t\t\t\t\t\t \t\t\nOnline Comm.": [
        "Social",
        "neutral"
    ],
    "Agenda/Ordinance/ Share \u00d7\nShare Copy and paste this code into your website.": [
        "Governance",
        "positive"
    ],
    "<a href=\"http://www.southamptonnj.org/government/clerk___administration.php\">Your Link Name</a>\nShare this page on your favorite  \t\t\t\t\t\t\t\t\n () -\n5 Retreat Road, Southampton,             \n      \n\t\t\tCopyright \u00a9  Southampton Township, New Jersey  \u00a0\u00a0\u2022\u00a0\u00a0 Powered by Revize, The Government Website Experts \u00a0\u00a0\u2022": [
        "Social",
        "positive"
    ]
}