{
    "\nPrinceton | Ivy League School in NJ, USA | Click here Click here      Games & History & Science & Animals & Geography & Arts & On One History & Lifestyles & Philosophy & Politics, Law & Science & Health & Animals & Birds, Reptiles & Bugs, Mollusks & Fossils & Geography & Geography & Arts & Entertainment & Sports & #Space Next \nGames & History & Science & Animals & Geography & Arts &                     Table                 \n                                                    \nReferences &                                             \nHave Any U.S. Presidents Decided Not to Run For a Second Term?": [
        "Social",
        "positive"
    ],
    "What State Is Washington, D.C.": [
        "Social",
        "neutral"
    ],
    "In?": [
        "None",
        "neutral"
    ],
    "Questions About Government in the United U.S. Death Toll During  Decade-Defining Events in U.S.                     \nNew Seven Wonders of Why Do Americans Celebrate the Fourth of July with Fireworks?": [
        "Social",
        "positive"
    ],
    "Why Do Some People Call Football \u201cSoccer\u201d?": [
        "Social",
        "neutral"
    ],
    "Egyptian Gods 7 of History's Most Notorious Serial Killers\u00a0\n5 Wacky Facts about the Births and Deaths of U.S. Presidential \t\n\t\t\t\t\t\t\t\nGeography & Cities & Cities & Towns P-New Jersey, \t\n    \n            \t\t\n\t\t\n\t\t\tWhile every effort has been made to follow citation style rules, there may be some discrepancies.": [
        "Social",
        "negative"
    ],
    "Please refer to the appropriate style manual or other sources if you have any questions.": [
        "None",
        "positive"
    ],
    "Select Chicago Manual \t\n            \n                    \nShare to https://www.britannica.com/place/Princeton-New-\t\n                                            \n\t\n                                            \n\t\t\t\t\t\n\t\t\t\tCorrections?": [
        "Social",
        "positive"
    ],
    "Updates?": [
        "None",
        "neutral"
    ],
    "Omissions?": [
        "None",
        "neutral"
    ],
    "Let us know if you have suggestions to improve this article (requires login).": [
        "Social",
        "positive"
    ],
    "Select a type (Required)\nSpelling/Thank you for Our editors will review what you\u2019ve submitted and determine whether to revise the article.": [
        "Social",
        "neutral"
    ],
    "Official Site of the Government of Princeton, New Jersey, Officila Tourism Site of Princeton and Mercer Region, New Jersey, Articles from Britannica Encyclopedias for elementary and high school students.": [
        "Social",
        "neutral"
    ],
    "Princeton - Student Encyclopedia (Ages  and up)\n\t\n    \n                            \n\t\t\n\t\t\tWhile every effort has been made to follow citation style rules, there may be some discrepancies.": [
        "Social",
        "neutral"
    ],
    "Select Chicago Manual \t\n    \n                    \nShare to https://www.britannica.com/place/Princeton-New-        \n\t\n                                    \n\t\t\t\t\t\n\t\t\t\tCorrections?": [
        "Social",
        "positive"
    ],
    "Princeton - Student Encyclopedia (Ages  and up)\nAlso known as: \t\t\t\n\t\t\t\tWritten and fact-\t\t\t\t\nThe Editors of Encyclopaedia Britannica's editors oversee subject areas in which they have extensive knowledge, whether from years of experience gained by working on that content or via study for an advanced degree.": [
        "Social",
        "positive"
    ],
    "They write new content and verify and edit content received from contributors.": [
        "Social",
        "neutral"
    ],
    "The Editors of \t\n\t\t\tTable \t\t\nPrinceton UniversityFirestone Library, Princeton University, Princeton, New Jersey.": [
        "Social",
        "neutral"
    ],
    "(more)Princeton,  borough (town) and township, Mercer county, western New Jersey, U.S.": [
        "None",
        "neutral"
    ],
    "It lies along the Millstone River,  miles ( km) northeast of Trenton.": [
        "None",
        "negative"
    ],
    "The borough was incorporated in ; it is surrounded by the township (incorporated ) that also includes the community of North Princeton.The site, near the plantation established () by Captain Henry Greenland, was settled in  by Quakers.": [
        "Environmental",
        "neutral"
    ],
    "First known as Stony Brook for the Long Island home of one of the settlers, it was renamed in  to honour the life of William III of England (the former prince of Orange and Nassau).": [
        "None",
        "positive"
    ],
    "Its location on the Philadelphia\u2013New York City stagecoach route and the relocation there of the College of New Jersey (now Princeton University) from Newark (after having been founded in  in Elizabeth) enhanced its development as a cultural and legislative centre.": [
        "Social",
        "neutral"
    ],
    "Nassau Hall (), the principal structure of the college, changed hands three times during the American Revolution\u2019s Battle of Princeton, and the engagement ended within its walls, with General George Washington\u2019s troops defeating a British detachment (January 3, ).": [
        "Social",
        "negative"
    ],
    "The New Jersey state legislature convened in Princeton the following summer, and the Continental Congress was assembled there from June to November .In addition to the university, other educational institutions include the Institute for Advanced Study (), where Albert Einstein spent his final years, Princeton Theological Seminary (), Westminster Choir College of Rider University (), and American Boychoir School (founded  in Columbus, Ohio; moved to Princeton in ).": [
        "Social",
        "positive"
    ],
    "The Educational Testing Service, developers of achievement tests for schools, has its headquarters in Princeton.": [
        "Social",
        "neutral"
    ],
    "More than  national and international corporations maintain research installations in the borough.": [
        "Social",
        "neutral"
    ],
    "Communication services, publishing, and pharmaceutical and chemical manufacturing are important to the economy.": [
        "None",
        "positive"
    ],
    "Morven ()\u2014home of the prominent Stockton family, headquarters for the British general Lord Cornwallis during the American Revolution, and former official residence for New Jersey governors\u2014is now a museum.": [
        "Social",
        "positive"
    ],
    "Firestone Library, on the Princeton campus, has many original manuscripts, including some by the writers William Faulkner and F. Scott Fitzgerald.": [
        "Social",
        "positive"
    ],
    "Bainbridge House (), birthplace of William Bainbridge, commander of the USS Constitution, is now the home of the Princeton Historical Society.": [
        "Social",
        "neutral"
    ],
    "The Princeton Cemetery contains the graves of statesman Aaron Burr, President Grover Cleveland, and some members of the Colonial Assembly and the Continental Congress.": [
        "Social",
        "negative"
    ],
    "Palmer Square, the midtown business district, is a noted example of urban redevelopment emphasizing colonial architecture.": [
        "Environmental",
        "neutral"
    ],
    "At nearby Rocky Hill is Rockingham State Historic Site, the house used by Washington as his headquarters when the Continental Congress convened in Princeton and where he wrote his Farewell Address to the Armies.": [
        "Social",
        "neutral"
    ],
    "Area township,  square miles ( square km).": [
        "None",
        "neutral"
    ],
    "Pop.": [
        "None",
        "neutral"
    ],
    "() borough, ,; township, ,; () borough, ,; township, ,.": [
        "None",
        "neutral"
    ],
    "This article was most recently revised and updated by Amy Tikkanen.": [
        "Social",
        "neutral"
    ]
}