{
    "\nPrinceton University | History, Location, & Notable Alumni | Click here Click here      Games & History & Science & Animals & Geography & Arts & On One History & Lifestyles & Philosophy & Politics, Law & Science & Health & Animals & Birds, Reptiles & Bugs, Mollusks & Fossils & Geography & Geography & Arts & Entertainment & Sports & #Space Next \nGames & History & Science & Animals & Geography & Arts &                     Table                 \n                                                    \nReferences & Quick Facts &                                             \nWhat is a university?": [
        "Social",
        "positive"
    ],
    "Should university student loan debt be eliminated via forgiveness or bankruptcy?": [
        "None",
        "negative"
    ],
    "Should universities pay college athletes?": [
        "Social",
        "negative"
    ],
    "Is a university education worth it?": [
        "Social",
        "positive"
    ],
    "What were Woodrow Wilson\u2019s accomplishments?": [
        "Social",
        "neutral"
    ],
    "Have Any U.S. Presidents Decided Not to Run For a Second Term?": [
        "Social",
        "neutral"
    ],
    "Timeline of World Leaders of World  Popular\u2014Or Just Plain Odd\u2014Pro and Con:                                             \nIs Body Language Universal?": [
        "Social",
        "neutral"
    ],
    "Questions About the History of Space  Memorable Quotes from U.S. Presidential 7 of History's Most Notorious Serial Killers\u00a0\nWhat\u2019s the Difference Between Whiskey and Whisky?": [
        "Environmental",
        "negative"
    ],
    "What About Scotch, Bourbon, and Rye?": [
        "None",
        "neutral"
    ],
    "New Seven Wonders of \t\n\t\t\t\t\t\t\t\nLifestyles & university, Princeton, New Jersey, \t\n    \n            \t\t\n\t\t\n\t\t\tWhile every effort has been made to follow citation style rules, there may be some discrepancies.": [
        "Social",
        "neutral"
    ],
    "Please refer to the appropriate style manual or other sources if you have any questions.": [
        "None",
        "positive"
    ],
    "Select Chicago Manual \t\n            \n                    \nShare to https://www.britannica.com/topic/Princeton-\t\n                                            \n\t\n                                            \n\t\t\t\t\t\n\t\t\t\tCorrections?": [
        "Social",
        "positive"
    ],
    "Updates?": [
        "None",
        "neutral"
    ],
    "Omissions?": [
        "None",
        "neutral"
    ],
    "Let us know if you have suggestions to improve this article (requires login).": [
        "Social",
        "positive"
    ],
    "Select a type (Required)\nSpelling/Thank you for Our editors will review what you\u2019ve submitted and determine whether to revise the article.": [
        "Social",
        "neutral"
    ],
    "United States History - Official Site of Princeton University, New Jersey, Articles from Britannica Encyclopedias for elementary and high school students.": [
        "Social",
        "positive"
    ],
    "Princeton University - Student Encyclopedia (Ages  and up)\n\t\n    \n                            \n\t\t\n\t\t\tWhile every effort has been made to follow citation style rules, there may be some discrepancies.": [
        "Social",
        "neutral"
    ],
    "Select Chicago Manual \t\n    \n                    \nShare to https://www.britannica.com/topic/Princeton-        \n\t\n                                    \n\t\t\t\t\t\n\t\t\t\tCorrections?": [
        "Social",
        "positive"
    ],
    "Princeton University - Student Encyclopedia (Ages  and up)\nAlso known as: College of \t\t\t\n\t\t\t\tWritten and fact-\t\t\t\t\nThe Editors of Encyclopaedia Britannica's editors oversee subject areas in which they have extensive knowledge, whether from years of experience gained by working on that content or via study for an advanced degree.": [
        "Social",
        "positive"
    ],
    "They write new content and verify and edit content received from contributors.": [
        "Social",
        "neutral"
    ],
    "The Editors of \t\t\t\t\tLast Updated: \nJun , \n\u2022\n\t\n\t\t\tTable \t\t\n\t\t\t\t\t\t\t\t\t\tPrinceton University \nSee Notable Alumni: \nHenry Gresham M. (Show\u00a0more)\nRelated People: \nShirley M. Christina H. (Show\u00a0more)\n\t\t\t\t\tSee all related content \u2192\n\t\t\t\t\t\t\t\t\tJune , , 5: AM ET (Jerusalem Post)\n\t\t\t\t\t\nPressure mounts on NGO to sever ties with ex-Iran official who supports \t\t\t\t\t\tJune , , : PM ET (SciTechDaily)\n\t\t\t\t\t\nMajor Fusion Milestone: Princeton Scientists Discover Game-Changer in \t\t\t\t\t\tJune , , 1: AM ET (AP)\n\t\t\t\t\t\nNew York selects Princeton, Canadian national team forward Sarah Fillier with 1st pick in Princeton University,  coeducational, privately endowed institution of higher learning at Princeton, New Jersey, U.S.": [
        "Social",
        "positive"
    ],
    "It was founded as the College of New Jersey in , making it the fourth oldest institution of higher education in the United States.": [
        "Social",
        "positive"
    ],
    "It is one of the eight Ivy League schools, widely regarded for their high academic standards, selectivity in admissions, and social prestige.Princeton UniversityAlexander Hall on the campus of Princeton University, Princeton, N.J.(more)It was in Princeton\u2019s Nassau Hall in  that General George Washington received the formal thanks of the Continental Congress for his conduct of the American Revolution.": [
        "Social",
        "positive"
    ],
    "Two U.S. presidents\u2014James Madison and Woodrow Wilson\u2014graduated from Princeton, and Wilson served as president of the university from  to .": [
        "Social",
        "neutral"
    ],
    "The school\u2019s name was changed to Princeton University in , and its graduate school was opened in .": [
        "Social",
        "neutral"
    ],
    "Novelist F. Scott Fitzgerald, who had left Princeton without a degree, did much to popularize the institution\u2019s image as a bastion of upper-class male privilege.": [
        "Social",
        "positive"
    ],
    "Since  the university has admitted women.": [
        "Social",
        "positive"
    ],
    "Enrollment is approximately 7,.": [
        "None",
        "neutral"
    ],
    "Princeton University Art MuseumExterior of the Princeton University Art Museum, Princeton, N.J.(more)In addition to a college and a graduate school, Princeton has a School of Engineering and Applied Science () and a School of Architecture ().": [
        "Social",
        "neutral"
    ],
    "The university\u2019s Woodrow Wilson School of Public and International Affairs continues a long Princeton tradition of furnishing government officials.": [
        "Social",
        "neutral"
    ],
    "The Princeton Plasma Physics Laboratory () is one of the foremost research centres on nuclear fusion, while the renowned Institute for Advanced Study (), associated with the university but independent of it, is where Albert Einstein spent the last two decades of his life.": [
        "Social",
        "positive"
    ],
    "The Princeton University Art Museum maintains an extensive collection.": [
        "Social",
        "neutral"
    ],
    "This article was most recently revised and updated by Michael Ray.": [
        "Social",
        "neutral"
    ]
}