{
    "\nThe History of South Harrison Township, Gloucester County, The History of South Harrison Township, Gloucester County, Source: History of the Counties of Gloucester, Salem, and Cumberland New Jersey, with Biographical Sketches\r\nof their Prominent Citizens\r\nBy: Cushing & Sheperd, \nTranscribed by: TOWNSHIP OF SOUTH HARRISON.": [
        "Social",
        "positive"
    ],
    "This is one of the southwest border townships in the county, and the youngest of the thirteen, having been organized\r\nin March, .": [
        "Social",
        "neutral"
    ],
    "Geographical and Topographical.-The township is bounded on the east by Clayton township, on the south by Salem\r\nCounty, on the west by Woolwich,and on the north by Harrison township, from which this township was organized.": [
        "None",
        "neutral"
    ],
    "The surface of the township is gently undulating, sufficiently so for proper drainage, while the soil produces\r\ncrops equal to that of any other locality in this\r\nor adjoining counties.": [
        "Environmental",
        "positive"
    ],
    "The township is watered by the head-waters of the south branch of Raccoon Creek, which forms a part of the north\r\nboundary line, and affluents of Oldman's\r\nCreek, which forms the south boundary line of the township.": [
        "None",
        "neutral"
    ],
    "For early settlers, see Harrison township.": [
        "Social",
        "neutral"
    ],
    "Civil Organization.-Chapter XLVII.": [
        "Governance",
        "neutral"
    ],
    "of the Laws of New Jersey reads as follows:\r\n\"An Act to set off from the township of Harrison, in the county of Gloucester, a new township, to be called\r\nSouth Harrison.\n\r\n\"": [
        "None",
        "neutral"
    ],
    "1.": [
        "None",
        "neutral"
    ],
    "Be it enacted by the Senate and General Assembly of the State of New\r\nJersey, That all that portion of the township of Harrison, in the county of Gloucester, lying and being within\r\nthe following boundaries, to wit: Beginning at a station in the middle of the public road, leading from Mullica\r\nHill to Swedesboro, via Thomas Mounce's residence, where the Woolwich township line intersects said road; thence\r\nrunning a direct line to the centre of the bridge over the south branch of Raccoon Creek, in the commissioners'\r\nroad; thence in a direct line to the bridge over the north branch of said creek, in the road leading from Harrisonville\r\nto Five Points; thence up the said north branch, its several courses, to where it intersects the Glassboro township\r\nline; thence along said line to the Clayton township line; thence along the Clayton township line to the boundary\r\nline between Salem and Gloucester counties; thence along said boundary line until it intersects the Woolwich township\r\nline; thence along the Woolwich township line to the place of beginning, shall be, and hereby is, set off from\r\nthe township of Harrison, in the county of Gloucester, and made a separate township, to be known by the name of\r\nthe township of South Harrison.": [
        "Social",
        "negative"
    ],
    "\"2.": [
        "None",
        "neutral"
    ],
    "And be it enacted, That the inhabitants of the township of South Harrison shall be, and are hereby, constituted\r\na body politic and corporate, in law, by the name of 'The Inhabitants of the Township of South Harrison, in the\r\nCounty of Gloucester,' and shall be entitled to all the rights, powers, authority, privileges, and advantages;\r\nand shall be subject to all regulations, government, and liabilities that other townships are now entitled to,\r\nor subject, by the existing laws of this State.": [
        "None",
        "positive"
    ],
    "\"3.": [
        "None",
        "neutral"
    ],
    "And be it enacted, That the inhabitants of the township of South Harrison, aforesaid, shall hold their\r\nfirst annual town meeting in the hall at Harrisonville, in said township, at the time now fixed by law for holding\r\ntown meetings in the several townships of this State.\n\r\n\"": [
        "Social",
        "neutral"
    ],
    "4.": [
        "None",
        "neutral"
    ],
    "And be it enacted, That the township committees of each of the townships of Harrison and South Harrison\r\nshall meet at such place in the village of Mullica Hill, in the township of Harrison, as a majority of said committees\r\nshall designate, on the first Monday in April next, at ten o'clock A.M., and shall then and there, or as soon thereafter\r\nas may be, proceed to allot and divide between the said townships the assets, liabilities, and real estate of the\r\nold township of Harrison, in proportion to the taxable property and ratables, as taxed by the assessor at the last\r\nassessment; and to ascertain the just proportion of debts to be paid by the inhabitants of each of said townships;\r\nand that if any of the committee, on the part of either of said townships, shall neglect or refuse to meet as aforesaid,\r\nthose assembled may proceed to make said division and to ascertain the said proportion of debt, and the decision\r\nof the majority of those present shall be final and conclusive ; provided, that it shall and may be lawful to adjourn\r\nthe said meeting to such time and place as a majority of those assembled as aforesaid may think proper.": [
        "None",
        "negative"
    ],
    "\"5.": [
        "None",
        "neutral"
    ],
    "And be it enacted, That nothing in this act contained shall be construed so as to interfere with or impair\r\nthe commission of the justices of the peace, or commissioners of deeds, until they shall expire by their own limitations;\r\nor so as to impair the rights of the said township of South Harrison, in and to its just and legal proportion of\r\nthe surplus revenue of the general government, and the interest thereof.\n\r\n\"": [
        "None",
        "positive"
    ],
    "6.": [
        "None",
        "neutral"
    ],
    "And be it enacted, That the said township of South Harrison shall form a part of the assembly district\r\nof the county of Gloucester.\n\r\n\"": [
        "None",
        "neutral"
    ],
    "7.": [
        "None",
        "neutral"
    ],
    "And be it enacted, That this act shall take effect immediately.\"": [
        "None",
        "neutral"
    ],
    "Approved March 2, .": [
        "None",
        "positive"
    ],
    "The following is a complete list of the first township officers and appropriations ordered:\r\nTown Clerk, Alfred W. Madara; Assessor, Thomas Borton; Collector, Jon.": [
        "Social",
        "neutral"
    ],
    "Wriggins; Chosen Freeholders, Charles String.": [
        "Social",
        "neutral"
    ],
    "Stacy W. Hazleton; Township Committee, Asa Eogle, George Horner, Samuel Moors; Surveyors of Highways, Alfred French,\r\nNathan Wilkinson; Overseers of Roads, Samuel S. Madara,Charles Stearns, Robert Crawford; Commissioners of Appeal,\r\nWm.": [
        "Social",
        "neutral"
    ],
    "S. Mattson, Chas.": [
        "None",
        "neutral"
    ],
    "Steward, Joseph Horner; Judge of Election, Amos T. Eastlack; Inspectors of Election, Peter\r\nK.Eldridge, Henry Moncrief; Justice of the Peace, John W. Bates; Constable (for three years), Samuel R. Devault;\r\nOverseer of Poor, Samuel R. Devault; Pound-Keepers, Jos.": [
        "Social",
        "positive"
    ],
    "C. Horner, Patrick Connelly, John B. Porch.": [
        "None",
        "neutral"
    ],
    "Appropriations\r\nfor roads, $ ; for poor, $ ; for incidentals,$.": [
        "Social",
        "negative"
    ],
    "[Pages -]\n\r\nHarrisonville.": [
        "None",
        "neutral"
    ],
    "- This village is located on the southwest border of the township, about four miles from Mullica\r\nHill, and named in honor of General William H. Harrison, the hero of Tippecanoe.": [
        "None",
        "positive"
    ],
    "The place was formerly called\r\nColetown, and in  assumed the present name, by which it is known at the post-office department.": [
        "None",
        "neutral"
    ],
    "In  there were only nine dwellings within the present limits of the village.": [
        "Environmental",
        "neutral"
    ],
    "These were the houses of Martha\r\nCole, Samuel Cole, John Howey, William Mounce, Thomas Cole, Susan Pimm, John Fogg, Nathan Gannt, and Israel Kirby.": [
        "None",
        "neutral"
    ],
    "Andrew Knisel, John Davis, John Howey, Isaac Ridgeway, Joseph Cheadle, and George Horner were other old settlers\r\nnear here.": [
        "Social",
        "neutral"
    ],
    "The grist- and saw-mills were built in  by Thomas Cole, and now owned by Parker D. Lippincott.": [
        "None",
        "neutral"
    ],
    "The pioneer\r\nstore of the town was kept by John Fogg, and the second store, at what is now Harrisonville, was opened for business.": [
        "None",
        "neutral"
    ],
    "In , by James Saunders, in the building occupied by Halderman & Hazelton.": [
        "None",
        "neutral"
    ],
    "Isaac Lock also had a store on\r\nthe corner now occupied by Riggin.": [
        "Environmental",
        "neutral"
    ],
    "Lock commenced here, and at different times.": [
        "None",
        "neutral"
    ],
    "The store of Lydia Lippincott,\r\nnow Lydia Haines, was converted into a dwelling, and is now occupied by Dr. Stanger.": [
        "Social",
        "neutral"
    ],
    "The pioneer wheelwright of\r\nHarrisonville was Nathan Gannt, who was succeeded by Ann Cole.": [
        "Social",
        "positive"
    ],
    "The business is now carried on at the same place\r\nby William Ladow, who is also engaged in the general blacksmithing business.": [
        "None",
        "positive"
    ],
    "The pioneer blacksmith at this place was the late Samuel Pimm, who has been succeeded at the old place by William\r\nand Samuel Pimm.": [
        "Social",
        "positive"
    ],
    "The pioneer harness-maker in this town was Amos M. Jones; and the present one is Andrew Knisel.": [
        "None",
        "neutral"
    ],
    "__ Mounce was the early shoemaker; but since  or  Lewis Amy has attended to the pedal appendages of his\r\nneighbors.": [
        "Social",
        "neutral"
    ],
    "The first resident physician at this place was Dr. Miller, now of Paulsboro.": [
        "Social",
        "neutral"
    ],
    "Samuel Stanger is the present\r\nphysician.": [
        "Social",
        "neutral"
    ],
    "The old Cole property in the village is now owned by William Matson, who came here in , and for several years\r\nwas engaged as a dealer in live-stock and in the butchering business, and now engaged in farming.": [
        "Social",
        "positive"
    ],
    "There are at present in Harrisonville two general stores, Halderman & Hazelton and Biggins Brothers; three\r\nwheelwright- and blacksmith-shops, William Ladow, Amos Eastlack, and the Pimm brothers; Methodist Episcopal Church,\r\nand school-house.": [
        "None",
        "neutral"
    ],
    "Fairview is a small hamlet in the south part of the township, where there is a Methodist Episcopal Church, school-house,\r\ncemetery, and half a dozen dwellings.": [
        "Social",
        "neutral"
    ],
    "The land-owners at this place are James Lafferty, Jacob Armstrong, Joseph\r\nAbbott, Aaron Simpkins, William McGown, William Lafferty, Charles Shugard, Joel Chord, John Osrus, Mary Bates,\r\nWade Mulford, ___ Nelson, and one or two others.": [
        "None",
        "neutral"
    ],
    "The new school-house at this place was built in  or , and John V. Becket was the first teacher in this\r\nschool building, and taught here for four or five years.": [
        "Social",
        "neutral"
    ],
    "James Lafferty had a store here from  to .": [
        "None",
        "neutral"
    ],
    "Lincoln - This is a small hamlet in the southeast part of the township, formerly known as Stringtown.": [
        "None",
        "neutral"
    ],
    "Here is a\r\ngrist- and saw-mill and a few houses.": [
        "Environmental",
        "neutral"
    ],
    "Just when or by whom the mills were built is a mystery, yet in  the grist-mill\r\nproperty was purchased by James Jessup, father of the now venerable Joseph Jessup, of this township.": [
        "Environmental",
        "neutral"
    ],
    "In , Joseph\r\nJessup purchased the saw-mill property and rebuilt the mill, which he still owns.": [
        "None",
        "neutral"
    ],
    "Having subsequently come in possession\r\nof the grist-mill, he sold it, in , or , to Paul Avis, the present owner.": [
        "None",
        "neutral"
    ],
    "Mr. Avis has improved the mill\r\nby the addition of more runs of stone (four French barns), and increased its capacity for business to five hundred\r\nbushels of grain per day, until it is now a first-class mill, manufacturing the highest grade of flour.": [
        "Environmental",
        "positive"
    ],
    "In the pioneer days of Stringtown there was considerable business done at this place, but at present there is only\r\nthe grist-mill, saw-mill, and a blacksmith-shop, with Bartley Stiles as blacksmith.": [
        "Environmental",
        "neutral"
    ],
    "Saint John's Methodist Episcopal Church.": [
        "Social",
        "neutral"
    ],
    "- This society is located at Harrisonville, and is an outgrowth of old\r\nBethel Church, near Hurffville, and was organized into a separate society in , with Samuel Cole as the pioneer\r\nleader.": [
        "Social",
        "neutral"
    ],
    "Mr. Cole at this time lived where William S. Matson now lives, in the village of Harrisonville.": [
        "Social",
        "neutral"
    ],
    "He was\r\none of those old-fashioned Methodists, ever ready to sacrifice time and money for the good of the cause.": [
        "Social",
        "positive"
    ],
    "He did\r\nnot keep a tavern by any means, but kept what in some sections was known as a \"Methodist tavern,\" where\r\nMethodist preachers were always welcome, and not only preachers, but all who wore the old-fashioned imprint of\r\nMethodism, -- a straight coat with rolling collar and broad-brim hat.": [
        "Social",
        "positive"
    ],
    "Abraham Gearhart was the preacher in charge\r\nat the organization of this society, and Edmund Layton was another leader.": [
        "Social",
        "neutral"
    ],
    "Soon after the class or classes were formed the building of a house of worship seemed to be the next thing necessary\r\nto be done, and in  the present church edifice, located in the village of Harrisonville, was built, at a cost\r\nof two thousand four hundred dollars.": [
        "Social",
        "positive"
    ],
    "Rev.": [
        "None",
        "neutral"
    ],
    "John K. Shaw, then presiding elder on this district, preached the dedicatory\r\nsermon.": [
        "Social",
        "neutral"
    ],
    "The building committee were Israel Kirby, John Davis, and Samuel H. Weatherby, who were also elected first\r\ntrustees.": [
        "Social",
        "positive"
    ],
    "In  the present parsonage was built.": [
        "None",
        "neutral"
    ],
    "This is a modern frame building, standing on the lot adjoining the church.": [
        "Environmental",
        "neutral"
    ],
    "Among the preachers who have served this people since the days of Gearhart we are enabled - through the kindness\r\nof Mrs. William Matson, to whom we are indebted for all these items - to present the following list: Revs.": [
        "Social",
        "positive"
    ],
    "James\r\nLong, Caleb Fleming, James Bryan, Joseph Ashbrook, John T. Fort, David Duffield, Isaac Hugg, Samuel Parker, William\r\nStockton, Joseph Somerell, Edwin Waters, John Warthman, Matthias Shimp, Daniel Harris, and William Abbott, the\r\npresent preacher in charge.": [
        "None",
        "neutral"
    ],
    "The present stewards () are Samuel Pimm, Michael Swagart, Thomas Turner, William Pimm, Lippincott Casady, Christopher\r\nHarbison; Trustees, William Matson, Amos Eastlack, Joseph Dare, Clarkson Lippincott; Sunday-school Superintendent,\r\nSamuel Pimm, with nineteen teachers and an average attendance of eighty-five scholars.": [
        "Social",
        "positive"
    ],
    "Value of church property,\r\nfive thousand dollars.": [
        "None",
        "positive"
    ],
    "Membership in  was one hundred and eighty-two.": [
        "None",
        "neutral"
    ],
    "Fairview Methodist Episcopal Church.": [
        "None",
        "neutral"
    ],
    "- This church is located in the hamlet of Fairview, southeast part of the\r\ntownship.": [
        "None",
        "neutral"
    ],
    "Previous to  or  the meetings were held in private houses, barns, or grove, upon the old Fairview\r\ncamp-ground.": [
        "Social",
        "neutral"
    ],
    "During one of those years, under the pastorate of Rev.": [
        "None",
        "neutral"
    ],
    "Mr. Edwards, the present church building was\r\nerected, for the double purpose of church and school, and was jointly occupied till , when the new school-house\r\nwas built, since which time the Methodists have continued to worship in the old building.": [
        "Social",
        "positive"
    ],
    "As near as can be ascertained, the pioneer class-leader at this point was Samuel Bates, with the following named\r\npersons forming the larger portion of his class: Maschal Bates and wife, Thomas Lacy and wife, Sarah Moore, Hannah\r\nLafferty, Stacy Casady and wife, John Heaton and wife, Wade B. Mulford and wife, Joseph Nelson and wife, James\r\nNelson and wife, Jacob Schatt and wife, Hannah Becket, and Charlotte Molies.": [
        "Social",
        "neutral"
    ],
    "The first trustees of the church property were Wade B. Mulford, John Heaton, and Maschal Bates.": [
        "None",
        "positive"
    ],
    "The following are among the preachers who have served this church and congregation, and is probably nearly a correct\r\nlist: Revs.": [
        "Social",
        "neutral"
    ],
    "Noah Edwards, the first preacher in charge, Joseph Atwood, ___ Gearhart, Samuel Hugg, ___ McDougal,\r\nJoseph Ashbrook, Joseph Pierson, William Stockton, Matthias Shimp, Levi Herr, __ Waters, Jno.": [
        "None",
        "neutral"
    ],
    "Warthman, D. B. Harris,\r\nand William Abbott, the present preacher of this circuit.": [
        "Social",
        "neutral"
    ],
    "The trustees of the church for  were Jacob Armstrong, Abram Morgan, John C. Nelson, Edward P. Roske, and James\r\nNelson.": [
        "None",
        "positive"
    ],
    "The present steward is James Nelson; local preacher, Rev.": [
        "Social",
        "neutral"
    ],
    "John V. Becket; membership, forty; value of church\r\nproperty, five hundred dollars.": [
        "None",
        "positive"
    ],
    "The Sunday-school connected with this church is under the supervision of John C.\r\nNelson, with an average attendance of forty pupils.": [
        "Social",
        "neutral"
    ],
    "CHAPTER XLVIIL.": [
        "None",
        "neutral"
    ],
    "TOWNSHIP OF WASHINGTON.": [
        "None",
        "neutral"
    ],
    "(1)\n\r\nGeographical and Descriptive.": [
        "None",
        "neutral"
    ],
    "- The territory now comprising the township of Washington was taken from Deptford\r\nin , and named in honor of \"the father of his country.\"": [
        "Social",
        "positive"
    ],
    "In the formation of Camden County, in ,\r\nit was set off to that county, and remained a portion of the same until reannexed by act of the Legislature, approved\r\nFeb. , .": [
        "None",
        "positive"
    ],
    "In order to more fully define the act we quote the first section: \n\r\n\"Be it enacted, etc., That all that part of the country of Camden, comprising the township of Washington and\r\nMonroe (Except that part of the township of Washington included within the boundaries of Camden County al?": [
        "None",
        "neutral"
    ],
    "House\r\nfarm, which is to remain a part of mid county of Camden, and be annexed and made a part of the township of Gloucester,\r\nin mid county), shall be, and the name is hereby, annexed and made a part of the county of Gloucester, and shall\r\nbe subject to all the laws applying to the mid county of Gloucester; and the residue of the said township of Washington\r\nshall hereafter be known as the inhabitants of the township of Washington, in Gloucester County; and the said township\r\nof Monroe shall hereafter be known as the inhabitants of the township of Monroe, in the county of Gloucester; and\r\nthe division line between the townships of Washington and Monroe, on the one hand, and the townships of Gloucester\r\nand Winslow, on the other hand, as said townships are hereby constituted, shall be hereafter the boundary lines\r\nbetween the counties of Camden and Gloucester.\"": [
        "None",
        "positive"
    ],
    "(1) By W. H. Shaw.": [
        "None",
        "neutral"
    ],
    "1 by W. H. Back to New Jersey": [
        "None",
        "neutral"
    ]
}