{
    "South Harrison Township - Public WorksSearch this siteSkip to main contentSkip to navigationSouth Harrison TownshipHomeUpcoming Events & Important AnnouncementsTownship CodeTownship CommitteeMunicipal DepartmentsAdministration and FinanceConstruction / Code Enforcement OfficePolice DepartmentPublic WorksTax Assessment & Tax CollectionTownship ClerkVital StatisticsBoards & CommissionsPlanning and Zoning BoardEnvironmental CommissionEmergency ManagementRecreation CommissionCouncil on Affordable Housing (COAH)FormsDocumentsTownship CommitteePlanning and ZoningRecreation CommissionMunicipal BudgetAudit ReportsCommunity OrganizationsLinksRFPs/Job OpeningsDirectionsSouth Harrison TownshipPublic WorksPublic Works Supervisor:\u00a0Jim Farro, CPWM() - x7807\u00a0\u00a0The South Harrison Township Public Works Department is responsible for performing a multitude of tasks for the South Harrison Township Community.": [
        "Social",
        "positive"
    ],
    "These tasks include but are not limited to:\u00a0Road MaintenanceFilling pot holes on Township RoadsSalting and Plowing Township Roads\u00a0Tree & Grass Maintenance\u00a0Storm Water Management\u00a0Vehicle Repair & Maintenance\u00a0Performing repairs & Maintenance to Township Vehicles\u00a0Park & Facility Maintenance\u00a0Mowing & Landscaping\u00a0Brush & Metal Collection\u00a0Trash CollectionTrash and Recycling are collected every Wednesday.": [
        "Environmental",
        "positive"
    ],
    "Cans shall be placed at least 4 feet apart and facing forward.": [
        "Environmental",
        "neutral"
    ],
    "They must be clear of all stationary objects (trees, mailboxes, etc.).": [
        "Environmental",
        "positive"
    ],
    "The lid must be closed.": [
        "None",
        "neutral"
    ],
    "ALL Trash/Recyclables must be INSIDE the cart.": [
        "Environmental",
        "neutral"
    ],
    "Nothing outside the cart will be collected.": [
        "None",
        "neutral"
    ],
    "Trash will be collected exclusively from carts marked with the South Harrison Township Seal.": [
        "Environmental",
        "neutral"
    ],
    "Unmarked carts will not be collected.": [
        "None",
        "neutral"
    ],
    "Residents may obtain one (1) additional trash or recycling cart per household.": [
        "Environmental",
        "neutral"
    ],
    "There is an annual fee of $.": [
        "None",
        "neutral"
    ],
    "to have an additional cart.": [
        "None",
        "neutral"
    ],
    "Please see the Extra Trash Container Agreement below for more information.": [
        "None",
        "positive"
    ],
    "The signed agreement and payment in the amount of $.": [
        "None",
        "positive"
    ],
    "(cash or check only) must be submitted to the Municipal Clerk\u2019s Office.": [
        "None",
        "neutral"
    ],
    "To be added to the list for Bulk Trash Collection and White Goods/Metal Collection, please call: () - x7807\u00a0Bulk Trash is collected on the second Tuesday of the month, every month.": [
        "Environmental",
        "positive"
    ],
    "Metal and Appliances are collected on the third Monday of the month, every month.": [
        "Environmental",
        "neutral"
    ],
    "For more information regarding trash collection, please see the links below:\u00a0Trash Collection Information\u00a0Bulk Trash Flyer\u00a0Trash Collection Calendar \u00a0White Goods Flyer\u00a0Extra Trash Container Agreement\u00a0 Residential Brush CollectionBrush collection will be on the third week of every month starting in April and through October, conditions permitting.Please call the Clerk's Office () - x7802\u00a0 no later than noon the Thursday prior to the pickup week to be placed on the list.": [
        "None",
        "positive"
    ],
    "Addresses not on the list will not be picked up.": [
        "None",
        "neutral"
    ],
    "(Township offices are closed on Fridays)NO vegetative waste, vines, briars or bushes.NO POISON IVYSize of (1) brush pile may not be more than\u00a0 4' high x ' wide.Limbs shall not be more than 4\" in diameter or more than 5' long.BRUSH PILE WILL NOT BE PICKED UP IF IT DOES NOT CONFORM WITH THE SIZE MENTIONED ABOVE.Only one brush pile should be placed curbside to enable Public Works employees the ability to work quickly and safely.": [
        "Environmental",
        "negative"
    ],
    "[Click HERE for  Brush Flyer]Pothole & Road Hazard ReportingTo Report a Pothole on a South Harrison Township Road, please click the following link:\u00a0[link to fillable form]To report an issue on a county road, please call Gloucester County at () -6400To Report an issue on a state road, please call --4653To report a dead animal on a Township or county road, please call Gloucester County Highway Department at () -6400To report a dead animal on a state road please call --6213To report a street light outage, downed wire, or tree limb on a power wire, please call Atlantic City Electric at --7476Keeping Our Roads Clean & SafeThe Township would like to remind the residents to keep the streets and roads clean in our community.": [
        "Social",
        "positive"
    ],
    "Walking, jogging and biking are healthy activities that become unsafe and unpleasant when our roads are littered with trash and debris.To report unsafe road conditions, contact the Public Works Department - - x7807 and to report illegal dumping, contact the Police Department.Tire AmnestyThe Gloucester County Improvement Authority has designate the month of March as Tire Amnesty month.": [
        "Social",
        "negative"
    ],
    "The amnesty is limited to residential properties, businesses are not included.": [
        "None",
        "negative"
    ],
    "All residents are able to dispose a maximum of  tires.What is Stormwater Pollution?Water from rain and melting snow that flows over lawns, parking lots and streets is known as stormwater runoff.This water, which travels along gutters, into catch basins, through storm drain pipes, ditches, and then flows or is discharged into local waterbodies.": [
        "Environmental",
        "neutral"
    ],
    "Along the way, the stormwater picks up trash (fast-food wrappers, cigarette butts, styrofoam cups, etc.": [
        "Environmental",
        "neutral"
    ],
    "), toxins and other pollutants (gas, motor oil, antifreeze, fertilizers, pesticides and pet droppings).": [
        "Environmental",
        "neutral"
    ],
    "This polluted stormwater can kill fish, wildlife, and wildlife habitat, contaminate drinking water sources and force the closing of beaches and parks./p>Human activity is largely responsible for the stormwater pollution.": [
        "Environmental",
        "negative"
    ],
    "Everything that we put on the ground or into the storm drain can end up in our water.": [
        "Environmental",
        "neutral"
    ],
    "Each of us has a responsibility to make sure these contaminants stay out of our water.": [
        "Environmental",
        "positive"
    ],
    "Whether we have clean water is up to you.For more information please visit the NJ DEP website: http://www.nj.gov/dep/stormwaterSouth Harrison Township664 Harrisonville RoadMullica Hill, NJ 08062Monday, Tuesday, Thursday: 8:00am - 5:00pmWednesday: 8:00am - 7:00pmPhone: --3737Google SitesReport abusePage detailsPage updated Google SitesReport abuse": [
        "Environmental",
        "neutral"
    ]
}