{
    "\nSouth Harrison Township / Skip to Search \"\r\nNews & COVID- & South Harrison Safe Return Multipurpose About Board \"\r\nCurriculum & \"\r\nDistrict Parent-Community Events/Use \"\r\nAlexander - Beegal - Brown - 3rd Caltabiano -  2nd Damminger - Deitz - 4th-6th Devecchio - 1st Eschenbach - 3rd Fretz - George - Special Guht - 5th Grade Math/LaMalfa - 6th Grade Math/ Social LaPalomento - 2nd Longenbach - Art & McCart - Special Narcisi - Physical Pessa - Special Rohe - 3rd Shapley - 1st Sinor - Special Sobeck - Special Tranz - 4th Grade Math/Social Parent/\"\r\nCovid- Student Fall - PowerSchool Parent Portal / - School Before/After Harrassment, Intimidation, Student Code Parent/Student/Parent Information & Title 1 - \"\r\nHome of Scroll down to see more!Welcome to South Harrison Twp.": [
        "Social",
        "positive"
    ],
    "School's website!": [
        "Social",
        "neutral"
    ],
    "The school is located in Gloucester County, in southern New Jersey.": [
        "None",
        "neutral"
    ],
    "It is a PreK-Grade 6 school/district.": [
        "Social",
        "neutral"
    ],
    "South Harrison Twp.": [
        "None",
        "neutral"
    ],
    "Elementary School is proud to have been chosen by the New Jersey Department of Education to participate in the Interdistrict Public School Choice Program.Phone Number: --0855Fax Number: --\n\u00a0\nRegistration for Preschool and Kindergarten students is NOW OPEN!": [
        "Social",
        "positive"
    ],
    "Please choose the - School Year when registering!": [
        "Social",
        "positive"
    ],
    "Please click the link above to find out more about registering at South Harrison Elementary School!": [
        "Social",
        "positive"
    ],
    "Click the image above to find out more about South Harrison's State Aid.": [
        "Social",
        "neutral"
    ],
    "Accelerated Reader (Renaissance Place)\nAlma Destiny Harrassment, Intimidation & Mercury Testing & School Choice \nTEACHER OF \u00a0\nCongratulations to Mrs. George for being voted the  Teacher of the Year!": [
        "Social",
        "positive"
    ],
    "Comments (-1)\nNew Physical Education/Health CurriculumClick here to view our new Physical Education/Health Curriculum.": [
        "Social",
        "neutral"
    ],
    "Comments (-1)\nSuperintendent WelcomeClick here to view Mr. Steve Price's letter to our Roadrunner families!": [
        "Social",
        "neutral"
    ],
    "Comments (-1)\nGloucester County LibraryClick here to view the Student Card Application for the Gloucester County Library!": [
        "Social",
        "neutral"
    ],
    "Comments (-1)\nAugust , \n7: PM - 8: School September , \n7: PM - 8: School October , \n7: PM - : School November , \n7: PM - 8: School December , \n7: PM - 8: School January 6, \n7: PM - 8: School Board HIB INFORMATION:\nAnti-Dr. Elizabeth Winterburn856-- Ext.": [
        "Social",
        "neutral"
    ],
    "Anti-Ms. Linda Alexander856--, Ext.": [
        "Social",
        "neutral"
    ],
    "Educational Stability/Homeless Liaison:\nMs. Laura FLynn856--, EXT.": [
        "Social",
        "neutral"
    ],
    "Enable Javascript in your browser to view this content.": [
        "None",
        "neutral"
    ],
    "South  Mullica Hill Road, PO Box \n |  Harrisonville, NJ 08039  |  Phone- -- \nQuestions or Feedback?Privacy PolicyTerms Copyright \u00a9  -  Schoolwires, Inc. / All rights reserved.": [
        "None",
        "negative"
    ],
    "Questions or Feedback?": [
        "None",
        "neutral"
    ],
    "| \nWeb Community Manager Privacy Policy (Updated) | \nCopyright \u00a9  Finalsite - all rights reserved.": [
        "Governance",
        "neutral"
    ]
}