{
    "\nSchool Choice / Skip to Search \"\r\nNews & COVID- & South Harrison Safe Return Multipurpose About Board \"\r\nCurriculum & \"\r\nDistrict Parent-Community Events/Use \"\r\nAlexander - Beegal - Brown - 3rd Caltabiano -  2nd Damminger - Deitz - 4th-6th Devecchio - 1st Eschenbach - 3rd Fretz - George - Special Guht - 5th Grade Math/LaMalfa - 6th Grade Math/ Social LaPalomento - 2nd Longenbach - Art & McCart - Special Narcisi - Physical Pessa - Special Rohe - 3rd Shapley - 1st Sinor - Special Sobeck - Special Tranz - 4th Grade Math/Social Parent/\"\r\nCovid- Student Fall - PowerSchool Parent Portal / - School Before/After Harrassment, Intimidation, Student Code Parent/Student/Parent Information & Title 1 - \"\r\nHome of \r\nSchool   -   -  Choice Intent Request for Transportation Payment-South Harrison South South Harrison Twp.": [
        "Social",
        "positive"
    ],
    "Elementary School is proud to have been chosen by the New Jersey Department of Education to participate in the inter-district Public School Choice Program.What is the School Choice Program?The School Choice Program is a program designed to increase educational opportunities for students living in New Jersey.": [
        "Social",
        "positive"
    ],
    "It provides students with the chance to attend a public school outside their district of residence without extra cost to the parents.": [
        "Social",
        "positive"
    ],
    "School districts must apply to become choice districts and be approved by the Department of Education.Guidelines for Child must have attended their resident public school for a full year before participating in the choice program.": [
        "Social",
        "positive"
    ],
    "Resident school district superintendent must provide a written letter to the parent allowing the child to apply as a choice student at South Harrison Township School.": [
        "Social",
        "neutral"
    ],
    "Forms are available from South Harrison Twp.": [
        "None",
        "neutral"
    ],
    "School.": [
        "Social",
        "neutral"
    ],
    "Applicants are reminded that if a child participates in the school choice program that school choice ends with the terminal grade.": [
        "Social",
        "neutral"
    ],
    "In South Harrison's case that means a child who completes his/her 6th grade year will not move on to the Kingsway Regional Middle School because Kingsway Regional is not a \"Choice School\".": [
        "Social",
        "neutral"
    ],
    "It will be incumbent upon the applicant to pursue his/her options with respect to enrollment in 7th grade.": [
        "Social",
        "positive"
    ],
    "South Harrison Townships.": [
        "None",
        "neutral"
    ],
    "School's Choice Parent Information Center: Please Call Elizabeth Wright at -- extension\u00a01191Email any questions to Steven Price at \u00a0For additional information on New Jersey's School Choice Program visit the Department of Education's website\u00a0by clicking here.": [
        "Social",
        "positive"
    ],
    "South  Mullica Hill Road, PO Box \n |  Harrisonville, NJ 08039  |  Phone- -- \nQuestions or Feedback?Privacy PolicyTerms Copyright \u00a9  -  Schoolwires, Inc. / All rights reserved.": [
        "None",
        "negative"
    ],
    "Questions or Feedback?": [
        "None",
        "neutral"
    ],
    "| \nWeb Community Manager Privacy Policy (Updated) | \nCopyright \u00a9  Finalsite - all rights reserved.": [
        "Governance",
        "neutral"
    ]
}