{
    "\nPetition \u00b7 No Warehouse in South Harrison - United States \u00b7 Change.Skip to main contentStart a petitionMy petitionsBrowseMembershipPetition detailsCommentsNo Warehouse in South HarrisonNo Warehouse in South HarrisonStartedNovember , 2023Petition toWarehouse in South Harrison Vote noSignatures: 1,275Next Goal: 1,,,500SignaturesNext GoalSupport nowSign this petitionWhy this petition mattersStarted by\u00a0No SH Warehouse****Please SHARE the Petition and DONATE to the GoFUNDme ******(all money on this site goes to change.org not the direct cause)\u00a0\nDonate to the legal fight at:https://gofund.me/7f54acb1Warehouses are taking over our communities.": [
        "None",
        "positive"
    ],
    "We must stand together and save our communities and environment.": [
        "Environmental",
        "positive"
    ],
    "As of now, a proposed 1.4 million square foot warehouse located on Vestry road in South Harrison, directly adjacent to residential homes.": [
        "None",
        "neutral"
    ],
    "Zoned agricultural/rural.": [
        "Social",
        "neutral"
    ],
    "NOT industrial.": [
        "None",
        "neutral"
    ],
    "This Needs to be stopped.": [
        "Social",
        "negative"
    ],
    "This will bring thousands of  wheeler tractor-trailer trucks to our rural and residential roads, increase significant environmental, health and traffic threats.": [
        "Environmental",
        "positive"
    ],
    "This project's adverse side effects include, but are not limited to, increased noise pollution, increased air pollution(significantly affecting children lung development), increased VOC emissions, increased light pollution, road-damaging truck traffic, destruction of habitat for sensitive species, and much more.": [
        "Environmental",
        "negative"
    ],
    "Join us now.": [
        "None",
        "positive"
    ],
    "Spread the word.": [
        "None",
        "neutral"
    ],
    "Donate to the legal fight at:\u00a0https://gofund.me/Link to Facebook Page:\nhttps://facebook.com/groups/nowarehouse/\n*******Please SHARE the Petition and DONATE to the GoFUNDme *********\nPUBLIC NOTICE PLEASE TAKE NOTICE that upon the application of Lineage Logistics Services, LLC (the \"Applicant\"), the Planning/Zoning Board of South Harrison Township (the \"Board\") shall conduct a public hearing on Wednesday, November , , commencing at 6: P.M., at the South Harrison Township Municipal Building,  Harrisonville Road, Mullica Hill, New Jersey 08062, to consider an Application for \"d-6\" Height Variance Approval and Bulk Variance Approval, to allow for the use and future development of a cold storage build-to-suit facility (the \"Cold Storage Facility\") on land approximately  +/- acres in size, located along Vestry Road, and more particularly identified as Block , Lot  on the Official Tax Maps of the Township of South Harrison (the \"Property\").": [
        "Social",
        "positive"
    ],
    "The Property is located within the Agricultural/Residential \"A-R\" Zoning District.": [
        "None",
        "neutral"
    ],
    "By way of brief background, on November ,  and memorialized in Resolution R-, the Planning/Zoning Board of the Township of South Harrison (the \"Board\") previously granted Use Variance Approval in order to permit the use of an existing cold storage and warehouse facility on a 7+/- acre portion of the Property.": [
        "None",
        "positive"
    ],
    "Subsequently, on September , , and as memorialized in Resolution No.": [
        "None",
        "negative"
    ],
    ": -, the Board granted Use Variance Approval, Minor Subdivision Approval, and Bulk Variance Approval, in order to subdivide a +/- acre lot containing the cold storage warehouse facility (Block , Lot 1) from the overall .8+/- acre overall tract.": [
        "None",
        "positive"
    ],
    "Use Variance Approval was required in order to permit the additional 3 acres of the proposed  acre parcel to be used for cold storage/warehouse operations.": [
        "None",
        "positive"
    ],
    "In addition, the Board previously granted Use Variance Approval to allow cold storage/warehouse facilities on the remaining .6+/- acre lot (now known as Block , Lots , and approximately +/- acres in size).": [
        "Environmental",
        "positive"
    ],
    "At this time, the Applicant is requesting \"d-6\" Height Variance Approval to allow the future Cold Storage Facility to have a building height of +/- feet, when the maximum height permitted by Ordinance in the A-R Zone is 2.5 stories, or  feet.": [
        "Environmental",
        "positive"
    ],
    "In addition, the Applicant is also requesting, if necessary, the following \"c\" or Bulk Variances: (1) to permit a building coverage of .9% where % is the maximum building coverage permitted by Ordinance; (2) to allow  parking spaces; (3) to permit parking spaces that are nine by eighteen feet in size; and (4) to permit one (1) freestanding monument sign and (1) building faade sign.": [
        "None",
        "positive"
    ],
    "At the same time, the Applicant will also be requesting that the Planning/Zoning Board grant any and all other submission and/or design waivers, variances, Ordinance interpretations and/or other relief that may be deemed necessary to permit the development and use of the Property as proposed by the Applicant.": [
        "None",
        "positive"
    ],
    "This Notice is submitted in accordance with the requirements of the Municipal Land Use Law.": [
        "None",
        "neutral"
    ],
    "Any interested party may appear either in person or be represented by an attorney and present any objection to the granting of this application.": [
        "None",
        "positive"
    ],
    "The Application and supporting documents are on file with the Office of the Secretary of the South Harrison Township Planning/Zoning Board, located at the South Harrison Township Municipal Building,  Harrisonville Road, Mullica Hill, NJ 08062 and is available for inspection during normal business hours Monday through Thursday, 8: AM to 4: PM.": [
        "Social",
        "positive"
    ],
    "Michael F. Floyd, Esquire ARCHER & GREINER, P.C.": [
        "None",
        "neutral"
    ],
    "Laurel Oak Road Voorhees, NJ 08043 Attorneys for Applicant and Owner -- Cost: $ (0010792354) 1t \n\u00a0Support nowSign this petitionSignatures: 1,275Next Goal: 1,,,500SignaturesNext GoalSupport nowShare this petition in person or use the QR code for your own material.Download QR CodeReport a policy violationDecision MakersChange.orgEnvironmentNo Warehouse in South HarrisonCompanyAboutImpactCareersTeamCommunityBlogPressCommunity GuidelinesSupportHelpPrivacyTermsCookie PolicyManage CookiesConnectTwitterFacebookInstagramGuidesHow To Write A PetitionDo Petitions WorkWhat is the Right To PetitionHow to Start a School PetitionDeutschEnglish (Australia)English (Canada)English (India)English (United Kingdom)English (United States)Espa\u00f1ol (Argentina)Espa\u00f1ol (Espa\u00f1a)Espa\u00f1ol (Latinoam\u00e9rica)Fran\u00e7ais\u0939\u093f\u0928\u094d\u0926\u0940Bahasa IndonesiaItaliano\u65e5\u672c\u8a9ePortugu\u00eas (Brasil)\u0420\u0443\u0441\u0441\u043a\u0438\u0439\u0e20\u0e32\u0e29\u0e32\u0e44\u0e17\u0e22T\u00fcrk\u00e7e\u00a9 , Change.org, PBCThis site is protected by reCAPTCHA and the Google Privacy Policy and Terms of Service apply.DeutschEnglish (Australia)English (Canada)English (India)English (United Kingdom)English (United States)Espa\u00f1ol (Argentina)Espa\u00f1ol (Espa\u00f1a)Espa\u00f1ol (Latinoam\u00e9rica)Fran\u00e7ais\u0939\u093f\u0928\u094d\u0926\u0940Bahasa IndonesiaItaliano\u65e5\u672c\u8a9ePortugu\u00eas (Brasil)": [
        "Social",
        "positive"
    ]
}