{
    "\n  \nEmployment Opportunities - Borough Skip to Borough Our Borough Borough Calendar of Events \nMap & Veteran'Wikpedia.Mayor'Borough Council\u00a0\nBorough Council Council Sayreville Sayreville Bids & Frequently Departments Administration\u00a0\nManagement & Management & Management & AdministrationFrequently Project Borough Clerk\u00a0\nBorough Code Enforcement\u00a0\nCode Code Code Code EnforcementFrequently Citizen Request / Renting Your Home Selling Your Home Construction Dept.": [
        "Social",
        "positive"
    ],
    "Construction Dept.": [
        "None",
        "neutral"
    ],
    "Construction Construction Construction DepartmentFrequently Economic & Redevelopment Agency\u00a0\nEconomic & Redevelopment Economic & Redevelopment Calendar Economic & Redevelopment Executive Director\u2019Professional SERA - Emergency Medical Services\u00a0\nEmergency Medical Emergency Medical ServicesCalendar Emergency Medical Emergency Medical Emergency Medical ServicesFrequently Emergency Medical Emergency Morgan First Aid Squad - % Sayreville Finance Department\u00a0\nFinance FinanceCalendar FinanceFrequently Borough of Sayreville Annual Borough of Sayreville's Annual Sayreville Fire Prevention\u00a0\nFire Fire Prevention Fire Prevention Fire Prevention Frequently Fire Residential Health Department\u00a0\nHealth Health Health Health Frequently Registrar of Procedure to Apply for a Members & Food Mayor's Office \u00a0\nMayor's Mayor's Conversations Office of Chief Municipal Court\u00a0\nMunicipal Municipal FAQ'Requesting a Office on Aging\u00a0\nOffice on Calendar Office on Office Office Police\u00a0\nPoliceCalendar PoliceFrequently Public Works\u00a0\nPublic PUBLIC WORKSCalendar PUBLIC PUBLIC WORKSFrequently Buildings & Recreation Department\u00a0\nRecreation RecreationCalendar RecreationFrequently Recycling Home Page\u00a0\nRecycling Home RecyclingCalendar RecyclingFrequently  Bi-Weekly Household Sayreville Fire Department\u00a0\nSayreville Fire Sayreville Fire DepartmentCalendar Sayreville Fire Sayreville Fire Sayreville Fire DepartmentFrequently Sayreville Fire Sayreville Fire Melrose Morgan President Park Sayreville Engine Company #Stormwater Management\u00a0\nStormwater Stormwater Stormwater ManagementFrequently Tax Assessor\u00a0\nTax Tax Tax Tax AssessorFrequently Tax Collector\u00a0\nTax Tax CollectorCalendar Tax Tax CollectorFrequently Tax Water and Sewer Department\u00a0\nWater and Sewer Water & Sewer Water & Sewer Water & Sewer DepartmentFrequently Water & Water E-Bill Signup \nUtility Bill Payment \nZoning\u00a0\nZoningFrequently General Opening A Business Office of Emergency Management\u00a0\nOffice of Emergency Social Media/Report a Street Emergency Preparing for Special CERT - State of Boards Board Board Boards and Commissions Commission Cultural Human Library Board Local Emergency Open Public Recreation Rent Sayreville Sayreville Shade Sustainable \r\n\t                                    Service Request\r\n\t                                \n\r\n\t                                    Meetings\r\n\t                                \n\r\n\t                                    Online Payment \r\n\t                                \n\r\n\t                                    Parks & Recreation\r\n\t                                \n\r\n\t                                    Active Adult Center\r\n\t                                \n\r\n\t                                    GIS Map\r\n\t                                \nHome\r\n\t\t\t\t\t\t\r\n\t\t\t\t\t\t\t \u00a0>\u00a0 \r\n\t\t\t\t\t\t\tEmployment Management & AdministrationContact Information\r\n\t\t\t\t\t\t\t\t\t\nManagement & AdministrationDownloadable Forms\r\n\t\t\t\t\t\t\t\t\t\nManagement & AdministrationFrequently Asked Questions\r\n\t\t\t\t\t\t\t\t\t\n\r\n\t\t\t\t\t\t\t\t\t\tAnimal Control\r\n\t\t\t\t\t\t\t\t\t\n\r\n\t\t\t\t\t\t\t\t\t\tPersonnel\r\n\t\t\t\t\t\t\t\t\t\n\r\n\t\t\t\t\t\t\t\t\t\tProject Medicine Drop\r\n\t\t\t\t\t\t\t\t\t\nWELCOME\u00a0TO THE\u00a0BOROUGH OF SAYREVILLE EMPLOYMENT OPPORTUNITIES PAGE.": [
        "Social",
        "negative"
    ],
    "The Borough of Sayreville Water and Sewer Department is currently accepting applications for the title of Laborer 1.": [
        "Social",
        "positive"
    ],
    "Said position will be within the Sewer Division.": [
        "None",
        "neutral"
    ],
    "Duties include general sewer duties.": [
        "Environmental",
        "neutral"
    ],
    "HPW, mandatory stand-by and occasional over time.": [
        "Social",
        "positive"
    ],
    "May be required to work weekends.": [
        "Social",
        "neutral"
    ],
    "CDL Class B required.": [
        "None",
        "neutral"
    ],
    "Starting salary $,.": [
        "Social",
        "neutral"
    ],
    "Please click below to complete and submit an application or send resume to Meadow Magnani, Management Specialist \u00a0\n\u00a0\n\u00a0\n\u00a0\n\u00a0Click Here for an application \nIf you should have trouble submitting the form online, please email application to \nBorough of Sayreville\r\n Main Street\r\nSayreville, NJ 08872.": [
        "None",
        "positive"
    ],
    "Hours: Monday - Friday from 8 AM - 4 PM\r\nBorough Office Phone:\u00a0 \u00a0() -\n\r\n\u00a0\nCalendar Conversations": [
        "Social",
        "neutral"
    ]
}