City,Population,"Violent
crime","Murder and
nonnegligent
manslaughter",Rape1,Robbery,"Aggravated
assault","Property
crime",Burglary,"Larceny-
theft","Motor
vehicle
theft",Arson,Crime_Index
Aberdeen Township,18378.0,11.0,0.0,2.0,2.0,7.0,163.0,18.0,137.0,8.0,0.0,189.35683969964086
Absecon,8252.0,17.0,1.0,1.0,5.0,10.0,181.0,16.0,159.0,6.0,0.0,479.88366456616575
Allendale,6865.0,3.0,0.0,1.0,0.0,2.0,30.0,4.0,23.0,3.0,0.0,96.13983976693372
Allenhurst,488.0,0.0,0.0,0.0,0.0,0.0,7.0,0.0,4.0,3.0,0.0,286.88524590163934
Allentown,1809.0,0.0,0.0,0.0,0.0,0.0,5.0,1.0,4.0,0.0,0.0,55.2791597567717
Alpha,2288.0,1.0,0.0,1.0,0.0,0.0,38.0,6.0,32.0,0.0,0.0,340.9090909090909
Alpine,1873.0,1.0,0.0,1.0,0.0,0.0,24.0,4.0,11.0,9.0,0.0,266.9514148424987
Andover Township,5936.0,2.0,0.0,0.0,0.0,2.0,14.0,4.0,9.0,1.0,0.0,53.90835579514825
Asbury Park,15717.0,174.0,3.0,10.0,54.0,107.0,653.0,101.0,538.0,14.0,1.0,1052.9999363746263
Atlantic City,38271.0,276.0,7.0,11.0,131.0,127.0,1181.0,116.0,994.0,71.0,1.0,761.673329675211
Atlantic Highlands,4302.0,1.0,0.0,0.0,0.0,1.0,40.0,2.0,38.0,0.0,0.0,190.60901906090191
Audubon,8599.0,0.0,0.0,0.0,0.0,0.0,296.0,28.0,262.0,6.0,0.0,688.4521455983254
Audubon Park,997.0,4.0,0.0,0.0,0.0,4.0,11.0,4.0,6.0,1.0,0.0,300.90270812437313
Avalon,1258.0,2.0,0.0,0.0,0.0,2.0,138.0,7.0,130.0,1.0,0.0,2225.7551669316376
Avon-by-the-Sea,1780.0,1.0,0.0,0.0,0.0,1.0,31.0,3.0,26.0,2.0,0.0,359.55056179775283
Barnegat Light,580.0,0.0,0.0,0.0,0.0,0.0,12.0,1.0,11.0,0.0,0.0,413.7931034482759
Barnegat Township,22777.0,13.0,0.0,5.0,1.0,7.0,120.0,25.0,92.0,3.0,0.0,116.7844755674584
Barrington,6661.0,5.0,0.0,0.0,0.0,5.0,113.0,16.0,94.0,3.0,1.0,355.8024320672572
Bay Head,971.0,0.0,0.0,0.0,0.0,0.0,17.0,3.0,13.0,1.0,0.0,350.15447991761073
Bayonne,66824.0,114.0,0.0,12.0,47.0,55.0,773.0,97.0,587.0,89.0,3.0,265.9224230815276
Beach Haven,1169.0,0.0,0.0,0.0,0.0,0.0,118.0,3.0,114.0,1.0,0.0,2018.819503849444
Beachwood,11146.0,6.0,0.0,1.0,5.0,0.0,130.0,19.0,111.0,0.0,0.0,244.0337340750045
Bedminster Township,8126.0,1.0,0.0,0.0,1.0,0.0,34.0,5.0,26.0,3.0,0.0,86.14324390844205
Belleville,36075.0,62.0,0.0,1.0,17.0,44.0,589.0,87.0,414.0,88.0,0.0,360.91476091476096
Bellmawr,11312.0,8.0,0.0,0.0,1.0,7.0,158.0,28.0,122.0,8.0,0.0,293.4936350777935
Belmar,5666.0,6.0,0.0,3.0,2.0,1.0,83.0,16.0,63.0,4.0,0.0,314.1546064242852
Belvidere,2592.0,1.0,0.0,0.0,0.0,1.0,47.0,18.0,27.0,2.0,0.0,370.3703703703703
Bergenfield,27684.0,1.0,0.0,0.0,1.0,0.0,76.0,12.0,60.0,4.0,0.0,55.62779945094639
Berkeley Heights Township,13646.0,4.0,0.0,1.0,0.0,3.0,60.0,14.0,38.0,8.0,0.0,93.80038106404807
Berkeley Township,41331.0,25.0,0.0,6.0,6.0,13.0,378.0,68.0,300.0,10.0,0.0,195.0110086859742
Berlin,7495.0,13.0,0.0,2.0,0.0,11.0,123.0,12.0,103.0,8.0,1.0,364.2428285523682
Berlin Township,5532.0,4.0,0.0,1.0,1.0,2.0,163.0,15.0,144.0,4.0,1.0,605.5676066522053
Bernards Township,26813.0,2.0,0.0,0.0,1.0,1.0,87.0,13.0,66.0,8.0,0.0,66.38570842501771
Bernardsville,7742.0,1.0,0.0,0.0,0.0,1.0,39.0,2.0,36.0,1.0,0.0,103.33247222939809
Beverly,2497.0,7.0,0.0,1.0,0.0,6.0,44.0,20.0,22.0,2.0,0.0,408.490188225871
Blairstown Township,5787.0,3.0,0.0,0.0,0.0,3.0,30.0,16.0,13.0,1.0,0.0,114.04872991187145
Bloomfield,50777.0,50.0,2.0,1.0,19.0,28.0,647.0,71.0,488.0,88.0,1.0,274.7306851527266
Bloomingdale,8211.0,1.0,0.0,0.0,0.0,1.0,37.0,6.0,30.0,1.0,0.0,92.55876263548897
Bogota,8499.0,2.0,1.0,0.0,1.0,0.0,45.0,8.0,34.0,3.0,0.0,110.60124720555359
Boonton,8236.0,7.0,0.0,1.0,2.0,4.0,94.0,11.0,79.0,4.0,0.0,245.26469159786305
Boonton Township,4299.0,2.0,0.0,1.0,1.0,0.0,24.0,3.0,20.0,1.0,0.0,120.95836240986276
Bordentown City,3823.0,3.0,0.0,0.0,2.0,1.0,23.0,7.0,11.0,5.0,0.0,136.0188333769291
Bordentown Township,12323.0,14.0,0.0,3.0,3.0,8.0,99.0,15.0,72.0,12.0,0.0,183.39690010549378
Bound Brook,10360.0,13.0,0.0,2.0,9.0,2.0,114.0,33.0,75.0,6.0,0.0,245.17374517374517
Bradley Beach,4214.0,1.0,0.0,1.0,0.0,0.0,55.0,2.0,53.0,0.0,0.0,265.78073089700996
Branchburg Township,14577.0,4.0,0.0,2.0,0.0,2.0,80.0,5.0,70.0,5.0,0.0,115.25005145091582
Brick Township,74712.0,65.0,0.0,12.0,8.0,45.0,904.0,113.0,768.0,23.0,4.0,259.93147017882
Bridgeton,24386.0,203.0,5.0,12.0,107.0,79.0,720.0,163.0,510.0,47.0,2.0,757.8118592635119
Bridgewater Township,45050.0,16.0,0.0,0.0,9.0,7.0,331.0,53.0,265.0,13.0,0.0,154.05105438401776
Brielle,4719.0,0.0,0.0,0.0,0.0,0.0,23.0,4.0,14.0,5.0,0.0,97.47827929646111
Brigantine,8896.0,1.0,0.0,0.0,0.0,1.0,129.0,23.0,105.0,1.0,0.0,292.2661870503597
Brooklawn,1904.0,16.0,0.0,3.0,6.0,7.0,132.0,8.0,116.0,8.0,0.0,1554.6218487394958
Buena,4405.0,5.0,0.0,0.0,1.0,4.0,72.0,13.0,58.0,1.0,0.0,349.60272417707154
Burlington City,9817.0,37.0,1.0,1.0,10.0,25.0,211.0,60.0,139.0,12.0,0.0,505.24600183355403
Burlington Township,22857.0,35.0,0.0,7.0,10.0,18.0,274.0,45.0,218.0,11.0,0.0,270.37668985431156
Butler,7679.0,0.0,0.0,0.0,0.0,0.0,50.0,11.0,37.0,2.0,0.0,130.22528975126968
Byram Township,7925.0,3.0,0.0,1.0,0.0,2.0,45.0,4.0,40.0,1.0,0.0,121.13564668769715
Caldwell,7999.0,5.0,0.0,2.0,0.0,3.0,49.0,16.0,31.0,2.0,0.0,135.0168771096387
Califon,1068.0,0.0,0.0,0.0,0.0,0.0,0.0,0.0,0.0,0.0,0.0,0.0
Camden County Police Department,73140.0,1198.0,23.0,64.0,355.0,756.0,2219.0,458.0,1242.0,519.0,40.0,939.8414000546896
Cape May,3463.0,4.0,0.0,1.0,0.0,3.0,72.0,8.0,62.0,2.0,0.0,438.9257868899798
Cape May Point,277.0,0.0,0.0,0.0,0.0,0.0,2.0,1.0,1.0,0.0,0.0,144.4043321299639
Carlstadt,6252.0,6.0,0.0,0.0,2.0,4.0,87.0,5.0,79.0,3.0,0.0,297.5047984644914
Carney's Point Township,7655.0,16.0,0.0,4.0,7.0,5.0,86.0,23.0,60.0,3.0,1.0,267.79882429784453
Carteret,23921.0,45.0,1.0,4.0,15.0,25.0,295.0,35.0,236.0,24.0,2.0,285.10513774507757
Cedar Grove Township,12566.0,4.0,0.0,0.0,2.0,2.0,86.0,17.0,63.0,6.0,0.0,143.24367340442464
Chatham,8793.0,0.0,0.0,0.0,0.0,0.0,39.0,5.0,30.0,4.0,0.0,88.70692596383488
Chatham Township,10288.0,0.0,0.0,0.0,0.0,0.0,33.0,2.0,26.0,5.0,0.0,64.15241057542768
Cherry Hill Township,70578.0,92.0,0.0,0.0,57.0,35.0,2026.0,148.0,1839.0,39.0,1.0,600.3287143302446
Chesilhurst,1617.0,3.0,0.0,0.0,0.0,3.0,47.0,22.0,19.0,6.0,1.0,624.6134817563388
Chester,1643.0,0.0,0.0,0.0,0.0,0.0,6.0,0.0,6.0,0.0,0.0,73.03712720632988
Chesterfield Township,7567.0,0.0,0.0,0.0,0.0,0.0,14.0,0.0,13.0,1.0,0.0,37.00277520814061
Chester Township,7809.0,0.0,0.0,0.0,0.0,0.0,22.0,5.0,14.0,3.0,0.0,56.345242668715585
Cinnaminson Township,16630.0,14.0,0.0,3.0,3.0,8.0,286.0,42.0,237.0,7.0,0.0,360.7937462417318
Clark Township,16079.0,4.0,0.0,0.0,2.0,2.0,227.0,7.0,213.0,7.0,0.0,287.33130169786676
Clayton,8624.0,10.0,0.0,1.0,3.0,6.0,70.0,7.0,58.0,5.0,0.0,185.5287569573284
Clementon,4887.0,11.0,0.0,0.0,8.0,3.0,139.0,45.0,87.0,7.0,0.0,613.8735420503376
Cliffside Park,25001.0,15.0,0.0,5.0,4.0,6.0,150.0,17.0,121.0,12.0,0.0,131.99472021119155
Clifton,85732.0,97.0,1.0,3.0,43.0,50.0,1354.0,162.0,1096.0,96.0,1.0,338.61335324033035
Clinton,2699.0,1.0,0.0,0.0,0.0,1.0,13.0,5.0,7.0,1.0,0.0,103.74212671359764
Clinton Township,12824.0,1.0,0.0,1.0,0.0,0.0,50.0,15.0,34.0,1.0,0.0,79.53836556456643
Closter,8691.0,1.0,0.0,0.0,0.0,1.0,58.0,1.0,49.0,8.0,0.0,135.7726383615234
Collingswood,13843.0,30.0,0.0,3.0,13.0,14.0,279.0,51.0,200.0,28.0,2.0,447.87979484215845
Colts Neck Township,9944.0,8.0,5.0,0.0,1.0,2.0,51.0,8.0,29.0,14.0,1.0,119.67015285599356
Cranbury Township,3900.0,0.0,0.0,0.0,0.0,0.0,37.0,1.0,35.0,1.0,0.0,189.74358974358975
Cranford Township,24353.0,7.0,0.0,0.0,2.0,5.0,145.0,7.0,131.0,7.0,0.0,124.83061635116825
Cresskill,8862.0,1.0,0.0,0.0,0.0,1.0,47.0,11.0,25.0,11.0,0.0,108.32769126607988
Deal,730.0,2.0,0.0,0.0,0.0,2.0,23.0,2.0,12.0,9.0,0.0,684.931506849315
Delanco Township,4509.0,5.0,0.0,3.0,2.0,0.0,47.0,12.0,32.0,3.0,0.0,230.64981148813484
Delaware Township,4461.0,1.0,0.0,0.0,0.0,1.0,14.0,2.0,9.0,3.0,0.0,67.24949562878278
Delran Township,16579.0,8.0,0.0,3.0,2.0,3.0,176.0,26.0,143.0,7.0,0.0,221.96754930936726
Demarest,4977.0,0.0,0.0,0.0,0.0,0.0,21.0,2.0,10.0,9.0,0.0,84.38818565400844
Denville Township,16737.0,2.0,0.0,1.0,1.0,0.0,90.0,7.0,77.0,6.0,1.0,110.53354842564379
Deptford Township,30137.0,47.0,2.0,8.0,22.0,15.0,1153.0,163.0,954.0,36.0,0.0,796.3632743803298
Dover,17982.0,26.0,0.0,1.0,10.0,15.0,187.0,32.0,141.0,14.0,1.0,237.45968190412637
Dumont,17825.0,5.0,0.0,0.0,2.0,3.0,49.0,6.0,43.0,0.0,0.0,60.589060308555396
Dunellen,7328.0,3.0,0.0,0.0,1.0,2.0,97.0,14.0,82.0,1.0,0.0,272.92576419213975
Eastampton Township,5940.0,6.0,0.0,1.0,2.0,3.0,59.0,13.0,42.0,4.0,0.0,218.85521885521885
East Brunswick Township,48342.0,32.0,0.0,4.0,8.0,20.0,632.0,70.0,553.0,9.0,0.0,274.70936245914527
East Greenwich Township,10504.0,4.0,0.0,0.0,0.0,4.0,68.0,12.0,50.0,6.0,0.0,137.09063214013707
East Hanover Township,11084.0,2.0,0.0,0.0,0.0,2.0,106.0,16.0,83.0,7.0,0.0,194.87549621075425
East Newark,2740.0,1.0,0.0,0.0,1.0,0.0,44.0,4.0,30.0,10.0,0.0,328.46715328467155
East Orange,64625.0,333.0,6.0,21.0,133.0,173.0,904.0,168.0,522.0,214.0,9.0,384.2166344294004
East Rutherford,9941.0,14.0,0.0,3.0,3.0,8.0,148.0,15.0,123.0,10.0,0.0,325.92294537772864
East Windsor Township,27401.0,18.0,0.0,5.0,8.0,5.0,171.0,7.0,160.0,4.0,1.0,138.31611984964053
Eatontown,12364.0,30.0,0.0,10.0,8.0,12.0,277.0,17.0,255.0,5.0,0.0,496.6030410870269
Edgewater,12318.0,13.0,0.0,0.0,3.0,10.0,137.0,3.0,127.0,7.0,0.0,243.54603019970773
Edgewater Park Township,8713.0,15.0,1.0,3.0,5.0,6.0,126.0,31.0,75.0,20.0,0.0,323.6543096522438
Edison Township,101309.0,120.0,2.0,8.0,44.0,66.0,1147.0,166.0,899.0,82.0,4.0,250.52068424325577
Egg Harbor City,4162.0,9.0,0.0,0.0,4.0,5.0,122.0,35.0,85.0,2.0,0.0,629.5050456511293
Egg Harbor Township,43276.0,62.0,1.0,4.0,10.0,47.0,902.0,114.0,765.0,23.0,5.0,446.66789906645715
Elizabeth,129080.0,897.0,3.0,43.0,386.0,465.0,4002.0,602.0,2655.0,745.0,7.0,759.6064456151224
Elk Township,4116.0,1.0,0.0,0.0,0.0,1.0,34.0,7.0,26.0,1.0,1.0,172.49757045675412
Elmer,1301.0,0.0,0.0,0.0,0.0,0.0,4.0,0.0,4.0,0.0,0.0,61.49116064565719
Elmwood Park,20277.0,33.0,0.0,0.0,14.0,19.0,342.0,37.0,284.0,21.0,0.0,369.8772007693446
Elsinboro Township,968.0,0.0,0.0,0.0,0.0,0.0,9.0,3.0,5.0,1.0,1.0,196.28099173553719
Emerson,7679.0,2.0,0.0,0.0,0.0,2.0,36.0,2.0,32.0,2.0,0.0,98.97122021096497
Englewood,28988.0,85.0,0.0,6.0,19.0,60.0,281.0,45.0,215.0,21.0,0.0,252.51828342762525
Englewood Cliffs,5395.0,1.0,0.0,0.0,0.0,1.0,62.0,17.0,38.0,7.0,0.0,233.54958294717332
Englishtown,1959.0,6.0,0.0,2.0,0.0,4.0,20.0,2.0,15.0,3.0,0.0,265.44155181214904
Essex Fells,2109.0,0.0,0.0,0.0,0.0,0.0,15.0,0.0,11.0,4.0,0.0,142.2475106685633
Evesham Township,45354.0,34.0,0.0,0.0,11.0,23.0,506.0,53.0,445.0,8.0,1.0,238.3472240596199
Ewing Township,36142.0,69.0,0.0,13.0,18.0,38.0,685.0,113.0,511.0,61.0,3.0,418.0731558851198
"Fairfield Township, Essex County",7528.0,7.0,0.0,0.0,2.0,5.0,176.0,9.0,149.0,18.0,1.0,487.5132837407014
Fair Haven,5927.0,1.0,0.0,0.0,0.0,1.0,23.0,1.0,19.0,3.0,0.0,80.98532141049435
Fair Lawn,33413.0,19.0,2.0,0.0,4.0,13.0,304.0,39.0,255.0,10.0,0.0,193.33792236554635
Fairview,14428.0,35.0,0.0,0.0,25.0,10.0,144.0,29.0,109.0,6.0,0.0,248.1286387579706
Fanwood,7768.0,1.0,0.0,0.0,1.0,0.0,32.0,7.0,25.0,0.0,0.0,84.96395468589083
Far Hills,918.0,1.0,0.0,1.0,0.0,0.0,6.0,1.0,4.0,1.0,0.0,152.5054466230937
Fieldsboro,529.0,1.0,0.0,0.0,0.0,1.0,11.0,3.0,6.0,2.0,0.0,453.6862003780719
Flemington,4627.0,4.0,0.0,1.0,2.0,1.0,64.0,10.0,50.0,4.0,0.0,293.9269505078885
Florence Township,12748.0,13.0,0.0,3.0,2.0,8.0,89.0,30.0,55.0,4.0,0.0,160.02510197678066
Florham Park,11602.0,3.0,0.0,0.0,2.0,1.0,65.0,8.0,53.0,4.0,0.0,117.2211687640062
Fort Lee,37729.0,22.0,0.0,3.0,6.0,13.0,271.0,32.0,220.0,19.0,1.0,155.58323835776193
Franklin,4735.0,5.0,1.0,3.0,0.0,1.0,37.0,1.0,36.0,0.0,0.0,177.40232312566
Franklin Lakes,11191.0,1.0,0.0,0.0,1.0,0.0,59.0,7.0,46.0,6.0,0.0,107.22902332231257
"Franklin Township, Gloucester County",16225.0,9.0,0.0,0.0,3.0,6.0,236.0,52.0,171.0,13.0,6.0,305.7010785824345
"Franklin Township, Hunterdon County",3238.0,0.0,0.0,0.0,0.0,0.0,30.0,3.0,27.0,0.0,0.0,185.2995676343422
"Franklin Township, Somerset County",66624.0,48.0,1.0,12.0,17.0,18.0,670.0,114.0,504.0,52.0,1.0,215.68804034582132
Freehold Borough,11873.0,16.0,0.0,1.0,7.0,8.0,129.0,41.0,81.0,7.0,0.0,244.25166343805273
Freehold Township,34896.0,41.0,2.0,5.0,9.0,25.0,451.0,26.0,410.0,15.0,0.0,281.9807427785419
Frenchtown,1363.0,1.0,0.0,0.0,0.0,1.0,0.0,0.0,0.0,0.0,0.0,14.67351430667645
Galloway Township,36467.0,73.0,0.0,2.0,8.0,63.0,399.0,90.0,295.0,14.0,1.0,259.1383991005567
Garfield,32203.0,79.0,0.0,11.0,27.0,41.0,585.0,61.0,480.0,44.0,1.0,412.6944694593671
Garwood,4370.0,1.0,0.0,0.0,0.0,1.0,32.0,5.0,26.0,1.0,0.0,151.02974828375287
Gibbsboro,2211.0,4.0,0.0,0.0,1.0,3.0,28.0,12.0,16.0,0.0,0.0,289.4617819990954
Glassboro,19938.0,38.0,0.0,3.0,10.0,25.0,327.0,69.0,250.0,8.0,3.0,367.63968301735383
Glen Ridge,7622.0,1.0,0.0,0.0,1.0,0.0,158.0,24.0,121.0,13.0,0.0,417.21332983468903
Glen Rock,11937.0,0.0,0.0,0.0,0.0,0.0,49.0,1.0,47.0,1.0,1.0,82.93541090726313
Gloucester City,11167.0,34.0,0.0,0.0,13.0,21.0,269.0,47.0,204.0,18.0,0.0,542.670368048715
Gloucester Township,63198.0,78.0,5.0,10.0,24.0,39.0,945.0,90.0,839.0,16.0,3.0,324.21912085825505
Green Brook Township,7138.0,10.0,0.0,0.0,2.0,8.0,94.0,21.0,61.0,12.0,0.0,291.3981507425049
"Greenwich Township, Gloucester County",4769.0,7.0,0.0,0.0,1.0,6.0,68.0,7.0,56.0,5.0,0.0,314.53134829104636
"Greenwich Township, Warren County",5510.0,0.0,0.0,0.0,0.0,0.0,99.0,6.0,93.0,0.0,0.0,359.34664246823957
Guttenberg,11602.0,28.0,1.0,5.0,10.0,12.0,99.0,20.0,74.0,5.0,0.0,218.92777107395275
Hackensack,44926.0,116.0,0.0,15.0,28.0,73.0,649.0,36.0,578.0,35.0,0.0,340.5600320527089
Hackettstown,9530.0,5.0,0.0,1.0,1.0,3.0,46.0,2.0,40.0,4.0,0.0,107.03043022035676
Haddonfield,11253.0,6.0,0.0,1.0,1.0,4.0,100.0,21.0,78.0,1.0,0.0,188.39420598951392
Haddon Heights,7497.0,3.0,0.0,0.0,1.0,2.0,41.0,12.0,28.0,1.0,0.0,117.38028544751234
Haddon Township,14500.0,19.0,0.0,0.0,13.0,6.0,247.0,37.0,199.0,11.0,1.0,367.58620689655174
Haledon,8363.0,15.0,0.0,0.0,1.0,14.0,120.0,23.0,89.0,8.0,0.0,322.85065168001915
Hamburg,3109.0,1.0,0.0,0.0,0.0,1.0,11.0,1.0,10.0,0.0,0.0,77.19523962688967
"Hamilton Township, Atlantic County",26380.0,57.0,2.0,3.0,13.0,39.0,857.0,98.0,736.0,23.0,4.0,694.4655041698257
"Hamilton Township, Mercer County",87889.0,116.0,4.0,12.0,50.0,50.0,1700.0,325.0,1296.0,79.0,3.0,413.5898690393565
Hammonton,14311.0,9.0,0.0,0.0,5.0,4.0,149.0,30.0,111.0,8.0,0.0,220.8091677730417
Hanover Township,14583.0,4.0,0.0,2.0,1.0,1.0,161.0,10.0,143.0,8.0,0.0,226.29088664883767
Harding Township,3824.0,0.0,0.0,0.0,0.0,0.0,18.0,5.0,11.0,2.0,0.0,94.14225941422595
Hardyston Township,7823.0,7.0,0.0,1.0,0.0,6.0,38.0,9.0,27.0,2.0,1.0,116.32366099961652
Harrington Park,4802.0,0.0,0.0,0.0,0.0,0.0,13.0,7.0,3.0,3.0,0.0,54.14410662224073
Harrison,18058.0,41.0,1.0,5.0,11.0,24.0,373.0,45.0,259.0,69.0,0.0,458.52253848709717
Harrison Township,12915.0,2.0,0.0,1.0,1.0,0.0,67.0,13.0,53.0,1.0,0.0,106.85249709639953
Harvey Cedars,338.0,0.0,0.0,0.0,0.0,0.0,24.0,3.0,21.0,0.0,0.0,1420.1183431952663
Hasbrouck Heights,12163.0,1.0,0.0,0.0,0.0,1.0,51.0,0.0,51.0,0.0,0.0,85.50522075145935
Haworth,3463.0,0.0,0.0,0.0,0.0,0.0,12.0,1.0,11.0,0.0,0.0,69.30407161420733
Hawthorne,18874.0,2.0,0.0,0.0,2.0,0.0,177.0,28.0,139.0,10.0,0.0,189.67892338666948
Hazlet Township,19970.0,23.0,0.0,4.0,4.0,15.0,208.0,13.0,187.0,8.0,0.0,231.34702053079621
Helmetta,2198.0,0.0,0.0,0.0,0.0,0.0,8.0,0.0,8.0,0.0,0.0,72.79344858962693
High Bridge,3528.0,4.0,0.0,0.0,0.0,4.0,21.0,8.0,13.0,0.0,0.0,141.7233560090703
Highland Park,13989.0,8.0,1.0,0.0,1.0,6.0,166.0,20.0,141.0,5.0,0.0,248.7668882693545
Highlands,4794.0,1.0,0.0,0.0,0.0,1.0,28.0,4.0,24.0,0.0,0.0,120.98456403838132
Hightstown,5289.0,1.0,0.0,1.0,0.0,0.0,34.0,6.0,28.0,0.0,0.0,132.35016071090942
Hillsborough Township,39796.0,15.0,0.0,6.0,1.0,8.0,240.0,46.0,190.0,4.0,2.0,128.65614634636646
Hillsdale,10484.0,3.0,0.0,0.0,1.0,2.0,41.0,3.0,37.0,1.0,0.0,83.93742846241892
Hillside Township,22078.0,41.0,0.0,2.0,22.0,17.0,540.0,72.0,372.0,96.0,0.0,526.3157894736842
Hi-Nella,855.0,1.0,0.0,1.0,0.0,0.0,10.0,1.0,9.0,0.0,0.0,257.3099415204679
Hoboken,55096.0,119.0,0.0,4.0,23.0,92.0,862.0,99.0,726.0,37.0,0.0,356.1057064033687
Ho-Ho-Kus,4139.0,1.0,0.0,0.0,0.0,1.0,31.0,10.0,20.0,1.0,0.0,154.62672143029718
Holland Township,5128.0,4.0,0.0,2.0,0.0,2.0,9.0,2.0,6.0,1.0,0.0,50.702028081123245
Holmdel Township,16621.0,4.0,0.0,2.0,0.0,2.0,129.0,6.0,108.0,15.0,2.0,161.24180253895673
Hopatcong,14183.0,6.0,0.0,0.0,0.0,6.0,42.0,3.0,33.0,6.0,0.0,67.68666713671297
Hopewell Borough,1921.0,0.0,0.0,0.0,0.0,0.0,6.0,1.0,5.0,0.0,0.0,62.46746486205102
Hopewell Township,18000.0,8.0,0.0,5.0,1.0,2.0,76.0,18.0,58.0,0.0,0.0,93.33333333333334
Howell Township,52672.0,36.0,0.0,4.0,8.0,24.0,351.0,61.0,282.0,8.0,1.0,147.13699878493316
Independence Township,5495.0,3.0,0.0,2.0,0.0,1.0,10.0,5.0,3.0,2.0,0.0,47.315741583257505
Interlaken,798.0,0.0,0.0,0.0,0.0,0.0,5.0,5.0,0.0,0.0,0.0,125.31328320802004
Irvington,54220.0,354.0,5.0,24.0,218.0,107.0,1277.0,229.0,656.0,392.0,0.0,601.6230173367761
Island Heights,1652.0,3.0,0.0,1.0,1.0,1.0,12.0,1.0,11.0,0.0,0.0,181.59806295399514
Jackson Township,56706.0,27.0,1.0,7.0,4.0,15.0,360.0,73.0,263.0,24.0,3.0,137.02253729764044
Jamesburg,6006.0,5.0,0.0,1.0,2.0,2.0,56.0,10.0,45.0,1.0,0.0,203.1302031302031
Jefferson Township,21071.0,5.0,0.0,0.0,0.0,5.0,84.0,16.0,64.0,4.0,0.0,84.47629443310711
Jersey City,270175.0,1233.0,17.0,89.0,458.0,669.0,4781.0,988.0,3190.0,603.0,20.0,445.9331914499861
Keansburg,9766.0,33.0,0.0,4.0,10.0,19.0,160.0,24.0,132.0,4.0,0.0,395.2488224452181
Kearny,42339.0,38.0,0.0,1.0,10.0,27.0,677.0,61.0,547.0,69.0,0.0,337.75006495193554
Kenilworth,8249.0,9.0,0.0,3.0,2.0,4.0,114.0,4.0,99.0,11.0,0.0,298.2179658140381
Keyport,7065.0,17.0,1.0,0.0,5.0,11.0,87.0,15.0,64.0,8.0,0.0,294.4090587402689
Kinnelon,10080.0,1.0,0.0,0.0,0.0,1.0,25.0,13.0,11.0,1.0,0.0,51.58730158730159
Lacey Township,28654.0,18.0,0.0,5.0,2.0,11.0,257.0,30.0,221.0,6.0,0.0,191.9452781461576
Lake Como,1710.0,2.0,0.0,1.0,0.0,1.0,16.0,3.0,13.0,0.0,0.0,210.52631578947367
Lakehurst,2672.0,9.0,0.0,0.0,3.0,6.0,30.0,4.0,25.0,1.0,0.0,291.9161676646707
Lakewood Township,102915.0,129.0,0.0,2.0,30.0,97.0,779.0,145.0,588.0,46.0,8.0,177.23363941116455
Lambertville,3811.0,2.0,0.0,0.0,0.0,2.0,44.0,5.0,34.0,5.0,0.0,241.40645499868802
Laurel Springs,1856.0,2.0,0.0,0.0,0.0,2.0,22.0,5.0,16.0,1.0,0.0,258.6206896551724
Lavallette,1824.0,1.0,0.0,0.0,0.0,1.0,22.0,1.0,21.0,0.0,0.0,252.19298245614033
Lawnside,2875.0,6.0,0.0,0.0,4.0,2.0,122.0,16.0,103.0,3.0,0.0,890.4347826086957
"Lawrence Township, Mercer County",32644.0,30.0,0.0,6.0,6.0,18.0,596.0,54.0,529.0,13.0,1.0,383.83776497978187
Lebanon Township,6070.0,3.0,0.0,0.0,0.0,3.0,28.0,13.0,15.0,0.0,0.0,102.14168039538716
Leonia,9175.0,3.0,0.0,0.0,0.0,3.0,74.0,28.0,41.0,5.0,0.0,167.8474114441417
Lincoln Park,10308.0,0.0,0.0,0.0,0.0,0.0,60.0,6.0,49.0,5.0,0.0,116.41443538998837
Linden,42806.0,122.0,1.0,16.0,39.0,66.0,1126.0,143.0,943.0,40.0,1.0,583.3294397981591
Lindenwold,17204.0,111.0,2.0,16.0,40.0,53.0,455.0,103.0,328.0,24.0,3.0,659.7302952801674
Linwood,6822.0,4.0,1.0,0.0,2.0,1.0,53.0,12.0,40.0,1.0,0.0,167.10642040457344
Little Egg Harbor Township,21087.0,4.0,1.0,0.0,1.0,2.0,241.0,38.0,194.0,9.0,2.0,233.31910655854315
Little Falls Township,14306.0,16.0,0.0,0.0,0.0,16.0,113.0,17.0,83.0,13.0,0.0,180.34391164546346
Little Ferry,10895.0,7.0,0.0,0.0,0.0,7.0,94.0,17.0,67.0,10.0,0.0,185.4061496099128
Little Silver,5898.0,2.0,0.0,0.0,0.0,2.0,34.0,3.0,27.0,4.0,0.0,122.07527975584944
Livingston Township,29820.0,23.0,0.0,2.0,3.0,18.0,277.0,22.0,238.0,17.0,1.0,201.54258886653253
Loch Arbour,181.0,0.0,0.0,0.0,0.0,0.0,4.0,1.0,3.0,0.0,0.0,441.9889502762431
Lodi,24720.0,28.0,0.0,3.0,9.0,16.0,254.0,37.0,184.0,33.0,1.0,228.5598705501618
Logan Township,5844.0,5.0,0.0,0.0,3.0,2.0,115.0,12.0,96.0,7.0,0.0,410.6776180698152
Long Beach Township,3029.0,3.0,0.0,0.0,0.0,3.0,59.0,5.0,53.0,1.0,1.0,412.67745130406075
Long Branch,30750.0,124.0,3.0,7.0,24.0,90.0,639.0,94.0,514.0,31.0,2.0,496.910569105691
Long Hill Township,8587.0,3.0,0.0,0.0,1.0,2.0,43.0,2.0,37.0,4.0,0.0,107.1386980319087
Longport,873.0,0.0,0.0,0.0,0.0,0.0,5.0,0.0,3.0,2.0,0.0,114.54753722794959
Lopatcong Township,8384.0,1.0,0.0,1.0,0.0,0.0,67.0,6.0,59.0,2.0,0.0,162.21374045801525
Lower Alloways Creek Township,1676.0,1.0,0.0,0.0,0.0,1.0,7.0,1.0,6.0,0.0,0.0,95.4653937947494
Lower Township,21617.0,35.0,1.0,6.0,7.0,21.0,163.0,38.0,118.0,7.0,1.0,183.65175556275156
Lumberton Township,12253.0,10.0,1.0,0.0,5.0,4.0,212.0,8.0,194.0,10.0,0.0,362.3602383089856
Lyndhurst Township,22384.0,12.0,0.0,2.0,3.0,7.0,168.0,12.0,138.0,18.0,0.0,160.8291636883488
Madison,15832.0,3.0,0.0,1.0,1.0,1.0,76.0,6.0,68.0,2.0,1.0,100.42950985346134
Magnolia,4237.0,9.0,0.0,0.0,3.0,6.0,85.0,16.0,62.0,7.0,0.0,443.7101722917158
Mahwah Township,26501.0,3.0,0.0,2.0,0.0,1.0,98.0,7.0,79.0,12.0,1.0,76.60088298554771
Manalapan Township,40150.0,13.0,0.0,7.0,2.0,4.0,218.0,36.0,165.0,17.0,0.0,115.06849315068493
Manasquan,5903.0,7.0,0.0,0.0,2.0,5.0,60.0,5.0,50.0,5.0,0.0,227.00321870235473
Manchester Township,42939.0,15.0,1.0,1.0,2.0,11.0,238.0,48.0,185.0,5.0,6.0,119.23892032883859
"Mansfield Township, Burlington County",8577.0,3.0,0.0,0.0,2.0,1.0,61.0,9.0,46.0,6.0,1.0,150.4022385449458
"Mansfield Township, Warren County",7431.0,1.0,0.0,1.0,0.0,0.0,82.0,8.0,72.0,2.0,0.0,223.38850760328353
Mantoloking,249.0,0.0,0.0,0.0,0.0,0.0,11.0,2.0,6.0,3.0,0.0,883.5341365461848
Mantua Township,14772.0,7.0,0.0,0.0,3.0,4.0,190.0,41.0,136.0,13.0,0.0,266.7208231789873
Manville,10308.0,18.0,0.0,6.0,3.0,9.0,214.0,10.0,191.0,13.0,2.0,452.07605743112146
Maple Shade Township,18772.0,38.0,0.0,8.0,10.0,20.0,305.0,55.0,226.0,24.0,1.0,365.9705945024504
Maplewood Township,24635.0,22.0,1.0,2.0,12.0,7.0,394.0,43.0,291.0,60.0,0.0,337.73087071240104
Margate City,6045.0,9.0,0.0,1.0,1.0,7.0,135.0,43.0,92.0,0.0,0.0,476.4267990074442
Marlboro Township,40338.0,25.0,0.0,1.0,1.0,23.0,271.0,37.0,206.0,28.0,2.0,147.2556894243641
Matawan,8864.0,0.0,0.0,0.0,0.0,0.0,10.0,0.0,9.0,1.0,0.0,22.56317689530686
Maywood,9763.0,4.0,0.0,0.0,3.0,1.0,68.0,9.0,55.0,4.0,0.0,147.49564682986787
Medford Lakes,3995.0,1.0,0.0,1.0,0.0,0.0,21.0,3.0,17.0,1.0,0.0,110.13767209011264
Medford Township,23558.0,47.0,0.0,2.0,3.0,42.0,176.0,25.0,146.0,5.0,0.0,189.31997622888193
Mendham,4905.0,0.0,0.0,0.0,0.0,0.0,24.0,4.0,18.0,2.0,0.0,97.85932721712538
Mendham Township,5757.0,0.0,0.0,0.0,0.0,0.0,12.0,6.0,5.0,1.0,0.0,41.688379364252214
Merchantville,3712.0,4.0,0.0,0.0,0.0,4.0,64.0,20.0,41.0,3.0,0.0,366.37931034482756
Metuchen,14262.0,5.0,0.0,0.0,3.0,2.0,128.0,20.0,102.0,6.0,0.0,186.50960594587013
Middlesex Borough,13704.0,11.0,0.0,1.0,3.0,7.0,100.0,13.0,81.0,6.0,1.0,162.72621132516053
Middle Township,18358.0,51.0,0.0,9.0,12.0,30.0,394.0,79.0,301.0,14.0,3.0,486.4364309837673
Middletown Township,65469.0,14.0,0.0,1.0,2.0,11.0,388.0,32.0,334.0,22.0,4.0,123.41718981502697
Midland Park,7313.0,1.0,0.0,1.0,0.0,0.0,37.0,0.0,36.0,1.0,0.0,103.92451798167647
Millburn Township,20250.0,8.0,0.0,0.0,8.0,0.0,369.0,27.0,325.0,17.0,0.0,372.34567901234567
Milltown,7099.0,2.0,0.0,0.0,2.0,0.0,113.0,3.0,110.0,0.0,0.0,323.98929426679814
Millville,27837.0,127.0,3.0,7.0,44.0,73.0,1217.0,149.0,1041.0,27.0,3.0,966.698997736825
Mine Hill Township,3534.0,0.0,0.0,0.0,0.0,0.0,16.0,4.0,8.0,4.0,0.0,90.54895302773062
Monmouth Beach,3231.0,0.0,0.0,0.0,0.0,0.0,26.0,5.0,17.0,4.0,1.0,164.0359021974621
"Monroe Township, Gloucester County",36498.0,47.0,2.0,7.0,12.0,26.0,462.0,105.0,335.0,22.0,0.0,278.91939284344346
"Monroe Township, Middlesex County",45597.0,5.0,0.0,1.0,0.0,4.0,158.0,16.0,128.0,14.0,0.0,71.49593174989583
Montclair,38893.0,37.0,3.0,10.0,5.0,19.0,502.0,110.0,350.0,42.0,2.0,277.68493045020955
Montgomery Township,23515.0,7.0,0.0,0.0,0.0,7.0,97.0,43.0,50.0,4.0,0.0,88.45417818413779
Montvale,8729.0,0.0,0.0,0.0,0.0,0.0,20.0,0.0,19.0,1.0,0.0,45.824263947760336
Montville Township,21396.0,4.0,0.0,1.0,0.0,3.0,173.0,16.0,124.0,33.0,0.0,165.45148625911384
Moonachie,2774.0,4.0,0.0,2.0,0.0,2.0,58.0,3.0,53.0,2.0,0.0,447.0079307858688
Moorestown Township,20510.0,13.0,0.0,1.0,5.0,7.0,251.0,30.0,208.0,13.0,0.0,257.43539736713797
Morris Plains,5509.0,3.0,0.0,1.0,1.0,1.0,61.0,2.0,59.0,0.0,0.0,232.34706843347251
Morristown,18860.0,30.0,0.0,2.0,9.0,19.0,202.0,14.0,177.0,11.0,0.0,246.0233297985154
Morris Township,22183.0,6.0,0.0,0.0,1.0,5.0,120.0,25.0,91.0,4.0,0.0,113.60050489113284
Mountain Lakes,4308.0,0.0,0.0,0.0,0.0,0.0,43.0,7.0,23.0,13.0,0.0,199.62859795728878
Mountainside,6925.0,2.0,0.0,0.0,0.0,2.0,53.0,4.0,40.0,9.0,0.0,158.8447653429603
Mount Arlington,5914.0,1.0,0.0,0.0,0.0,1.0,25.0,2.0,22.0,1.0,0.0,87.9269529928982
Mount Ephraim,4565.0,6.0,0.0,0.0,5.0,1.0,200.0,19.0,172.0,9.0,0.0,902.5191675794085
Mount Holly Township,9658.0,38.0,0.0,12.0,7.0,19.0,231.0,17.0,207.0,7.0,1.0,558.0865603644647
Mount Laurel Township,41629.0,52.0,0.0,6.0,17.0,29.0,664.0,51.0,579.0,34.0,1.0,344.2311849912321
Mount Olive Township,28994.0,6.0,0.0,1.0,1.0,4.0,77.0,15.0,59.0,3.0,0.0,57.2532248051321
Mullica Township,6005.0,6.0,0.0,0.0,1.0,5.0,71.0,33.0,31.0,7.0,0.0,256.4529558701082
National Park,2934.0,0.0,0.0,0.0,0.0,0.0,35.0,2.0,31.0,2.0,0.0,238.58214042263123
Neptune City,4694.0,10.0,0.0,1.0,1.0,8.0,141.0,9.0,130.0,2.0,0.0,643.3745206646784
Neptune Township,27825.0,106.0,2.0,4.0,24.0,76.0,851.0,92.0,749.0,10.0,3.0,688.9487870619947
Netcong,3182.0,3.0,0.0,2.0,1.0,0.0,14.0,1.0,12.0,1.0,0.0,106.85103708359522
Newark,282258.0,2069.0,75.0,150.0,689.0,1155.0,5674.0,832.0,2827.0,2015.0,38.0,549.9932685698899
New Brunswick,56577.0,309.0,2.0,30.0,142.0,135.0,1210.0,230.0,907.0,73.0,6.0,538.0278204924263
Newfield,1535.0,0.0,0.0,0.0,0.0,0.0,14.0,2.0,11.0,1.0,0.0,182.41042345276873
New Hanover Township,7504.0,0.0,0.0,0.0,0.0,0.0,2.0,0.0,2.0,0.0,0.0,5.330490405117271
New Milford,16701.0,5.0,0.0,1.0,0.0,4.0,52.0,11.0,39.0,2.0,1.0,68.8581522064547
New Providence,13283.0,0.0,0.0,0.0,0.0,0.0,65.0,7.0,53.0,5.0,0.0,97.86945720093352
Newton,7824.0,11.0,0.0,0.0,1.0,10.0,81.0,8.0,72.0,1.0,1.0,236.4519427402863
North Arlington,15868.0,5.0,0.0,0.0,2.0,3.0,148.0,9.0,120.0,19.0,0.0,192.8409377363247
North Bergen Township,63166.0,98.0,0.0,19.0,27.0,52.0,435.0,70.0,302.0,63.0,0.0,168.76167558496658
North Brunswick Township,42205.0,53.0,0.0,5.0,24.0,24.0,683.0,90.0,562.0,31.0,0.0,348.7738419618529
North Caldwell,6716.0,0.0,0.0,0.0,0.0,0.0,14.0,0.0,12.0,2.0,0.0,41.69148302561048
Northfield,8324.0,8.0,0.0,0.0,2.0,6.0,78.0,29.0,47.0,2.0,0.0,206.63142719846226
North Haledon,8469.0,3.0,0.0,1.0,1.0,1.0,32.0,6.0,26.0,0.0,0.0,82.65438658637385
North Hanover Township,7518.0,6.0,0.0,0.0,0.0,6.0,22.0,5.0,17.0,0.0,0.0,74.487895716946
North Plainfield,21834.0,39.0,1.0,7.0,18.0,13.0,338.0,54.0,272.0,12.0,0.0,345.33296693230744
Northvale,4965.0,2.0,0.0,0.0,0.0,2.0,5.0,0.0,5.0,0.0,0.0,28.197381671701912
North Wildwood,3816.0,13.0,0.0,2.0,1.0,10.0,167.0,23.0,144.0,0.0,0.0,943.3962264150944
Norwood,5836.0,0.0,0.0,0.0,0.0,0.0,15.0,0.0,14.0,1.0,0.0,51.40507196710075
Nutley Township,28596.0,27.0,0.0,2.0,4.0,21.0,197.0,27.0,149.0,21.0,0.0,156.6652678696321
Oakland,13102.0,7.0,0.0,0.0,0.0,7.0,48.0,4.0,44.0,0.0,0.0,83.95664784002442
Oaklyn,3934.0,10.0,0.0,0.0,5.0,5.0,140.0,37.0,99.0,4.0,0.0,762.5826131164209
Ocean City,11138.0,5.0,0.0,0.0,0.0,5.0,283.0,33.0,249.0,1.0,0.0,517.148500628479
Ocean Gate,2001.0,1.0,0.0,0.0,0.0,1.0,30.0,8.0,22.0,0.0,0.0,309.84507746126934
Oceanport,5742.0,4.0,0.0,0.0,0.0,4.0,47.0,11.0,33.0,3.0,0.0,177.63845350052247
"Ocean Township, Monmouth County",26947.0,20.0,0.0,1.0,8.0,11.0,586.0,66.0,505.0,15.0,1.0,450.14287304709245
"Ocean Township, Ocean County",9045.0,1.0,0.0,0.0,1.0,0.0,54.0,8.0,45.0,1.0,0.0,121.61415146489773
Ogdensburg,2262.0,1.0,0.0,1.0,0.0,0.0,3.0,0.0,2.0,1.0,0.0,35.36693191865606
Old Bridge Township,66321.0,28.0,0.0,1.0,12.0,15.0,490.0,49.0,393.0,48.0,0.0,156.20994858340495
Old Tappan,5998.0,1.0,0.0,0.0,0.0,1.0,22.0,2.0,12.0,8.0,0.0,76.69223074358119
Oradell,8243.0,6.0,0.0,4.0,0.0,2.0,25.0,4.0,18.0,3.0,0.0,75.21533422297706
Orange City,30449.0,226.0,6.0,10.0,154.0,56.0,772.0,188.0,411.0,173.0,4.0,656.8360208873855
Oxford Township,2446.0,0.0,0.0,0.0,0.0,0.0,12.0,2.0,9.0,1.0,0.0,98.11937857726902
Palisades Park,20888.0,17.0,0.0,1.0,10.0,6.0,130.0,34.0,80.0,16.0,0.0,140.75067024128688
Palmyra,7198.0,12.0,0.0,3.0,1.0,8.0,152.0,16.0,130.0,6.0,0.0,455.6821339260906
Paramus,26744.0,24.0,0.0,3.0,12.0,9.0,1067.0,24.0,1015.0,28.0,0.0,815.8839365839067
Park Ridge,8858.0,3.0,0.0,0.0,0.0,3.0,15.0,6.0,9.0,0.0,0.0,40.641228268232105
Parsippany-Troy Hills Township,52447.0,29.0,1.0,4.0,6.0,18.0,362.0,53.0,279.0,30.0,0.0,149.1029038839209
Passaic,70435.0,406.0,1.0,7.0,167.0,231.0,1298.0,170.0,943.0,185.0,5.0,484.56023283878756
Paterson,146893.0,1076.0,13.0,49.0,532.0,482.0,3564.0,797.0,2326.0,441.0,8.0,632.2969780724745
Paulsboro,5812.0,16.0,2.0,0.0,8.0,6.0,196.0,59.0,128.0,9.0,0.0,729.5251204404681
Peapack-Gladstone,2588.0,0.0,0.0,0.0,0.0,0.0,19.0,10.0,9.0,0.0,0.0,146.83153013910353
Pemberton Borough,1331.0,2.0,0.0,0.0,2.0,0.0,28.0,2.0,24.0,2.0,0.0,450.78888054094665
Pemberton Township,27212.0,90.0,1.0,0.0,25.0,64.0,547.0,215.0,304.0,28.0,2.0,468.91077465823906
Pennington,2554.0,1.0,0.0,1.0,0.0,0.0,5.0,0.0,5.0,0.0,0.0,46.98512137823023
Pennsauken Township,35420.0,101.0,0.0,5.0,41.0,55.0,909.0,298.0,564.0,47.0,2.0,570.8639186900057
Penns Grove,4790.0,33.0,3.0,4.0,8.0,18.0,180.0,36.0,135.0,9.0,3.0,895.6158663883091
Pennsville Township,12378.0,6.0,0.0,1.0,0.0,5.0,236.0,21.0,209.0,6.0,1.0,391.8242042333172
Pequannock Township,15177.0,3.0,0.0,0.0,0.0,3.0,93.0,17.0,72.0,4.0,0.0,126.50721486459776
Perth Amboy,52347.0,165.0,1.0,0.0,53.0,111.0,721.0,126.0,530.0,65.0,1.0,338.7013582440254
Phillipsburg,14395.0,44.0,0.0,12.0,15.0,17.0,295.0,56.0,230.0,9.0,3.0,473.08093087877734
Pine Beach,2148.0,2.0,0.0,1.0,1.0,0.0,21.0,4.0,17.0,0.0,0.0,214.15270018621976
Pine Hill,10431.0,25.0,0.0,0.0,9.0,16.0,162.0,45.0,114.0,3.0,3.0,361.42268238903273
Pine Valley,11.0,0.0,0.0,0.0,0.0,0.0,0.0,0.0,0.0,0.0,0.0,0.0
Piscataway Township,57342.0,54.0,0.0,6.0,18.0,30.0,425.0,70.0,320.0,35.0,1.0,167.24216106867567
Pitman,8696.0,4.0,1.0,0.0,1.0,2.0,48.0,9.0,38.0,1.0,0.0,119.59521619135235
Plainfield,50820.0,195.0,5.0,4.0,99.0,87.0,820.0,141.0,597.0,82.0,9.0,401.219992129083
Plainsboro Township,23243.0,10.0,0.0,0.0,0.0,10.0,118.0,12.0,102.0,4.0,0.0,110.14068751882287
Pleasantville,20799.0,92.0,1.0,19.0,33.0,39.0,306.0,99.0,195.0,12.0,3.0,384.15308428289825
Plumsted Township,8460.0,1.0,0.0,0.0,0.0,1.0,53.0,22.0,28.0,3.0,0.0,127.6595744680851
Pohatcong Township,3217.0,1.0,0.0,0.0,1.0,0.0,146.0,5.0,140.0,1.0,0.0,913.8949331675474
Point Pleasant,18474.0,14.0,0.0,0.0,2.0,12.0,115.0,22.0,92.0,1.0,0.0,139.65573238064306
Point Pleasant Beach,4472.0,3.0,0.0,0.0,0.0,3.0,64.0,5.0,59.0,0.0,0.0,299.6422182468694
Pompton Lakes,11062.0,15.0,0.0,0.0,0.0,15.0,89.0,24.0,62.0,3.0,0.0,188.03109745073223
Princeton,31856.0,11.0,0.0,0.0,3.0,8.0,224.0,43.0,169.0,12.0,2.0,148.16675037669512
Prospect Park,5893.0,5.0,0.0,1.0,3.0,1.0,95.0,17.0,66.0,12.0,0.0,339.38571186153064
Rahway,30113.0,34.0,0.0,4.0,9.0,21.0,245.0,44.0,163.0,38.0,1.0,185.63411151329993
Ramsey,15126.0,2.0,0.0,0.0,0.0,2.0,106.0,8.0,96.0,2.0,1.0,143.46158931640883
Randolph Township,25552.0,2.0,0.0,0.0,0.0,2.0,128.0,14.0,106.0,8.0,0.0,101.75328741390106
Raritan,8098.0,1.0,0.0,0.0,0.0,1.0,59.0,5.0,54.0,0.0,0.0,148.18473697209186
Raritan Township,22092.0,5.0,0.0,0.0,2.0,3.0,95.0,8.0,84.0,3.0,1.0,90.98316132536664
Readington Township,15941.0,2.0,1.0,0.0,0.0,1.0,82.0,16.0,60.0,6.0,0.0,105.38862053823475
Red Bank,12128.0,21.0,1.0,0.0,6.0,14.0,162.0,14.0,139.0,9.0,0.0,301.7810026385224
Ridgefield,11329.0,3.0,0.0,0.0,1.0,2.0,68.0,7.0,57.0,4.0,0.0,125.34204254567922
Ridgefield Park,13028.0,13.0,0.0,0.0,2.0,11.0,99.0,9.0,88.0,2.0,0.0,171.93736567393307
Ridgewood,25429.0,5.0,0.0,1.0,0.0,4.0,155.0,22.0,130.0,3.0,0.0,125.84057572063392
Ringwood,12303.0,6.0,0.0,1.0,0.0,5.0,48.0,15.0,29.0,4.0,0.0,87.78346744696415
Riverdale,4293.0,0.0,0.0,0.0,0.0,0.0,93.0,5.0,85.0,3.0,0.0,433.26345213137665
River Edge,11611.0,0.0,0.0,0.0,0.0,0.0,64.0,6.0,56.0,2.0,0.0,110.24028938075962
Riverside Township,7875.0,7.0,0.0,0.0,1.0,6.0,15.0,8.0,6.0,1.0,0.0,55.873015873015866
Riverton,2698.0,2.0,0.0,0.0,0.0,2.0,35.0,4.0,30.0,1.0,0.0,274.2772424017791
River Vale Township,10157.0,1.0,0.0,0.0,0.0,1.0,24.0,2.0,19.0,3.0,1.0,50.21167667618391
Robbinsville Township,14710.0,2.0,1.0,0.0,1.0,0.0,59.0,10.0,47.0,2.0,0.0,82.93677770224336
Rochelle Park Township,5648.0,1.0,0.0,0.0,1.0,0.0,73.0,8.0,62.0,3.0,0.0,262.0396600566572
Rockaway,6388.0,0.0,0.0,0.0,0.0,0.0,54.0,5.0,48.0,1.0,0.0,169.0670006261741
Rockaway Township,25328.0,6.0,0.0,0.0,3.0,3.0,294.0,14.0,269.0,11.0,0.0,236.8919772583702
Rockleigh,526.0,1.0,0.0,0.0,0.0,1.0,0.0,0.0,0.0,0.0,0.0,38.02281368821293
Roseland,5867.0,1.0,0.0,0.0,0.0,1.0,31.0,6.0,19.0,6.0,0.0,109.08471109596046
Roselle,21787.0,45.0,0.0,0.0,14.0,31.0,281.0,53.0,203.0,25.0,1.0,299.720016523615
Roselle Park,13698.0,5.0,0.0,0.0,4.0,1.0,104.0,6.0,91.0,7.0,0.0,159.14732077675572
Roxbury Township,23010.0,1.0,0.0,1.0,0.0,0.0,127.0,9.0,111.0,7.0,0.0,111.25597566275533
Rumson,6835.0,1.0,0.0,0.0,0.0,1.0,26.0,3.0,13.0,10.0,0.0,79.00512070226775
Runnemede,8261.0,7.0,0.0,0.0,2.0,5.0,208.0,53.0,147.0,8.0,2.0,522.9391114877134
Rutherford,18617.0,19.0,0.0,1.0,3.0,15.0,164.0,22.0,132.0,10.0,0.0,196.59451039372618
Saddle Brook Township,14037.0,1.0,0.0,0.0,0.0,1.0,192.0,2.0,187.0,3.0,0.0,274.98753294863576
Saddle River,3230.0,0.0,0.0,0.0,0.0,0.0,29.0,4.0,17.0,8.0,0.0,179.56656346749224
Salem,4726.0,43.0,2.0,2.0,9.0,30.0,221.0,75.0,129.0,17.0,11.0,1140.4993652137114
Sayreville,45062.0,44.0,0.0,3.0,6.0,35.0,301.0,31.0,236.0,34.0,3.0,153.7881141538325
Scotch Plains Township,24423.0,10.0,0.0,1.0,2.0,7.0,171.0,36.0,127.0,8.0,0.0,148.2209392785489
Sea Bright,1379.0,2.0,0.0,1.0,0.0,1.0,5.0,2.0,3.0,0.0,0.0,101.5228426395939
Sea Girt,1766.0,4.0,0.0,0.0,2.0,2.0,32.0,2.0,24.0,6.0,0.0,407.7010192525481
Sea Isle City,2061.0,3.0,0.0,0.0,3.0,0.0,103.0,23.0,80.0,0.0,0.0,1028.6268801552644
Seaside Heights,2872.0,26.0,1.0,1.0,6.0,18.0,215.0,38.0,173.0,4.0,0.0,1678.2729805013926
Seaside Park,1526.0,0.0,0.0,0.0,0.0,0.0,26.0,1.0,25.0,0.0,0.0,340.76015727391876
Secaucus,20482.0,30.0,0.0,0.0,14.0,16.0,526.0,32.0,473.0,21.0,0.0,542.9157308856556
Ship Bottom,1129.0,0.0,0.0,0.0,0.0,0.0,23.0,4.0,19.0,0.0,0.0,407.4402125775022
Shrewsbury,4170.0,1.0,0.0,0.0,0.0,1.0,85.0,10.0,72.0,3.0,0.0,412.47002398081537
Somerdale,5484.0,13.0,0.0,0.0,6.0,7.0,175.0,32.0,138.0,5.0,0.0,685.6309263311451
Somers Point,10436.0,14.0,0.0,3.0,6.0,5.0,246.0,30.0,209.0,7.0,0.0,498.2752012265236
Somerville,12326.0,16.0,0.0,2.0,5.0,9.0,131.0,24.0,101.0,6.0,0.0,238.52020120071396
South Amboy,8764.0,6.0,0.0,0.0,1.0,5.0,97.0,19.0,68.0,10.0,1.0,236.19351894112276
South Bound Brook,4621.0,4.0,0.0,2.0,1.0,1.0,28.0,5.0,21.0,2.0,0.0,138.4981605713049
South Brunswick Township,46340.0,23.0,0.0,5.0,7.0,11.0,276.0,46.0,219.0,11.0,1.0,129.26197669400085
South Hackensack Township,2473.0,6.0,1.0,0.0,3.0,2.0,63.0,6.0,51.0,6.0,0.0,558.0266882329155
South Harrison Township,3118.0,0.0,0.0,0.0,0.0,0.0,13.0,3.0,8.0,2.0,0.0,83.38678640153944
South Orange Village,16880.0,22.0,0.0,0.0,10.0,12.0,293.0,38.0,229.0,26.0,0.0,373.22274881516586
South Plainfield,24238.0,23.0,0.0,0.0,5.0,18.0,397.0,34.0,339.0,24.0,1.0,346.97582308771354
South River,16159.0,19.0,0.0,3.0,2.0,14.0,122.0,16.0,102.0,4.0,2.0,175.7534500897333
South Toms River,3740.0,7.0,0.0,0.0,1.0,6.0,43.0,5.0,35.0,3.0,0.0,267.379679144385
Sparta Township,18694.0,5.0,0.0,0.0,1.0,4.0,54.0,6.0,41.0,7.0,0.0,63.12185728041083
Spotswood,8364.0,1.0,0.0,0.0,0.0,1.0,61.0,7.0,53.0,1.0,0.0,148.2544237207078
"Springfield Township, Burlington County",3280.0,1.0,0.0,0.0,1.0,0.0,26.0,5.0,19.0,2.0,1.0,167.6829268292683
"Springfield Township, Union County",17762.0,4.0,0.0,0.0,1.0,3.0,144.0,22.0,113.0,9.0,0.0,166.64790001126002
Spring Lake,2958.0,0.0,0.0,0.0,0.0,0.0,41.0,4.0,35.0,2.0,0.0,277.21433400946586
Spring Lake Heights,4607.0,1.0,0.0,0.0,1.0,0.0,17.0,1.0,11.0,5.0,0.0,78.14195789016715
Stafford Township,27141.0,15.0,0.0,1.0,1.0,13.0,183.0,13.0,162.0,8.0,1.0,146.27316605873034
Stanhope,3306.0,2.0,0.0,0.0,1.0,1.0,18.0,0.0,17.0,1.0,0.0,120.99213551119178
Stone Harbor,816.0,0.0,0.0,0.0,0.0,0.0,63.0,8.0,54.0,1.0,0.0,1544.1176470588236
Stratford,6913.0,6.0,0.0,1.0,3.0,2.0,77.0,11.0,65.0,1.0,0.0,240.12729639809058
Summit,22125.0,7.0,0.0,2.0,5.0,0.0,143.0,9.0,120.0,14.0,0.0,135.59322033898306
Surf City,1174.0,0.0,0.0,0.0,0.0,0.0,12.0,1.0,11.0,0.0,0.0,204.42930153321976
Swedesboro,2557.0,1.0,0.0,0.0,1.0,0.0,14.0,1.0,12.0,1.0,0.0,117.32499022291749
Tavistock,5.0,0.0,0.0,0.0,0.0,0.0,1.0,0.0,1.0,0.0,0.0,4000.0
Teaneck Township,40939.0,45.0,0.0,10.0,13.0,22.0,419.0,79.0,322.0,18.0,2.0,227.16724883363054
Tenafly,14742.0,4.0,0.0,0.0,1.0,3.0,37.0,9.0,21.0,7.0,0.0,55.62338895672229
Teterboro,68.0,1.0,0.0,0.0,0.0,1.0,137.0,0.0,132.0,5.0,0.0,40588.23529411764
Tewksbury Township,5825.0,0.0,0.0,0.0,0.0,0.0,12.0,3.0,8.0,1.0,0.0,41.201716738197426
Tinton Falls,17754.0,5.0,0.0,0.0,1.0,4.0,182.0,15.0,164.0,3.0,0.0,210.65675340768277
Toms River Township,92191.0,55.0,1.0,19.0,10.0,25.0,1317.0,171.0,1112.0,34.0,1.0,297.75140740419346
Totowa,10666.0,12.0,1.0,1.0,0.0,10.0,219.0,12.0,198.0,9.0,0.0,433.15207200450027
Trenton,83753.0,973.0,16.0,40.0,342.0,575.0,2467.0,772.0,1318.0,377.0,14.0,823.1346936826144
Tuckerton,3336.0,1.0,0.0,0.0,0.0,1.0,36.0,14.0,21.0,1.0,0.0,221.82254196642685
Union Beach,5469.0,7.0,0.0,1.0,0.0,6.0,24.0,2.0,20.0,2.0,0.0,113.36624611446335
Union City,69950.0,233.0,2.0,0.0,76.0,155.0,1078.0,95.0,894.0,89.0,0.0,374.8391708363116
Union Township,58861.0,45.0,0.0,1.0,24.0,20.0,954.0,96.0,767.0,91.0,1.0,339.61366609469763
Upper Saddle River,8330.0,0.0,0.0,0.0,0.0,0.0,25.0,1.0,15.0,9.0,0.0,60.02400960384154
Ventnor City,10182.0,17.0,3.0,0.0,5.0,9.0,259.0,54.0,199.0,6.0,1.0,543.1153015124729
Vernon Township,22057.0,1.0,0.0,0.0,0.0,1.0,100.0,12.0,82.0,6.0,0.0,91.5809040213991
Verona,13437.0,0.0,0.0,0.0,0.0,0.0,89.0,15.0,68.0,6.0,0.0,132.47004539703804
Vineland,60330.0,258.0,1.0,22.0,59.0,176.0,2021.0,399.0,1564.0,58.0,9.0,757.0031493452676
Voorhees Township,29071.0,42.0,0.0,12.0,10.0,20.0,375.0,35.0,322.0,18.0,1.0,287.2278215403667
Waldwick,10019.0,2.0,0.0,0.0,0.0,2.0,47.0,8.0,34.0,5.0,0.0,97.81415310909273
Wallington,11676.0,5.0,0.0,0.0,2.0,3.0,120.0,8.0,108.0,4.0,0.0,214.11442274751627
Wall Township,25955.0,6.0,0.0,0.0,0.0,6.0,262.0,36.0,225.0,1.0,0.0,206.51126950491232
Wanaque,11960.0,11.0,0.0,0.0,2.0,9.0,71.0,1.0,70.0,0.0,0.0,137.12374581939798
Warren Township,15951.0,3.0,0.0,1.0,1.0,1.0,52.0,10.0,28.0,14.0,0.0,68.96119365557018
Washington,6535.0,4.0,0.0,0.0,0.0,4.0,47.0,19.0,28.0,0.0,0.0,156.08263198163735
"Washington Township, Bergen County",9299.0,0.0,0.0,0.0,0.0,0.0,29.0,6.0,20.0,3.0,0.0,62.37229809656952
"Washington Township, Gloucester County",47024.0,66.0,1.0,1.0,10.0,54.0,554.0,73.0,463.0,18.0,0.0,263.6951343994556
"Washington Township, Morris County",18484.0,7.0,0.0,3.0,0.0,4.0,50.0,6.0,39.0,5.0,0.0,61.67496212940922
"Washington Township, Warren County",6434.0,2.0,0.0,1.0,0.0,1.0,50.0,9.0,39.0,2.0,0.0,161.6412806963009
Watchung,5939.0,1.0,0.0,0.0,1.0,0.0,395.0,17.0,374.0,4.0,0.0,1333.5578380198688
Waterford Township,10641.0,7.0,0.0,1.0,1.0,5.0,64.0,9.0,51.0,4.0,0.0,133.44610468940888
Wayne Township,54340.0,64.0,0.0,0.0,13.0,51.0,986.0,75.0,875.0,36.0,5.0,387.37578211262417
Weehawken Township,15567.0,23.0,0.0,0.0,7.0,16.0,223.0,24.0,182.0,17.0,0.0,316.0531894391983
Wenonah,2201.0,3.0,0.0,0.0,0.0,3.0,13.0,7.0,4.0,2.0,0.0,145.3884597910041
Westampton Township,8752.0,18.0,0.0,7.0,6.0,5.0,144.0,27.0,109.0,8.0,1.0,371.3436928702011
West Amwell Township,2757.0,2.0,0.0,1.0,0.0,1.0,16.0,7.0,9.0,0.0,0.0,130.57671381936888
West Caldwell Township,10912.0,2.0,0.0,0.0,0.0,2.0,68.0,5.0,57.0,6.0,0.0,128.29912023460412
West Cape May,1015.0,1.0,0.0,0.0,0.0,1.0,13.0,3.0,10.0,0.0,0.0,275.8620689655172
West Deptford Township,20889.0,19.0,0.0,2.0,4.0,13.0,290.0,73.0,203.0,14.0,0.0,295.8494901622864
Westfield,30011.0,4.0,0.0,0.0,2.0,2.0,217.0,24.0,167.0,26.0,0.0,147.27933091199893
West Long Branch,7957.0,3.0,0.0,0.0,2.0,1.0,101.0,9.0,86.0,6.0,0.0,261.40505215533494
West Milford Township,26560.0,10.0,0.0,2.0,0.0,8.0,158.0,23.0,127.0,8.0,2.0,127.25903614457832
West New York,54095.0,138.0,1.0,7.0,61.0,69.0,567.0,92.0,449.0,26.0,1.0,260.8374156576393
West Orange,48071.0,91.0,1.0,13.0,24.0,53.0,615.0,81.0,462.0,72.0,0.0,293.73218780553765
Westville,4121.0,5.0,0.0,0.0,2.0,3.0,118.0,22.0,84.0,12.0,0.0,596.9424896869692
West Wildwood,561.0,0.0,0.0,0.0,0.0,0.0,6.0,1.0,4.0,1.0,0.0,213.903743315508
West Windsor Township,28277.0,11.0,0.0,2.0,3.0,6.0,298.0,48.0,243.0,7.0,1.0,218.9058245216961
Westwood,11219.0,11.0,0.0,1.0,0.0,10.0,57.0,20.0,36.0,1.0,0.0,121.22292539442019
Wharton,6482.0,2.0,0.0,0.0,0.0,2.0,69.0,10.0,57.0,2.0,0.0,219.06818883060782
Wildwood,5035.0,40.0,0.0,1.0,10.0,29.0,314.0,39.0,269.0,6.0,0.0,1406.1569016881829
Wildwood Crest,3116.0,7.0,0.0,0.0,0.0,7.0,61.0,19.0,42.0,0.0,0.0,436.45699614890884
Willingboro Township,32124.0,112.0,0.0,9.0,23.0,80.0,476.0,152.0,297.0,27.0,4.0,367.32660938861915
Winfield Township,1514.0,1.0,0.0,0.0,1.0,0.0,8.0,5.0,3.0,0.0,0.0,118.89035667107001
Winslow Township,38382.0,64.0,3.0,20.0,8.0,33.0,512.0,143.0,357.0,12.0,6.0,301.70392371424106
Woodbridge Township,100884.0,113.0,0.0,6.0,32.0,75.0,1554.0,142.0,1325.0,87.0,6.0,331.0733119226042
Woodbury,9746.0,53.0,1.0,0.0,28.0,24.0,423.0,65.0,328.0,30.0,0.0,976.8109993843628
Woodbury Heights,2944.0,0.0,0.0,0.0,0.0,0.0,52.0,4.0,43.0,5.0,0.0,353.2608695652174
Woodcliff Lake,5844.0,0.0,0.0,0.0,0.0,0.0,20.0,3.0,13.0,4.0,0.0,68.44626967830253
Woodland Park,12799.0,10.0,0.0,2.0,2.0,6.0,149.0,16.0,127.0,6.0,0.0,248.45691069614813
Woodlynne,2902.0,11.0,0.0,0.0,4.0,7.0,43.0,5.0,31.0,7.0,0.0,372.15713301171604
Wood-Ridge,9105.0,7.0,0.0,0.0,1.0,6.0,83.0,5.0,77.0,1.0,0.0,197.69357495881383
Woodstown,3447.0,2.0,0.0,0.0,0.0,2.0,46.0,30.0,14.0,2.0,0.0,278.503046127067
Woolwich Township,12636.0,0.0,0.0,0.0,0.0,0.0,50.0,3.0,43.0,4.0,0.0,79.13896802785692
Wyckoff Township,17161.0,6.0,0.0,1.0,1.0,4.0,84.0,9.0,70.0,5.0,1.0,105.47170910786085
1 The figures shown in this column for the offense of rape were reported using only the revised Uniform Crime Reporting definition of rape. See the data declaration for further explanation. ,,,,,,,,,,,,
