Social_positive,Social_neutral,None_neutral,None_positive,Environmental_neutral,Environmental_positive,Social_negative,Environmental_negative,None_negative,Governance_neutral,Governance_positive,Governance_negative,Folder
18.439716312056735,37.5886524822695,26.595744680851062,3.1914893617021276,1.773049645390071,1.2411347517730498,5.49645390070922,0.7092198581560284,1.773049645390071,2.6595744680851063,0.3546099290780142,0.1773049645390071,Aberdeen township
21.34268537074148,27.55511022044088,20.34068136272545,7.715430861723446,8.016032064128256,6.012024048096192,4.809619238476954,1.002004008016032,2.1042084168336674,0.8016032064128256,0.30060120240480964,0.0,Absecon city
15.604395604395604,38.901098901098905,26.813186813186814,6.153846153846154,1.3186813186813187,1.3186813186813187,7.032967032967033,0.0,0.43956043956043955,1.9780219780219779,0.21978021978021978,0.21978021978021978,Alexandria township
24.010554089709764,31.398416886543533,17.54617414248021,2.5065963060686016,8.575197889182059,6.464379947229551,3.2981530343007917,1.7150395778364116,1.0554089709762533,2.5065963060686016,0.6596306068601583,0.2638522427440633,Allamuchy township
44.73684210526316,13.157894736842104,11.842105263157894,3.9473684210526314,7.894736842105263,11.842105263157894,3.9473684210526314,1.3157894736842104,1.3157894736842104,0.0,0.0,0.0,Alloway township
14.684466019417474,32.5242718446602,33.980582524271846,3.1553398058252426,3.3980582524271843,2.063106796116505,4.490291262135923,0.12135922330097086,1.3349514563106795,3.5194174757281553,0.6067961165048543,0.12135922330097086,Andover borough
25.477707006369428,20.382165605095544,23.56687898089172,10.191082802547772,3.821656050955414,1.910828025477707,4.45859872611465,2.547770700636943,5.095541401273886,0.6369426751592357,1.2738853503184715,0.6369426751592357,Andover township
35.04950495049505,20.198019801980198,17.62376237623762,7.326732673267326,4.356435643564356,4.9504950495049505,4.752475247524752,1.188118811881188,1.782178217821782,1.782178217821782,0.7920792079207921,0.19801980198019803,Atlantic City city
23.47826086956522,24.347826086956523,26.956521739130434,8.695652173913043,3.4782608695652173,1.7391304347826086,5.217391304347826,0.0,1.7391304347826086,1.7391304347826086,2.608695652173913,0.0,Avon-by-the-Sea borough
19.689119170984455,32.12435233160622,20.552677029360964,5.699481865284974,8.46286701208981,2.763385146804836,4.66321243523316,2.5906735751295336,1.5544041450777202,1.5544041450777202,0.3454231433506045,0.0,Barnegat Light borough
23.03206997084548,13.994169096209912,32.06997084548105,6.997084548104956,5.830903790087463,6.705539358600583,4.081632653061225,1.1661807580174928,3.498542274052478,2.0408163265306123,0.5830903790087464,0.0,Barnegat township
18.75,21.875,25.0,9.375,12.5,0.0,12.5,0.0,0.0,0.0,0.0,0.0,Bass River township
15.073272854152128,29.239357990230285,26.86671318911375,6.489881367759945,5.512909979064899,3.0006978367062107,7.048150732728542,0.6978367062107467,5.512909979064899,0.20935101186322402,0.34891835310537334,0.0,Bayonne city
18.670886075949365,25.949367088607595,25.63291139240506,7.9113924050632916,6.962025316455696,4.430379746835443,2.848101265822785,1.2658227848101267,2.2151898734177213,1.89873417721519,1.2658227848101267,0.949367088607595,Beach Haven borough
18.72037914691943,23.22274881516588,29.14691943127962,10.189573459715639,5.924170616113744,1.4218009478672986,5.924170616113744,0.47393364928909953,2.6066350710900474,0.7109004739336493,0.9478672985781991,0.7109004739336493,Bedminster township
23.55117139334155,17.50924784217016,20.098643649815042,11.713933415536374,8.014796547472256,5.6720098643649814,5.055487053020962,3.5758323057953145,3.3292231812577064,1.1097410604192355,0.36991368680641185,0.0,Berkeley township
18.24212271973466,22.056384742951906,18.407960199004975,10.364842454394694,3.399668325041459,4.477611940298507,13.930348258706468,2.155887230514096,3.9800995024875623,1.4096185737976783,1.1608623548922055,0.41459369817578773,Berlin borough
30.478955007256893,15.674891146589259,17.99709724238026,13.062409288824384,2.0319303338171264,3.3381712626995643,11.46589259796807,1.0159651669085632,3.1930333817126266,1.3062409288824384,0.29027576197387517,0.14513788098693758,Berlin township
24.655963302752294,14.678899082568808,19.15137614678899,11.46788990825688,6.422018348623854,5.73394495412844,6.307339449541284,2.637614678899083,3.4403669724770642,3.096330275229358,2.064220183486239,0.34403669724770647,Bernards township
30.19607843137255,35.68627450980392,16.862745098039216,5.490196078431373,0.39215686274509803,3.1372549019607843,3.9215686274509802,0.0,0.39215686274509803,1.5686274509803921,2.3529411764705883,0.0,Bethlehem township
24.76489028213166,16.614420062695924,28.369905956112852,10.658307210031348,2.978056426332288,1.2539184952978055,10.18808777429467,0.4702194357366771,2.664576802507837,0.4702194357366771,0.9404388714733543,0.6269592476489028,Beverly city
37.79193205944799,15.286624203821656,17.40976645435244,7.855626326963907,6.581740976645436,5.3078556263269645,6.369426751592357,1.910828025477707,1.2738853503184715,0.0,0.0,0.21231422505307856,Blairstown township
33.931484502446985,27.895595432300162,15.660685154975528,3.0995106035889073,0.9787928221859705,3.588907014681892,8.809135399673735,2.6101141924959217,1.1419249592169658,0.8156606851549755,1.468189233278956,0.0,Bloomfield township
16.786817713697218,18.537590113285273,40.26776519052523,4.634397528321318,2.1627188465499483,1.544799176107106,10.916580844490216,0.9268795056642637,3.398558187435633,0.4119464469618949,0.4119464469618949,0.0,Bloomingdale borough
20.408163265306122,27.4234693877551,21.1734693877551,10.714285714285714,2.5510204081632653,1.2755102040816326,4.591836734693878,1.2755102040816326,1.530612244897959,3.316326530612245,4.974489795918367,0.7653061224489796,Bogota borough
18.72749099639856,19.08763505402161,26.53061224489796,10.804321728691477,6.122448979591836,2.2809123649459786,5.5222088835534215,2.7611044417767108,4.081632653061225,1.440576230492197,1.9207683073229291,0.7202881152460985,Boonton township
29.432375613174493,21.86405045550105,18.500350385423967,5.536089698668535,4.625087596355992,8.479327259985984,4.905395935529082,0.9110021023125439,3.50385423966363,1.1913104414856344,0.8409250175192713,0.21023125437981782,Bordentown city
29.254571026722925,26.582278481012654,13.783403656821378,3.375527426160337,7.172995780590717,7.032348804500703,5.063291139240507,0.5625879043600562,1.1251758087201125,3.938115330520394,1.969057665260197,0.14064697609001406,Bordentown township
14.285714285714285,30.85234093637455,23.04921968787515,8.523409363745499,4.441776710684274,1.2004801920768309,8.16326530612245,1.440576230492197,3.961584633853541,2.1608643457382954,0.9603841536614646,0.9603841536614646,Bound Brook borough
27.699530516431924,24.647887323943664,18.07511737089202,7.746478873239436,5.868544600938967,5.164319248826291,6.338028169014084,1.643192488262911,2.3474178403755865,0.2347417840375587,0.2347417840375587,0.0,Bradley Beach borough
23.29113924050633,19.746835443037973,20.0,8.354430379746836,3.0379746835443036,2.0253164556962027,11.39240506329114,0.0,2.5316455696202533,4.810126582278481,3.79746835443038,1.0126582278481013,Branchburg township
15.65217391304348,22.434782608695652,24.52173913043478,9.043478260869566,4.869565217391305,3.130434782608696,8.0,2.086956521739131,5.913043478260869,3.130434782608696,0.6956521739130435,0.5217391304347827,Branchville borough
28.88318356867779,20.539152759948653,17.715019255455715,9.499358151476251,4.2362002567394095,3.8510911424903727,6.8035943517329915,1.1553273427471118,2.4390243902439024,2.6957637997432604,0.8985879332477535,1.2836970474967908,Brick township
25.0,28.438661710037177,19.888475836431226,5.947955390334572,4.368029739776952,6.319702602230483,4.368029739776952,1.486988847583643,3.3457249070631967,0.37174721189591076,0.37174721189591076,0.09293680297397769,Bridgeton city
24.307304785894207,15.994962216624685,22.544080604534006,11.712846347607053,6.926952141057935,3.5264483627204033,6.297229219143577,2.644836272040302,3.6523929471032743,1.0075566750629723,1.0075566750629723,0.3778337531486146,Bridgewater township
14.612868047982552,20.283533260632495,17.77535441657579,7.415485278080698,14.067611777535442,3.707742639040349,6.324972737186478,8.615049073064341,5.125408942202835,1.9629225736095965,0.0,0.10905125408942204,Brielle borough
25.04378283712785,20.75306479859895,21.71628721541156,8.756567425569177,5.779334500875657,4.553415061295972,6.3922942206655,2.189141856392294,4.028021015761821,0.2626970227670753,0.5253940455341506,0.0,Brigantine city
43.75,22.916666666666664,12.5,6.25,4.166666666666666,6.25,4.166666666666666,0.0,0.0,0.0,0.0,0.0,Buena Vista township
31.38500635324015,20.4574332909784,14.612452350698856,7.242693773824651,7.369758576874205,6.861499364675986,8.259212198221093,0.8894536213468869,2.41423125794155,0.0,0.25412960609911056,0.25412960609911056,Burlington city
21.714285714285715,14.857142857142858,29.142857142857142,3.428571428571429,21.714285714285715,4.0,2.857142857142857,2.2857142857142856,0.0,0.0,0.0,0.0,Burlington township
25.733634311512414,22.799097065462753,10.835214446952596,7.900677200902935,6.094808126410835,8.35214446952596,8.803611738148984,3.837471783295711,3.611738148984198,1.3544018058690745,0.6772009029345373,0.0,Byram township
20.743405275779374,34.65227817745804,21.822541966426858,7.434052757793765,2.5179856115107913,4.316546762589928,4.916067146282973,0.9592326139088728,1.079136690647482,0.9592326139088728,0.4796163069544364,0.1199040767386091,Caldwell borough
15.267175572519085,30.15267175572519,24.80916030534351,7.442748091603053,5.343511450381679,2.8625954198473282,8.015267175572518,1.5267175572519083,3.6259541984732824,0.38167938931297707,0.5725190839694656,0.0,Califon borough
26.666666666666668,18.82882882882883,19.72972972972973,9.18918918918919,4.504504504504505,4.414414414414415,9.54954954954955,1.3513513513513513,2.6126126126126126,1.5315315315315314,1.3513513513513513,0.2702702702702703,Camden city
22.693266832917704,23.44139650872818,23.44139650872818,8.89443059019119,6.400665004156276,4.239401496259352,3.99002493765586,1.4131338320864506,3.99002493765586,0.8312551953449709,0.5818786367414797,0.0831255195344971,Cape May city
40.0,20.18018018018018,13.873873873873874,7.927927927927928,2.3423423423423424,6.846846846846846,4.1441441441441444,0.7207207207207207,1.4414414414414414,0.7207207207207207,1.2612612612612613,0.5405405405405406,Carneys Point township
19.072847682119207,17.748344370860927,22.3841059602649,5.298013245033113,6.225165562913907,7.152317880794702,10.596026490066226,7.0198675496688745,2.913907284768212,1.0596026490066226,0.26490066225165565,0.26490066225165565,Cedar Grove township
21.645997745208568,35.62570462232244,20.462232243517477,4.227733934611049,3.8895152198421648,2.480270574971815,5.749718151071026,1.9729425028184893,1.2401352874859075,1.9729425028184893,0.5636978579481398,0.16910935738444194,Chatham borough
22.22222222222222,17.989417989417987,20.105820105820104,13.756613756613756,4.761904761904762,9.523809523809524,3.7037037037037033,2.6455026455026456,3.1746031746031744,0.0,1.5873015873015872,0.5291005291005291,Chatham township
23.048094940662086,27.482823235477827,22.610868207370395,7.682698313554029,3.560274828232355,2.623360399750156,6.37101811367895,0.9369144284821986,2.873204247345409,1.2492192379762648,1.1867582760774515,0.3747657713928795,Cherry Hill township
18.181818181818183,24.380165289256198,14.669421487603307,6.8181818181818175,9.50413223140496,5.578512396694215,11.363636363636363,4.132231404958678,1.4462809917355373,1.4462809917355373,2.272727272727273,0.2066115702479339,Chester township
19.727891156462583,32.482993197278915,20.74829931972789,8.673469387755102,4.081632653061225,4.2517006802721085,3.9115646258503403,1.3605442176870748,1.7006802721088436,1.870748299319728,1.1904761904761905,0.0,Chesterfield township
23.91304347826087,20.652173913043477,23.29192546583851,7.608695652173914,7.919254658385093,3.4161490683229814,6.521739130434782,1.7080745341614907,2.329192546583851,1.0869565217391304,1.3975155279503106,0.15527950310559005,Cinnaminson township
24.104234527687296,25.732899022801302,25.0814332247557,7.81758957654723,0.6514657980456027,1.3029315960912053,9.120521172638437,1.3029315960912053,2.9315960912052117,0.6514657980456027,1.3029315960912053,0.0,City of Orange township
31.664726426076832,16.880093131548314,19.67403958090803,7.566938300349244,4.772991850989523,6.169965075669383,8.498253783469151,1.3969732246798603,2.4447031431897557,0.23282887077997672,0.3492433061699651,0.3492433061699651,Clifton city
34.77218225419664,16.786570743405278,17.505995203836928,8.15347721822542,3.357314148681055,2.877697841726619,7.194244604316546,0.7194244604316548,5.0359712230215825,2.158273381294964,1.1990407673860912,0.2398081534772182,Clinton township
17.82006920415225,21.62629757785467,26.124567474048444,11.76470588235294,3.9792387543252596,1.7301038062283738,5.709342560553633,2.422145328719723,6.5743944636678195,0.5190311418685121,1.7301038062283738,0.0,Collingswood borough
17.62278167560875,20.965744944283944,19.72761040033017,7.057366900536525,11.968633924886504,4.787453569954601,7.139909203466777,3.7144036318613285,3.549319026000825,2.269913330581923,0.8254230293025175,0.37144036318613294,Colts Neck township
20.374220374220375,31.392931392931395,22.66112266112266,4.5738045738045745,2.079002079002079,0.6237006237006237,10.187110187110187,2.079002079002079,1.4553014553014554,2.2869022869022873,2.2869022869022873,0.0,Commercial township
27.246376811594203,20.579710144927535,17.101449275362317,11.014492753623188,1.4492753623188406,3.768115942028986,11.594202898550725,0.2898550724637681,2.608695652173913,2.0289855072463765,2.0289855072463765,0.2898550724637681,Corbin City city
46.21072088724584,17.375231053604438,9.796672828096119,14.78743068391867,1.8484288354898337,1.6635859519408502,3.1423290203327174,0.7393715341959335,1.6635859519408502,1.1090573012939002,1.1090573012939002,0.5545286506469501,Cranbury township
25.139664804469277,31.843575418994412,12.849162011173185,6.145251396648044,5.027932960893855,9.497206703910614,3.35195530726257,1.675977653631285,2.2346368715083798,1.1173184357541899,0.5586592178770949,0.5586592178770949,Cranford township
6.981317600786626,10.96361848574238,73.62340216322517,2.4827925270403144,1.6224188790560472,0.2949852507374631,1.6224188790560472,0.22123893805309736,1.991150442477876,0.12291052114060963,0.049164208456243856,0.024582104228121928,Cresskill borough
32.38938053097345,29.734513274336283,18.053097345132745,7.256637168141593,1.9469026548672566,1.238938053097345,4.424778761061947,0.8849557522123894,1.0619469026548671,1.415929203539823,1.238938053097345,0.35398230088495575,Deerfield township
10.0,30.0,20.0,13.333333333333334,13.333333333333334,0.0,6.666666666666667,0.0,0.0,6.666666666666667,0.0,0.0,Delanco township
17.68802228412256,20.61281337047354,19.498607242339833,7.103064066852367,12.256267409470752,9.749303621169917,4.03899721448468,2.2284122562674096,1.6713091922005572,0.5571030640668524,4.3175487465181055,0.2785515320334262,Delaware township
16.276202219482123,12.453760789149198,22.934648581997532,16.646115906288532,2.7127003699136867,3.2059186189889024,14.919852034525277,0.8631319358816275,7.274969173859433,1.6029593094944512,0.8631319358816275,0.2466091245376079,Delran township
24.585987261146496,26.24203821656051,18.08917197452229,4.840764331210192,7.261146496815287,3.949044585987261,8.535031847133757,2.420382165605096,2.9299363057324843,0.7643312101910829,0.3821656050955414,0.0,Dennis township
16.96869851729819,16.474464579901152,22.075782537067546,10.70840197693575,7.248764415156507,4.448105436573312,7.742998352553541,2.800658978583196,4.118616144975288,3.2948929159802307,3.9538714991762767,0.16474464579901155,Denville township
40.43715846994536,34.97267759562842,8.19672131147541,6.557377049180328,0.546448087431694,0.0,6.0109289617486334,0.0,2.185792349726776,0.0,1.092896174863388,0.0,Deptford township
9.284420289855072,7.69927536231884,62.86231884057971,3.0344202898550723,2.717391304347826,2.083333333333333,7.518115942028985,0.6793478260869565,2.717391304347826,0.7246376811594203,0.4076086956521739,0.2717391304347826,Dover town
28.28282828282828,20.404040404040405,22.828282828282827,6.8686868686868685,2.6262626262626263,5.05050505050505,5.858585858585859,1.6161616161616161,2.4242424242424243,2.8282828282828283,1.2121212121212122,0.0,Downe township
12.582781456953644,15.2317880794702,45.033112582781456,9.271523178807946,5.298013245033113,3.3112582781456954,0.0,0.6622516556291391,7.28476821192053,1.3245033112582782,0.0,0.0,Dumont borough
21.21212121212121,16.363636363636363,19.393939393939394,20.0,4.242424242424243,5.757575757575758,5.757575757575758,0.30303030303030304,4.545454545454546,0.0,1.8181818181818181,0.6060606060606061,Eagleswood township
17.150395778364118,29.815303430079155,22.427440633245382,7.12401055408971,5.936675461741425,4.089709762532982,4.617414248021108,4.089709762532982,1.978891820580475,1.7150395778364116,0.79155672823219,0.2638522427440633,East Amwell township
16.472303206997086,30.612244897959183,28.86297376093295,8.746355685131196,5.1020408163265305,2.623906705539359,4.081632653061225,0.7288629737609329,1.6034985422740524,0.2915451895043732,0.8746355685131195,0.0,East Brunswick township
20.43399638336347,20.61482820976492,19.89150090415913,13.200723327305605,3.074141048824593,4.520795660036167,7.233273056057866,1.4466546112115732,3.9783001808318263,3.074141048824593,1.9891500904159132,0.5424954792043399,East Greenwich township
12.31493943472409,17.765814266487215,50.06729475100941,6.7294751009421265,3.4320323014804845,1.278600269179004,4.306864064602961,0.6056527590847914,2.220726783310902,0.9421265141318977,0.3364737550471063,0.0,East Hanover township
6.929510155316606,4.1019514137793704,81.00358422939068,1.9514137793707687,0.9159697331740343,0.11947431302270012,2.070888092393469,0.35842293906810035,1.4735165272799682,0.5973715651135006,0.4778972520908005,0.0,East Orange city
12.57396449704142,14.497041420118343,21.597633136094675,7.6923076923076925,13.017751479289942,6.21301775147929,13.905325443786982,2.0710059171597637,4.881656804733728,1.9230769230769231,1.183431952662722,0.4437869822485207,East Windsor township
28.63070539419087,20.95435684647303,25.103734439834025,6.639004149377594,4.149377593360995,1.8672199170124482,6.224066390041494,1.0373443983402488,1.8672199170124482,2.2821576763485476,1.2448132780082988,0.0,Eastampton township
37.66233766233766,18.83116883116883,16.233766233766232,8.441558441558442,5.194805194805195,4.545454545454546,4.545454545454546,1.948051948051948,2.5974025974025974,0.0,0.0,0.0,Edgewater Park township
27.77777777777778,24.579124579124578,7.744107744107744,6.397306397306397,7.23905723905724,1.5151515151515151,19.696969696969695,0.5050505050505051,0.8417508417508417,1.6835016835016834,1.0101010101010102,1.0101010101010102,Edison township
23.19201995012469,17.955112219451372,13.715710723192021,7.4812967581047385,8.478802992518704,8.229426433915211,10.224438902743142,6.234413965087282,3.7406483790523692,0.4987531172069825,0.24937655860349126,0.0,Egg Harbor City city
38.75,15.0,22.5,12.5,3.75,1.25,3.75,0.0,2.5,0.0,0.0,0.0,Egg Harbor township
31.336405529953915,24.88479262672811,19.35483870967742,9.216589861751153,1.8433179723502304,0.9216589861751152,6.912442396313365,0.9216589861751152,4.147465437788019,0.4608294930875576,0.0,0.0,Elizabeth city
23.948220064724918,10.355987055016183,12.297734627831716,10.679611650485436,14.563106796116504,12.62135922330097,4.854368932038835,6.796116504854369,1.6181229773462782,1.2944983818770228,0.6472491909385114,0.3236245954692557,Elk township
28.735632183908045,24.137931034482758,12.643678160919542,6.896551724137931,3.4482758620689653,1.1494252873563218,13.793103448275861,2.2988505747126435,3.4482758620689653,1.1494252873563218,1.1494252873563218,1.1494252873563218,Elsinboro township
14.768683274021353,7.11743772241993,54.982206405693944,2.491103202846975,2.491103202846975,2.491103202846975,12.811387900355871,0.7117437722419928,2.135231316725979,0.0,0.0,0.0,Estell Manor city
26.51006711409396,22.14765100671141,7.718120805369128,2.684563758389262,10.40268456375839,6.375838926174497,16.778523489932887,2.684563758389262,2.013422818791946,1.342281879194631,1.006711409395973,0.33557046979865773,Evesham township
24.04692082111437,24.926686217008797,18.475073313782993,7.624633431085044,6.744868035190615,3.812316715542522,4.105571847507331,3.519061583577713,4.105571847507331,2.0527859237536656,0.5865102639296188,0.0,Ewing township
15.217391304347828,25.0,23.369565217391305,12.5,1.0869565217391304,2.1739130434782608,5.978260869565218,1.0869565217391304,3.804347826086957,8.152173913043478,1.6304347826086956,0.0,Fairfield township
33.33333333333333,0.0,33.33333333333333,33.33333333333333,0.0,0.0,0.0,0.0,0.0,0.0,0.0,0.0,Fanwood borough
23.891625615763548,17.733990147783253,17.733990147783253,9.35960591133005,9.113300492610838,3.9408866995073892,6.157635467980295,0.0,4.679802955665025,1.9704433497536946,2.4630541871921183,2.955665024630542,Fieldsboro borough
18.817204301075268,32.25806451612903,24.731182795698924,2.6881720430107525,1.6129032258064515,2.6881720430107525,4.301075268817205,2.1505376344086025,9.67741935483871,0.5376344086021506,0.5376344086021506,0.0,Florence township
27.380952380952383,10.714285714285714,32.142857142857146,10.714285714285714,4.761904761904762,2.380952380952381,4.761904761904762,4.761904761904762,2.380952380952381,0.0,0.0,0.0,Frankford township
13.636363636363635,12.121212121212121,19.696969696969695,7.575757575757576,10.606060606060606,6.0606060606060606,18.181818181818183,0.0,1.5151515151515151,6.0606060606060606,4.545454545454546,0.0,Franklin borough
29.545454545454547,15.530303030303031,15.151515151515152,3.0303030303030303,11.742424242424242,5.681818181818182,1.893939393939394,14.393939393939394,1.893939393939394,1.1363636363636365,0.0,0.0,Franklin Lakes borough
17.346938775510203,36.734693877551024,24.744897959183675,2.5510204081632653,7.908163265306123,2.0408163265306123,3.061224489795918,1.0204081632653061,0.7653061224489796,2.806122448979592,1.0204081632653061,0.0,Franklin township
28.57142857142857,32.142857142857146,7.142857142857142,10.714285714285714,3.571428571428571,3.571428571428571,7.142857142857142,3.571428571428571,3.571428571428571,0.0,0.0,0.0,Fredon township
27.79552715654952,11.501597444089457,17.252396166134183,15.335463258785943,6.7092651757188495,3.8338658146964857,8.945686900958465,1.5974440894568689,6.070287539936102,0.3194888178913738,0.3194888178913738,0.3194888178913738,Freehold borough
27.713625866050805,18.822170900692843,10.969976905311778,11.431870669745958,5.311778290993072,5.8891454965357966,12.35565819861432,2.424942263279446,2.424942263279446,1.7321016166281753,0.6928406466512702,0.23094688221709006,Freehold township
25.675675675675674,31.08108108108108,8.108108108108109,8.108108108108109,5.405405405405405,1.3513513513513513,10.81081081081081,2.7027027027027026,2.7027027027027026,1.3513513513513513,2.7027027027027026,0.0,Frelinghuysen township
28.57142857142857,14.285714285714285,38.095238095238095,19.047619047619047,0.0,0.0,0.0,0.0,0.0,0.0,0.0,0.0,Galloway township
1.1521843494959194,1.5122419587133942,93.97503600576093,1.2962073931829092,0.40806529044647144,0.07201152184349496,0.6961113778204513,0.04800768122899664,0.7921267402784445,0.04800768122899664,0.0,0.0,Garfield city
20.99009900990099,35.64356435643564,21.584158415841586,5.346534653465347,2.178217821782178,1.782178217821782,7.920792079207921,0.594059405940594,0.9900990099009901,1.5841584158415842,0.7920792079207921,0.594059405940594,Glen Gardner borough
10.854503464203233,17.090069284064665,41.801385681293304,10.392609699769054,3.4642032332563506,0.9237875288683602,7.621247113163972,1.1547344110854503,3.695150115473441,1.8475750577367205,0.9237875288683602,0.23094688221709006,Glen Ridge borough
26.37729549248748,22.20367278797997,19.532554257095157,8.681135225375627,5.676126878130217,2.8380634390651087,7.846410684474124,1.335559265442404,5.342237061769616,0.1669449081803005,0.0,0.0,Gloucester City city
21.821631878557877,36.43263757115749,22.58064516129032,6.641366223908918,3.225806451612903,2.4667931688804554,4.364326375711575,0.5692599620493358,0.7590132827324478,0.9487666034155597,0.18975332068311196,0.0,Gloucester township
19.387755102040817,14.285714285714285,20.408163265306122,12.755102040816327,3.061224489795918,4.591836734693878,12.755102040816327,2.0408163265306123,4.591836734693878,3.061224489795918,1.530612244897959,1.530612244897959,Green Brook township
20.51282051282051,23.076923076923077,23.076923076923077,7.6923076923076925,0.0,12.82051282051282,5.128205128205128,0.0,5.128205128205128,0.0,0.0,2.564102564102564,Green township
21.428571428571427,26.53061224489796,17.346938775510203,9.183673469387756,1.0204081632653061,0.0,11.224489795918368,0.0,7.142857142857142,4.081632653061225,2.0408163265306123,0.0,Greenwich township
16.08635097493036,37.32590529247911,23.25905292479109,5.153203342618385,4.3175487465181055,0.9749303621169917,8.286908077994429,1.392757660167131,1.8802228412256268,0.9052924791086351,0.2785515320334262,0.1392757660167131,Hackensack city
0.0,0.0,0.0,0.0,0.0,0.0,0.0,0.0,0.0,0.0,0.0,0.0,Haddon Heights borough
29.365079365079367,24.206349206349206,11.11111111111111,8.73015873015873,4.365079365079365,8.73015873015873,7.142857142857142,3.571428571428571,2.380952380952381,0.3968253968253968,0.0,0.0,Haddon township
23.863636363636363,25.0,12.5,5.681818181818182,13.636363636363635,4.545454545454546,4.545454545454546,10.227272727272728,0.0,0.0,0.0,0.0,Hainesport township
23.239436619718308,20.422535211267608,16.901408450704224,9.15492957746479,0.7042253521126761,0.7042253521126761,4.929577464788732,0.0,9.859154929577464,7.042253521126761,2.8169014084507045,4.225352112676056,Haledon borough
17.724867724867725,28.835978835978835,26.984126984126984,5.82010582010582,2.380952380952381,1.8518518518518516,8.73015873015873,1.0582010582010581,3.968253968253968,1.3227513227513228,1.3227513227513228,0.0,Hamilton township
18.32298136645963,17.080745341614907,27.95031055900621,11.801242236024844,4.968944099378882,1.5527950310559007,11.490683229813664,0.6211180124223602,4.3478260869565215,0.6211180124223602,0.9316770186335404,0.3105590062111801,Hampton borough
13.559322033898304,42.71186440677966,22.033898305084744,4.406779661016949,2.0338983050847457,0.6779661016949152,6.440677966101695,0.3389830508474576,3.389830508474576,3.389830508474576,0.6779661016949152,0.3389830508474576,Hampton township
31.0,33.5,12.5,4.5,5.0,3.5000000000000004,5.5,1.0,1.0,1.5,1.0,0.0,Hanover township
21.978021978021978,20.32967032967033,22.52747252747253,4.945054945054945,12.637362637362637,8.791208791208792,2.7472527472527473,2.197802197802198,0.5494505494505495,2.7472527472527473,0.5494505494505495,0.0,Harding township
18.814432989690722,16.752577319587626,14.690721649484537,5.412371134020619,23.969072164948454,10.309278350515463,2.8350515463917527,3.608247422680412,2.5773195876288657,0.5154639175257731,0.5154639175257731,0.0,Hardwick township
30.208333333333332,29.166666666666668,19.791666666666664,3.125,3.125,2.083333333333333,3.125,1.0416666666666665,2.083333333333333,0.0,4.166666666666666,2.083333333333333,Hardyston township
31.70731707317073,14.634146341463413,17.073170731707318,21.341463414634145,3.048780487804878,3.048780487804878,1.2195121951219512,0.0,4.2682926829268295,1.2195121951219512,2.4390243902439024,0.0,Harmony township
17.647058823529413,17.941176470588236,24.41176470588235,12.941176470588237,7.352941176470589,4.117647058823529,2.6470588235294117,1.4705882352941175,7.352941176470589,3.5294117647058822,0.5882352941176471,0.0,Harrison township
5.623471882640587,3.4229828850855744,81.41809290953546,1.466992665036675,2.689486552567237,2.93398533007335,1.7114914425427872,0.7334963325183375,0.0,0.0,0.0,0.0,Harvey Cedars borough
18.238993710691823,22.641509433962266,20.125786163522015,13.20754716981132,6.918238993710692,1.257861635220126,7.547169811320755,1.257861635220126,5.345911949685535,1.5723270440251573,1.257861635220126,0.628930817610063,Hawthorne borough
28.57142857142857,30.451127819548873,15.037593984962406,4.887218045112782,5.639097744360902,1.8796992481203008,6.015037593984962,1.5037593984962405,2.631578947368421,1.8796992481203008,1.1278195488721803,0.37593984962406013,Hazlet township
5.069708491761723,5.7034220532319395,78.01013941698352,2.788339670468948,2.8517110266159698,1.5842839036755387,1.6476552598225602,0.4435994930291508,1.837769328263625,0.06337135614702154,0.0,0.0,High Bridge borough
36.25,10.0,10.0,10.0,6.25,2.5,11.25,0.0,5.0,5.0,2.5,1.25,Highland Park borough
23.52941176470588,22.35294117647059,24.11764705882353,11.76470588235294,3.5294117647058822,3.5294117647058822,7.647058823529412,0.0,1.1764705882352942,1.1764705882352942,1.1764705882352942,0.0,Hillsborough township
44.537815126050425,15.546218487394958,8.823529411764707,7.9831932773109235,5.042016806722689,9.243697478991598,4.201680672268908,2.5210084033613445,1.2605042016806722,0.0,0.8403361344537815,0.0,Hoboken city
16.99346405228758,16.33986928104575,22.875816993464053,11.76470588235294,3.9215686274509802,7.8431372549019605,5.228758169934641,0.6535947712418301,7.8431372549019605,3.2679738562091507,2.6143790849673203,0.6535947712418301,Holland township
23.809523809523807,26.984126984126984,25.396825396825395,4.761904761904762,1.0582010582010581,2.6455026455026456,4.761904761904762,0.5291005291005291,2.6455026455026456,7.4074074074074066,0.0,0.0,Holmdel township
20.33898305084746,9.927360774818402,14.043583535108958,10.411622276029057,13.075060532687651,11.864406779661017,7.263922518159806,3.631961259079903,1.694915254237288,3.14769975786925,4.358353510895883,0.24213075060532688,Hopatcong borough
32.62032085561498,18.71657754010695,18.89483065953654,10.51693404634581,6.417112299465241,6.59536541889483,1.7825311942959003,1.4260249554367201,1.7825311942959003,0.0,1.06951871657754,0.17825311942959002,Hope township
21.875,26.171875,16.9921875,4.4921875,9.5703125,5.2734375,9.9609375,1.953125,2.5390625,0.5859375,0.5859375,0.0,Hopewell borough
28.205128205128204,21.53846153846154,16.41025641025641,10.76923076923077,5.128205128205128,2.051282051282051,6.153846153846154,1.0256410256410255,1.5384615384615385,4.615384615384616,2.564102564102564,0.0,Hopewell township
17.857142857142858,21.428571428571427,36.904761904761905,7.738095238095238,1.7857142857142856,0.0,5.952380952380952,0.0,5.357142857142857,1.7857142857142856,1.1904761904761905,0.0,Howell township
20.085470085470085,27.350427350427353,23.504273504273502,10.256410256410255,3.418803418803419,4.273504273504273,5.555555555555555,0.8547008547008548,2.9914529914529915,0.4273504273504274,0.8547008547008548,0.4273504273504274,Independence township
0.0,0.0,0.0,0.0,0.0,0.0,0.0,0.0,0.0,0.0,0.0,0.0,Irvington township
26.16279069767442,25.872093023255815,17.151162790697676,2.9069767441860463,4.651162790697675,9.30232558139535,2.3255813953488373,0.5813953488372093,10.174418604651162,0.5813953488372093,0.29069767441860467,0.0,Jackson township
34.98098859315589,28.89733840304182,6.844106463878327,10.646387832699618,0.7604562737642585,1.520912547528517,8.745247148288973,1.9011406844106464,3.041825095057034,2.2813688212927756,0.38022813688212925,0.0,Jefferson township
19.594594594594593,21.486486486486488,26.08108108108108,9.18918918918919,5.9459459459459465,4.45945945945946,6.621621621621622,1.7567567567567568,3.783783783783784,0.6756756756756757,0.40540540540540543,0.0,Jersey City city
19.047619047619047,14.285714285714285,38.095238095238095,19.047619047619047,3.1746031746031744,0.0,0.0,1.5873015873015872,4.761904761904762,0.0,0.0,0.0,Kingwood township
18.902439024390244,17.682926829268293,31.70731707317073,2.4390243902439024,1.2195121951219512,0.0,20.73170731707317,0.6097560975609756,3.048780487804878,1.8292682926829267,0.6097560975609756,1.2195121951219512,Kinnelon borough
15.584415584415584,32.467532467532465,18.181818181818183,3.896103896103896,2.5974025974025974,0.0,14.285714285714285,3.896103896103896,2.5974025974025974,3.896103896103896,2.5974025974025974,0.0,Knowlton township
0.0,100.0,0.0,0.0,0.0,0.0,0.0,0.0,0.0,0.0,0.0,0.0,Lacey township
15.315315315315313,18.01801801801802,30.630630630630627,20.72072072072072,0.9009009009009009,1.8018018018018018,1.8018018018018018,1.8018018018018018,5.405405405405405,0.0,3.6036036036036037,0.0,Lafayette township
18.090452261306535,22.613065326633166,25.628140703517587,7.537688442211055,8.542713567839195,3.015075376884422,6.532663316582915,1.507537688442211,3.5175879396984926,2.512562814070352,0.0,0.5025125628140703,Lakewood township
35.3448275862069,23.275862068965516,18.96551724137931,9.482758620689655,3.4482758620689653,6.0344827586206895,1.7241379310344827,0.8620689655172413,0.8620689655172413,0.0,0.0,0.0,Lambertville city
16.831683168316832,26.237623762376238,18.81188118811881,8.91089108910891,7.425742574257425,3.9603960396039604,4.455445544554455,3.9603960396039604,5.9405940594059405,2.4752475247524752,0.49504950495049505,0.49504950495049505,Lawrence township
16.076294277929154,40.05449591280654,25.885558583106267,4.087193460490464,2.7247956403269753,1.3623978201634876,4.904632152588556,0.0,1.08991825613079,1.9073569482288828,0.8174386920980926,1.08991825613079,Lebanon borough
16.80672268907563,15.126050420168067,22.689075630252102,5.88235294117647,9.243697478991598,7.563025210084033,15.126050420168067,1.680672268907563,3.361344537815126,1.680672268907563,0.8403361344537815,0.0,Lebanon township
0.0,0.0,0.0,0.0,0.0,0.0,0.0,0.0,0.0,0.0,0.0,0.0,Leonia borough
20.905923344947734,14.982578397212542,21.951219512195124,13.588850174216027,7.665505226480835,6.968641114982578,3.8327526132404177,3.484320557491289,3.1358885017421603,2.4390243902439024,0.6968641114982579,0.34843205574912894,Liberty township
11.271676300578035,8.092485549132949,7.803468208092486,8.092485549132949,1.1560693641618496,1.1560693641618496,18.497109826589593,6.069364161849711,31.79190751445087,0.8670520231213872,1.4450867052023122,3.7572254335260116,Linwood city
18.97810218978102,24.330900243309003,9.732360097323602,5.59610705596107,6.81265206812652,4.866180048661801,22.14111922141119,1.70316301703163,2.9197080291970803,0.48661800486618007,0.9732360097323601,1.4598540145985401,Little Egg Harbor township
14.13793103448276,17.24137931034483,17.586206896551722,13.10344827586207,13.10344827586207,1.3793103448275863,10.344827586206897,2.0689655172413794,10.344827586206897,0.0,0.0,0.6896551724137931,Little Ferry borough
38.869257950530034,24.73498233215548,11.307420494699647,6.713780918727916,3.8869257950530036,9.187279151943462,1.4134275618374559,0.35335689045936397,0.7067137809187279,1.76678445229682,0.7067137809187279,0.35335689045936397,Livingston township
37.5,25.0,12.5,12.5,0.0,0.0,0.0,0.0,12.5,0.0,0.0,0.0,Loch Arbour village
41.83673469387755,20.918367346938776,15.306122448979592,4.591836734693878,0.5102040816326531,7.142857142857142,6.122448979591836,1.0204081632653061,0.5102040816326531,0.5102040816326531,0.0,1.530612244897959,Logan township
30.08849557522124,21.238938053097346,19.469026548672566,5.3097345132743365,5.3097345132743365,12.389380530973451,2.6548672566371683,1.7699115044247788,1.7699115044247788,0.0,0.0,0.0,Long Beach township
18.421052631578945,28.947368421052634,18.421052631578945,7.894736842105263,2.631578947368421,7.894736842105263,2.631578947368421,2.631578947368421,0.0,7.894736842105263,2.631578947368421,0.0,Long Hill township
23.809523809523807,28.57142857142857,38.095238095238095,0.0,9.523809523809524,0.0,0.0,0.0,0.0,0.0,0.0,0.0,Longport borough
14.942528735632186,35.63218390804598,19.54022988505747,13.793103448275861,2.2988505747126435,0.0,10.344827586206897,0.0,1.1494252873563218,0.0,2.2988505747126435,0.0,Lopatcong township
15.0,20.0,30.0,5.0,5.0,0.0,17.5,2.5,5.0,0.0,0.0,0.0,Lower Alloways Creek township
20.8955223880597,17.91044776119403,18.90547263681592,1.9900497512437811,13.432835820895523,8.45771144278607,4.975124378109453,9.45273631840796,3.9800995024875623,0.0,0.0,0.0,Lower township
14.084507042253522,16.901408450704224,42.25352112676056,12.676056338028168,0.0,1.4084507042253522,2.8169014084507045,0.0,7.042253521126761,1.4084507042253522,0.0,1.4084507042253522,Lumberton township
10.90047393364929,27.96208530805687,23.22274881516588,6.161137440758294,10.90047393364929,6.6350710900473935,8.530805687203792,3.3175355450236967,1.4218009478672986,0.9478672985781991,0.0,0.0,Lyndhurst township
28.143712574850298,25.748502994011975,18.562874251497004,2.9940119760479043,7.18562874251497,7.18562874251497,5.9880239520958085,2.3952095808383236,1.1976047904191618,0.5988023952095809,0.0,0.0,Madison borough
26.5625,19.53125,31.25,7.8125,1.5625,0.78125,3.125,1.5625,3.125,3.90625,0.78125,0.0,Manalapan township
30.0,16.0,14.000000000000002,14.000000000000002,4.0,2.0,12.0,0.0,6.0,2.0,0.0,0.0,Manasquan borough
16.0,24.0,24.0,8.0,8.0,0.0,12.0,4.0,4.0,0.0,0.0,0.0,Manchester township
25.517241379310345,21.379310344827587,12.413793103448276,2.7586206896551726,10.344827586206897,15.862068965517242,5.517241379310345,2.0689655172413794,2.7586206896551726,1.3793103448275863,0.0,0.0,Mannington township
15.23545706371191,35.18005540166205,25.761772853185594,8.310249307479225,1.10803324099723,0.8310249307479225,6.3711911357340725,0.8310249307479225,1.662049861495845,3.6011080332409975,0.2770083102493075,0.8310249307479225,Mansfield township
13.06532663316583,16.582914572864322,28.14070351758794,12.562814070351758,9.045226130653267,2.512562814070352,8.542713567839195,2.0100502512562812,6.030150753768844,1.507537688442211,0.0,0.0,Mantoloking borough
27.188940092165897,22.119815668202765,14.285714285714285,10.138248847926267,5.0691244239631335,8.294930875576037,5.990783410138248,3.225806451612903,2.7649769585253456,0.0,0.9216589861751152,0.0,Mantua township
22.023809523809522,35.714285714285715,12.5,5.357142857142857,7.142857142857142,8.928571428571429,5.357142857142857,0.5952380952380952,1.7857142857142856,0.0,0.5952380952380952,0.0,Maple Shade township
33.68421052631579,27.368421052631582,14.736842105263156,3.1578947368421053,8.421052631578947,9.473684210526317,2.1052631578947367,1.0526315789473684,0.0,0.0,0.0,0.0,Maplewood township
16.181229773462782,13.592233009708737,23.300970873786408,10.355987055016183,11.326860841423949,9.06148867313916,7.443365695792881,3.559870550161812,4.854368932038835,0.0,0.3236245954692557,0.0,Margate City city
13.368283093053734,27.391874180865006,15.59633027522936,7.99475753604194,16.25163826998689,4.718217562254259,8.256880733944955,3.669724770642202,1.7038007863695939,0.39318479685452157,0.5242463958060288,0.1310615989515072,Marlboro township
32.22222222222222,7.777777777777778,22.22222222222222,20.0,2.2222222222222223,3.3333333333333335,5.555555555555555,0.0,4.444444444444445,0.0,2.2222222222222223,0.0,Matawan borough
13.698630136986301,29.45205479452055,17.80821917808219,2.73972602739726,14.383561643835616,3.4246575342465753,13.013698630136986,2.73972602739726,2.054794520547945,0.684931506849315,0.0,0.0,Maurice River township
34.883720930232556,31.3953488372093,12.790697674418606,5.813953488372093,2.3255813953488373,3.488372093023256,4.651162790697675,1.1627906976744187,0.0,3.488372093023256,0.0,0.0,Maywood borough
34.0,34.0,18.0,4.0,2.0,2.0,6.0,0.0,0.0,0.0,0.0,0.0,Medford township
15.023474178403756,23.474178403755868,24.88262910798122,12.206572769953052,7.981220657276995,0.4694835680751174,9.389671361502346,0.9389671361502347,5.164319248826291,0.4694835680751174,0.0,0.0,Mendham borough
23.41650671785029,38.00383877159309,23.032629558541267,2.495201535508637,2.495201535508637,1.9193857965451053,5.3742802303262955,0.0,0.5758157389635317,1.727447216890595,0.7677543186180422,0.19193857965451055,Mendham township
33.33333333333333,30.864197530864196,22.22222222222222,4.938271604938271,3.7037037037037033,1.2345679012345678,2.4691358024691357,0.0,0.0,0.0,1.2345679012345678,0.0,Middle township
28.2312925170068,26.190476190476193,13.26530612244898,8.843537414965986,5.782312925170068,6.122448979591836,7.482993197278912,2.0408163265306123,1.3605442176870748,0.6802721088435374,0.0,0.0,Middletown township
25.229357798165136,30.275229357798167,10.550458715596331,7.79816513761468,4.128440366972478,5.045871559633028,6.8807339449541285,0.9174311926605505,0.45871559633027525,5.963302752293578,2.7522935779816518,0.0,Millburn township
15.925925925925927,8.148148148148149,26.296296296296294,12.222222222222221,11.851851851851853,5.185185185185185,2.9629629629629632,7.037037037037037,6.296296296296296,3.3333333333333335,0.3703703703703704,0.3703703703703704,Millstone township
21.052631578947366,19.548872180451127,24.06015037593985,6.7669172932330826,9.022556390977442,5.263157894736842,3.7593984962406015,2.2556390977443606,7.518796992481203,0.7518796992481203,0.0,0.0,Millville city
23.841059602649008,16.55629139072848,19.205298013245034,8.609271523178808,9.933774834437086,7.28476821192053,4.635761589403973,5.960264900662252,1.9867549668874174,0.6622516556291391,0.6622516556291391,0.6622516556291391,Mine Hill township
7.142857142857142,7.142857142857142,50.0,14.285714285714285,0.0,0.0,0.0,0.0,14.285714285714285,0.0,7.142857142857142,0.0,Monroe township
18.88888888888889,21.11111111111111,15.555555555555555,18.88888888888889,3.3333333333333335,2.2222222222222223,6.666666666666667,1.1111111111111112,10.0,0.0,2.2222222222222223,0.0,Montague township
23.66412213740458,30.53435114503817,12.213740458015266,7.633587786259542,0.7633587786259541,0.0,3.0534351145038165,0.7633587786259541,0.0,13.740458015267176,0.0,7.633587786259542,Montclair township
19.327731092436977,20.168067226890756,14.285714285714285,4.201680672268908,9.243697478991598,5.88235294117647,16.80672268907563,3.361344537815126,3.361344537815126,0.8403361344537815,2.5210084033613445,0.0,Montgomery township
18.333333333333332,12.916666666666668,30.0,7.916666666666666,10.0,9.166666666666666,3.3333333333333335,4.166666666666666,1.25,2.5,0.4166666666666667,0.0,Montville township
23.83419689119171,29.015544041450774,20.72538860103627,4.66321243523316,6.7357512953367875,4.66321243523316,3.6269430051813467,0.5181347150259068,1.5544041450777202,3.6269430051813467,1.0362694300518136,0.0,Moorestown township
15.588235294117647,41.76470588235294,25.882352941176475,3.2352941176470593,3.2352941176470593,1.1764705882352942,5.294117647058823,0.0,1.1764705882352942,2.0588235294117645,0.5882352941176471,0.0,Morris Plains borough
22.133333333333333,21.866666666666667,20.266666666666666,7.199999999999999,7.733333333333333,0.5333333333333333,9.866666666666667,0.26666666666666666,6.133333333333333,2.1333333333333333,0.0,1.866666666666667,Morris township
45.909090909090914,20.454545454545457,9.090909090909092,3.6363636363636362,3.1818181818181817,7.2727272727272725,8.636363636363637,0.0,1.3636363636363635,0.45454545454545453,0.0,0.0,Morristown town
26.294820717131472,19.12350597609562,18.725099601593627,7.968127490039841,5.179282868525896,3.187250996015936,9.56175298804781,3.5856573705179287,1.9920318725099602,1.593625498007968,2.788844621513944,0.0,Mount Arlington borough
27.1356783919598,17.08542713567839,21.105527638190953,8.040201005025125,5.527638190954774,3.015075376884422,11.055276381909549,0.5025125628140703,2.0100502512562812,2.0100502512562812,2.512562814070352,0.0,Mount Holly township
36.75213675213676,24.786324786324787,6.837606837606838,5.982905982905983,3.418803418803419,9.401709401709402,1.7094017094017095,5.128205128205128,0.8547008547008548,1.7094017094017095,3.418803418803419,0.0,Mount Laurel township
14.527027027027026,28.040540540540544,18.243243243243242,4.054054054054054,18.91891891891892,6.081081081081082,4.72972972972973,3.7162162162162162,1.0135135135135136,0.0,0.33783783783783783,0.33783783783783783,Mount Olive township
31.428571428571427,20.0,25.71428571428571,5.714285714285714,0.0,0.0,8.571428571428571,0.0,8.571428571428571,0.0,0.0,0.0,Mullica township
16.926070038910506,30.544747081712064,25.87548638132296,5.252918287937743,4.669260700389105,2.3346303501945527,5.836575875486381,3.11284046692607,2.9182879377431905,1.7509727626459144,0.5836575875486382,0.19455252918287938,Neptune township
48.663101604278076,20.32085561497326,14.973262032085561,6.951871657754011,1.06951871657754,0.0,3.2085561497326207,0.53475935828877,1.6042780748663104,0.53475935828877,2.13903743315508,0.0,New Brunswick city
13.151927437641723,37.41496598639456,28.117913832199548,4.761904761904762,5.215419501133787,1.1337868480725624,6.122448979591836,0.6802721088435374,0.9070294784580499,2.2675736961451247,0.22675736961451248,0.0,New Hanover township
11.928150435026662,25.652539994386753,38.33847880999158,6.4833005893909625,5.613247263541958,2.104967723828235,5.585181027224249,1.6839741790625875,1.515576761156329,0.6174571989896155,0.3929273084479371,0.08419870895312938,Newark city
28.57142857142857,17.551020408163264,23.26530612244898,4.081632653061225,9.795918367346939,4.8979591836734695,6.530612244897959,2.0408163265306123,1.6326530612244898,0.0,1.6326530612244898,0.0,Newton town
31.872509960159363,19.52191235059761,23.107569721115535,8.366533864541832,1.9920318725099602,0.398406374501992,9.163346613545817,0.398406374501992,3.9840637450199203,0.398406374501992,0.796812749003984,0.0,North Bergen township
35.21739130434783,22.17391304347826,11.304347826086957,7.391304347826087,3.0434782608695654,3.4782608695652173,13.043478260869565,0.8695652173913043,2.608695652173913,0.43478260869565216,0.43478260869565216,0.0,North Brunswick township
27.77777777777778,13.88888888888889,12.5,8.333333333333332,5.555555555555555,11.11111111111111,13.88888888888889,4.166666666666666,1.3888888888888888,1.3888888888888888,0.0,0.0,North Caldwell borough
24.305555555555554,9.722222222222223,9.027777777777777,9.027777777777777,14.583333333333334,8.333333333333332,9.722222222222223,6.25,2.7777777777777777,3.4722222222222223,0.0,2.7777777777777777,North Haledon borough
19.51219512195122,20.73170731707317,18.29268292682927,10.975609756097562,0.0,0.0,14.634146341463413,0.0,4.878048780487805,7.317073170731707,3.6585365853658534,0.0,North Hanover township
18.53281853281853,18.53281853281853,18.53281853281853,16.409266409266408,5.212355212355212,4.633204633204633,2.7027027027027026,3.861003861003861,6.94980694980695,2.5096525096525095,1.9305019305019304,0.19305019305019305,Nutley township
15.270935960591133,17.733990147783253,10.344827586206897,13.30049261083744,10.344827586206897,7.8817733990147785,14.285714285714285,7.8817733990147785,0.9852216748768473,1.9704433497536946,0.0,0.0,Oakland borough
25.55205047318612,18.29652996845426,17.034700315457414,11.67192429022082,4.100946372239748,3.7854889589905363,8.517350157728707,6.624605678233439,2.8391167192429023,0.9463722397476341,0.6309148264984227,0.0,Ocean township
28.767123287671232,11.643835616438356,24.65753424657534,8.904109589041095,4.10958904109589,3.4246575342465753,7.534246575342466,3.4246575342465753,2.054794520547945,2.73972602739726,2.054794520547945,0.684931506849315,Oceanport borough
27.083333333333332,25.0,14.583333333333334,4.6875,5.208333333333334,4.6875,10.9375,3.125,0.5208333333333333,0.5208333333333333,3.125,0.5208333333333333,Old Bridge township
42.857142857142854,17.857142857142858,12.5,8.928571428571429,5.357142857142857,0.0,8.928571428571429,0.0,1.7857142857142856,0.0,1.7857142857142856,0.0,Oldmans township
17.582417582417584,17.032967032967033,33.51648351648351,13.186813186813188,2.7472527472527473,2.197802197802198,3.296703296703297,1.6483516483516485,4.395604395604396,1.6483516483516485,2.197802197802198,0.5494505494505495,Oxford township
19.35483870967742,22.58064516129032,29.03225806451613,11.827956989247312,2.1505376344086025,0.0,2.1505376344086025,0.0,5.376344086021505,2.1505376344086025,2.1505376344086025,3.225806451612903,Palisades Park borough
20.68126520681265,15.571776155717762,21.654501216545015,4.866180048661801,7.785888077858881,3.64963503649635,17.51824817518248,4.622871046228711,2.4330900243309004,0.48661800486618007,0.7299270072992701,0.0,Palmyra borough
16.36506687647522,35.562549173878836,25.649095200629425,5.664830841856806,4.720692368214005,1.9669551534225018,5.114083398898505,0.7081038552321007,2.0456333595594023,1.5735641227380015,0.47206923682140045,0.15735641227380015,Paramus borough
26.976744186046513,23.72093023255814,21.3953488372093,10.69767441860465,2.7906976744186047,2.3255813953488373,5.5813953488372094,0.9302325581395349,4.651162790697675,0.46511627906976744,0.46511627906976744,0.0,Parsippany-Troy Hills township
18.271604938271604,33.827160493827165,29.629629629629626,2.9629629629629632,4.691358024691358,1.2345679012345678,5.679012345679013,0.7407407407407408,0.49382716049382713,1.4814814814814816,0.7407407407407408,0.24691358024691357,Passaic city
26.301369863013697,23.013698630136986,21.91780821917808,8.21917808219178,2.191780821917808,2.191780821917808,4.10958904109589,0.547945205479452,1.643835616438356,4.657534246575342,4.383561643835616,0.821917808219178,Paterson city
44.44444444444444,11.11111111111111,22.22222222222222,11.11111111111111,0.0,0.0,0.0,0.0,11.11111111111111,0.0,0.0,0.0,Paulsboro borough
17.708333333333336,17.708333333333336,23.958333333333336,12.5,3.125,2.083333333333333,6.25,3.125,9.375,4.166666666666666,0.0,0.0,Pemberton borough
24.074074074074073,19.444444444444446,22.22222222222222,5.555555555555555,11.11111111111111,2.7777777777777777,8.333333333333332,2.7777777777777777,1.8518518518518516,0.9259259259259258,0.9259259259259258,0.0,Pemberton township
45.0,12.5,20.0,1.25,12.5,3.75,1.25,1.25,0.0,1.25,1.25,0.0,Pennington borough
50.0,50.0,0.0,0.0,0.0,0.0,0.0,0.0,0.0,0.0,0.0,0.0,Pennsauken township
21.951219512195124,23.902439024390244,29.268292682926827,9.75609756097561,2.4390243902439024,2.4390243902439024,6.341463414634147,0.0,0.975609756097561,1.4634146341463417,1.4634146341463417,0.0,Pennsville township
22.8287841191067,22.332506203473944,26.302729528535977,7.94044665012407,4.962779156327544,2.729528535980149,6.699751861042183,1.488833746898263,1.9851116625310175,1.240694789081886,1.240694789081886,0.24813895781637718,Pequannock township
14.763231197771587,24.512534818941504,27.85515320334262,10.027855153203342,6.963788300835655,1.392757660167131,7.7994428969359335,1.1142061281337048,4.178272980501393,1.1142061281337048,0.2785515320334262,0.0,Perth Amboy city
23.696682464454977,16.113744075829384,26.303317535545023,8.767772511848342,6.872037914691943,6.872037914691943,7.109004739336493,1.1848341232227488,3.080568720379147,0.0,0.0,0.0,Phillipsburg town
14.85148514851485,23.762376237623762,18.81188118811881,25.742574257425744,2.9702970297029703,2.9702970297029703,4.9504950495049505,0.0,2.9702970297029703,0.0,1.9801980198019802,0.9900990099009901,Pilesgrove township
23.14814814814815,17.59259259259259,9.25925925925926,20.37037037037037,3.7037037037037033,3.7037037037037033,12.962962962962962,0.9259259259259258,3.7037037037037033,1.8518518518518516,2.7777777777777777,0.0,Piscataway township
15.985130111524162,34.20074349442379,29.739776951672862,3.717472118959108,5.5762081784386615,0.7434944237918215,5.947955390334572,0.37174721189591076,1.1152416356877324,2.2304832713754648,0.37174721189591076,0.0,Pittsgrove township
28.57142857142857,22.857142857142858,16.57142857142857,10.285714285714285,2.2857142857142856,2.857142857142857,8.0,5.142857142857142,2.2857142857142856,0.5714285714285714,0.5714285714285714,0.0,Plainfield city
19.18238993710692,25.78616352201258,25.157232704402517,6.918238993710692,3.1446540880503147,2.8301886792452833,8.80503144654088,5.031446540880504,1.257861635220126,0.628930817610063,0.628930817610063,0.628930817610063,Plainsboro township
38.18181818181819,21.21212121212121,13.939393939393941,8.484848484848486,0.6060606060606061,3.0303030303030303,6.666666666666667,0.0,1.8181818181818181,2.4242424242424243,2.4242424242424243,1.2121212121212122,Pleasantville city
21.686746987951807,33.734939759036145,15.66265060240964,3.614457831325301,3.614457831325301,0.0,14.457831325301203,0.0,1.2048192771084338,4.819277108433735,0.0,1.2048192771084338,Plumsted township
2.383384405856316,3.1664964249233916,90.73884916581547,1.5321756894790604,0.44262853251617296,0.4766768811712632,0.4766768811712632,0.0,0.6128702757916241,0.17024174327545114,0.0,0.0,Pohatcong township
32.826086956521735,25.43478260869565,17.82608695652174,7.82608695652174,3.0434782608695654,4.782608695652174,3.260869565217391,1.3043478260869565,1.3043478260869565,1.7391304347826086,0.6521739130434783,0.0,Point Pleasant borough
21.06508875739645,37.278106508875744,20.059171597633135,4.023668639053255,3.9053254437869818,2.603550295857988,6.982248520710059,1.1242603550295858,1.5384615384615385,0.7692307692307693,0.650887573964497,0.0,Princeton
40.88888888888889,23.11111111111111,9.777777777777779,4.444444444444445,4.0,6.222222222222222,8.0,0.0,2.2222222222222223,1.3333333333333335,0.0,0.0,Quinton township
17.982456140350877,23.24561403508772,37.719298245614034,6.140350877192982,0.43859649122807015,2.1929824561403506,7.017543859649122,2.631578947368421,0.8771929824561403,0.0,1.3157894736842104,0.43859649122807015,Rahway city
20.610687022900763,18.3206106870229,19.46564885496183,8.015267175572518,9.541984732824428,8.396946564885496,6.106870229007633,3.435114503816794,3.816793893129771,1.1450381679389312,1.1450381679389312,0.0,Randolph township
17.75043936731107,33.391915641476274,21.968365553602812,5.799648506151142,4.569420035149385,2.6362038664323375,6.32688927943761,2.10896309314587,2.6362038664323375,2.10896309314587,0.5272407732864675,0.17574692442882248,Raritan township
20.37037037037037,19.444444444444446,13.425925925925927,5.555555555555555,11.11111111111111,6.944444444444445,11.11111111111111,3.7037037037037033,1.8518518518518516,6.018518518518518,0.4629629629629629,0.0,Readington township
44.44444444444444,22.22222222222222,12.962962962962962,7.4074074074074066,0.0,3.7037037037037033,3.7037037037037033,3.7037037037037033,0.0,1.8518518518518516,0.0,0.0,Ridgefield borough
17.006802721088434,17.006802721088434,25.170068027210885,10.204081632653061,8.16326530612245,0.6802721088435374,6.802721088435375,0.6802721088435374,10.204081632653061,4.081632653061225,0.0,0.0,Ridgewood village
19.90521327014218,14.691943127962084,22.274881516587676,10.42654028436019,1.4218009478672986,2.843601895734597,15.639810426540285,5.213270142180095,4.739336492890995,1.4218009478672986,1.4218009478672986,0.0,Riverside township
42.35294117647059,22.35294117647059,23.52941176470588,2.3529411764705883,0.0,1.1764705882352942,4.705882352941177,0.0,0.0,2.3529411764705883,1.1764705882352942,0.0,Robbinsville township
20.975609756097562,21.463414634146343,21.951219512195124,10.24390243902439,1.951219512195122,4.878048780487805,7.804878048780488,0.975609756097561,9.268292682926829,0.4878048780487805,0.0,0.0,Rockaway borough
15.211970074812967,17.955112219451372,22.194513715710723,10.473815461346634,9.975062344139651,8.977556109725686,2.7431421446384037,7.4812967581047385,4.738154613466334,0.24937655860349126,0.0,0.0,Rockaway township
18.650793650793652,15.476190476190476,28.174603174603174,11.11111111111111,11.11111111111111,2.380952380952381,5.555555555555555,0.7936507936507936,5.952380952380952,0.0,0.7936507936507936,0.0,Roosevelt borough
23.56902356902357,9.764309764309765,39.73063973063973,9.427609427609427,4.713804713804714,1.6835016835016834,7.07070707070707,0.6734006734006733,0.6734006734006733,1.3468013468013467,0.6734006734006733,0.6734006734006733,Roselle borough
36.279926335174956,18.96869244935543,13.443830570902392,5.3406998158379375,10.313075506445673,5.524861878453039,5.524861878453039,1.841620626151013,1.6574585635359116,0.3683241252302026,0.7366482504604052,0.0,Roxbury township
34.29951690821256,23.18840579710145,9.178743961352657,8.695652173913043,2.4154589371980677,1.932367149758454,9.178743961352657,0.4830917874396135,4.830917874396135,3.3816425120772946,1.932367149758454,0.4830917874396135,Rutherford borough
13.924050632911392,31.4873417721519,23.89240506329114,4.588607594936709,6.487341772151899,2.2151898734177213,9.81012658227848,2.3734177215189876,2.5316455696202533,2.0569620253164556,0.31645569620253167,0.31645569620253167,Saddle Brook township
40.44943820224719,17.415730337078653,12.921348314606742,5.056179775280898,6.741573033707865,1.6853932584269662,8.98876404494382,2.8089887640449436,2.247191011235955,1.1235955056179776,0.0,0.5617977528089888,Sandyston township
10.557184750733137,6.744868035190615,63.929618768328446,2.932551319648094,4.9853372434017595,2.346041055718475,4.9853372434017595,2.932551319648094,0.2932551319648094,0.0,0.2932551319648094,0.0,Sayreville borough
45.24590163934426,17.37704918032787,19.34426229508197,8.852459016393443,0.0,3.278688524590164,1.3114754098360655,0.32786885245901637,2.9508196721311477,0.9836065573770493,0.32786885245901637,0.0,Sea Bright borough
33.6996336996337,19.78021978021978,18.13186813186813,5.952380952380952,4.395604395604396,10.989010989010989,3.47985347985348,0.9157509157509158,1.9230769230769231,0.3663003663003663,0.3663003663003663,0.0,Sea Isle City city
16.8792934249264,11.383709519136408,30.225711481844947,16.584887144259078,4.5142296368989205,2.845927379784102,5.20117762512267,1.7664376840039255,6.771344455348381,2.551521099116781,0.7850834151128557,0.49067713444553485,Seaside Park borough
33.23572474377745,18.155197657393852,19.32650073206442,10.834553440702782,3.953147877013177,1.7569546120058566,6.295754026354319,0.5856515373352855,2.342606149341142,1.3177159590043925,1.3177159590043925,0.8784773060029283,Secaucus town
23.015873015873016,24.6031746031746,14.682539682539684,16.666666666666664,6.746031746031746,1.5873015873015872,7.936507936507936,0.3968253968253968,1.1904761904761905,1.984126984126984,1.1904761904761905,0.0,Shamong township
35.82554517133956,17.75700934579439,12.149532710280374,9.034267912772584,5.607476635514018,8.411214953271028,4.672897196261682,1.8691588785046727,2.1806853582554515,1.2461059190031152,1.2461059190031152,0.0,Shrewsbury township
30.158730158730158,19.841269841269842,17.063492063492063,9.325396825396826,4.761904761904762,3.1746031746031744,9.920634920634921,1.1904761904761905,3.373015873015873,1.1904761904761905,0.0,0.0,Somers Point city
36.98924731182795,20.64516129032258,13.333333333333334,6.666666666666667,6.344086021505377,5.806451612903226,5.161290322580645,1.1827956989247312,1.5053763440860215,1.3978494623655915,0.967741935483871,0.0,Somerville borough
3.307692307692308,3.4615384615384617,86.0,2.3846153846153846,1.153846153846154,0.38461538461538464,1.8461538461538463,0.07692307692307693,1.3846153846153846,0.0,0.0,0.0,South Bound Brook borough
23.49397590361446,24.69879518072289,31.92771084337349,12.048192771084338,3.614457831325301,3.0120481927710845,0.0,0.0,1.2048192771084338,0.0,0.0,0.0,South Brunswick township
16.96927374301676,38.12849162011173,23.533519553072626,5.307262569832402,4.399441340782123,1.3268156424581006,2.863128491620112,0.6983240223463687,3.282122905027933,3.0027932960893855,0.41899441340782123,0.06983240223463687,South Harrison township
23.076923076923077,28.110161443494775,21.462488129154796,4.46343779677113,5.7929724596391265,3.038936372269706,6.647673314339982,2.184235517568851,2.4691358024691357,1.6144349477682813,0.7597340930674265,0.3798670465337132,South River borough
23.05295950155763,21.806853582554517,17.133956386292834,3.115264797507788,8.722741433021806,2.4922118380062304,5.607476635514018,6.853582554517133,4.984423676012461,0.0,6.230529595015576,0.0,Southampton township
34.18662262592898,22.46077621800165,14.53344343517754,5.119735755573906,3.8810900082576385,8.75309661436829,7.349298100743187,1.486374896779521,1.1560693641618496,0.5780346820809248,0.495458298926507,0.0,Sparta township
23.465703971119133,16.24548736462094,14.440433212996389,7.9422382671480145,11.913357400722022,7.2202166064981945,8.664259927797833,3.6101083032490973,3.9711191335740073,0.0,1.8050541516245486,0.7220216606498195,Springfield township
8.069722401549386,6.5848934796643,61.26533247256294,3.227888960619755,10.5229180116204,3.227888960619755,4.002582311168496,1.355713363460297,0.8392511297611362,0.5164622336991607,0.38734667527437056,0.0,Stafford township
24.40119760479042,25.449101796407188,10.029940119760479,6.437125748502994,6.736526946107785,1.0479041916167664,12.125748502994012,6.58682634730539,5.688622754491018,0.7485029940119761,0.4491017964071856,0.29940119760479045,Stillwater township
5.405405405405405,35.585585585585584,33.33333333333333,6.306306306306306,4.054054054054054,0.9009009009009009,10.36036036036036,0.0,4.054054054054054,0.0,0.0,0.0,Stow Creek township
12.651265126512651,15.291529152915292,45.21452145214521,6.490649064906491,6.710671067106711,3.74037403740374,2.7502750275027505,1.54015401540154,3.3003300330033,1.1001100110011002,0.6600660066006601,0.5500550055005501,Surf City borough
11.897935779816514,28.92775229357798,28.899082568807337,6.049311926605505,9.174311926605505,3.784403669724771,4.931192660550459,2.2649082568807337,1.6055045871559634,1.5194954128440368,0.831422018348624,0.11467889908256881,Sussex borough
24.03846153846154,12.5,25.961538461538463,20.192307692307693,1.9230769230769231,0.9615384615384616,0.0,0.0,3.8461538461538463,6.730769230769231,3.8461538461538463,0.0,Tabernacle township
23.684210526315788,10.526315789473683,25.438596491228072,1.7543859649122806,19.298245614035086,2.631578947368421,7.894736842105263,0.8771929824561403,1.7543859649122806,3.508771929824561,1.7543859649122806,0.8771929824561403,Teaneck township
17.692307692307693,22.30769230769231,22.30769230769231,13.846153846153847,3.8461538461538463,5.384615384615385,9.230769230769232,0.0,2.307692307692308,1.5384615384615385,1.5384615384615385,0.0,Tewksbury township
10.980392156862745,4.313725490196078,24.313725490196077,11.372549019607844,10.588235294117647,19.607843137254903,4.313725490196078,4.313725490196078,8.627450980392156,0.39215686274509803,0.7843137254901961,0.39215686274509803,Tinton Falls borough
16.862745098039216,22.745098039215687,28.627450980392155,4.705882352941177,5.098039215686274,4.313725490196078,5.098039215686274,5.490196078431373,2.3529411764705883,2.3529411764705883,2.3529411764705883,0.0,Toms River township
10.300429184549357,24.463519313304722,27.467811158798284,4.721030042918455,8.583690987124463,7.296137339055794,6.866952789699571,3.4334763948497855,1.7167381974248928,4.721030042918455,0.4291845493562232,0.0,Totowa borough
29.770992366412212,24.427480916030532,14.885496183206106,5.7251908396946565,4.580152671755725,5.343511450381679,8.015267175572518,2.2900763358778624,3.0534351145038165,1.5267175572519083,0.38167938931297707,0.0,Trenton city
9.523809523809524,31.746031746031743,36.507936507936506,6.878306878306878,5.291005291005291,4.232804232804233,4.232804232804233,1.5873015873015872,0.0,0.0,0.0,0.0,Union Beach borough
25.64102564102564,25.320512820512818,20.833333333333336,4.166666666666666,6.41025641025641,5.448717948717949,5.769230769230769,0.641025641025641,1.6025641025641024,3.5256410256410255,0.0,0.641025641025641,Union township
16.666666666666664,33.33333333333333,33.33333333333333,0.0,0.0,0.0,0.0,0.0,16.666666666666664,0.0,0.0,0.0,Upper Deerfield township
25.60083594566353,22.152560083594565,21.316614420062695,9.822361546499478,7.001044932079415,3.0303030303030303,6.0606060606060606,1.3584117032392893,1.7763845350052248,1.1494252873563218,0.6269592476489028,0.10449320794148381,Upper Freehold township
22.5201072386059,35.120643431635386,24.128686327077748,3.753351206434316,3.753351206434316,1.3404825737265416,5.630026809651475,0.2680965147453083,1.6085790884718498,1.6085790884718498,0.2680965147453083,0.0,Upper Pittsgrove township
23.52941176470588,29.411764705882355,47.05882352941176,0.0,0.0,0.0,0.0,0.0,0.0,0.0,0.0,0.0,Upper township
20.33898305084746,19.774011299435028,22.598870056497177,6.214689265536723,5.649717514124294,3.954802259887006,6.214689265536723,1.694915254237288,3.954802259887006,6.779661016949152,2.824858757062147,0.0,Ventnor City city
33.88429752066116,15.289256198347106,13.223140495867769,12.8099173553719,2.066115702479339,9.917355371900827,9.090909090909092,0.4132231404958678,2.066115702479339,0.4132231404958678,0.4132231404958678,0.4132231404958678,Vernon township
19.82758620689655,28.448275862068968,12.931034482758621,5.603448275862069,7.327586206896551,8.620689655172415,8.620689655172415,1.293103448275862,3.8793103448275863,2.586206896551724,0.8620689655172413,0.0,Verona township
0.0,0.0,0.0,0.0,0.0,0.0,0.0,0.0,0.0,0.0,0.0,0.0,Voorhees township
34.183673469387756,23.97959183673469,21.428571428571427,5.1020408163265305,4.081632653061225,3.061224489795918,2.5510204081632653,1.0204081632653061,1.0204081632653061,2.0408163265306123,1.530612244897959,0.0,Wall township
17.272727272727273,14.545454545454545,13.636363636363635,7.2727272727272725,11.818181818181818,10.0,10.909090909090908,5.454545454545454,7.2727272727272725,0.9090909090909091,0.9090909090909091,0.0,Walpack township
28.78787878787879,20.454545454545457,12.121212121212121,4.545454545454546,6.0606060606060606,7.575757575757576,10.606060606060606,4.545454545454546,2.272727272727273,2.272727272727273,0.0,0.7575757575757576,Wanaque borough
9.401709401709402,20.51282051282051,37.60683760683761,11.11111111111111,8.547008547008547,1.7094017094017095,4.273504273504273,1.7094017094017095,2.564102564102564,1.7094017094017095,0.8547008547008548,0.0,Wantage township
14.583333333333334,24.479166666666664,32.29166666666667,1.0416666666666665,6.770833333333333,1.5625,6.770833333333333,2.083333333333333,6.770833333333333,3.125,0.5208333333333333,0.0,Warren township
18.289085545722713,24.188790560471976,15.634218289085547,10.619469026548673,7.964601769911504,1.1799410029498525,12.684365781710916,2.359882005899705,5.604719764011799,0.5899705014749262,0.8849557522123894,0.0,Washington borough
17.943107221006567,35.22975929978118,24.070021881838073,7.00218818380744,3.063457330415755,1.5317286652078774,5.908096280087528,0.437636761487965,1.312910284463895,2.1881838074398248,0.437636761487965,0.87527352297593,Washington township
8.536585365853659,37.80487804878049,23.170731707317074,1.2195121951219512,14.634146341463413,1.2195121951219512,8.536585365853659,2.4390243902439024,2.4390243902439024,0.0,0.0,0.0,Waterford township
0.0,0.0,100.0,0.0,0.0,0.0,0.0,0.0,0.0,0.0,0.0,0.0,Wayne township
37.5,25.0,12.5,6.25,6.25,0.0,12.5,0.0,0.0,0.0,0.0,0.0,Weehawken township
30.555555555555557,11.11111111111111,16.666666666666664,2.7777777777777777,5.555555555555555,5.555555555555555,5.555555555555555,8.333333333333332,2.7777777777777777,11.11111111111111,0.0,0.0,West Amwell township
16.8,18.4,24.0,29.599999999999998,1.6,0.8,2.4,0.0,2.4,0.8,2.4,0.8,West Deptford township
28.078817733990146,14.285714285714285,15.270935960591133,5.41871921182266,2.955665024630542,4.433497536945813,18.7192118226601,0.9852216748768473,4.926108374384237,3.9408866995073892,0.9852216748768473,0.0,West Milford township
17.866004962779154,28.287841191067,16.377171215880892,4.962779156327544,9.67741935483871,3.225806451612903,5.459057071960298,4.218362282878412,2.481389578163772,3.970223325062035,2.729528535980149,0.7444168734491315,West Windsor township
14.754098360655737,19.672131147540984,8.19672131147541,4.918032786885246,22.950819672131146,9.836065573770492,3.278688524590164,11.475409836065573,4.918032786885246,0.0,0.0,0.0,Westampton township
22.448979591836736,33.6734693877551,21.93877551020408,8.16326530612245,5.1020408163265305,3.061224489795918,1.530612244897959,1.0204081632653061,0.5102040816326531,1.0204081632653061,1.530612244897959,0.0,Westfield town
20.3125,26.5625,12.5,7.8125,7.8125,3.125,10.9375,3.125,1.5625,0.0,4.6875,1.5625,Weymouth township
21.830985915492956,21.830985915492956,16.901408450704224,6.338028169014084,12.676056338028168,6.338028169014084,7.042253521126761,2.8169014084507045,3.5211267605633805,0.7042253521126761,0.0,0.0,White township
42.1602787456446,15.33101045296167,6.968641114982578,8.013937282229964,6.968641114982578,14.982578397212542,3.8327526132404177,0.6968641114982579,1.0452961672473868,0.0,0.0,0.0,Wildwood city
21.63677130044843,18.385650224215247,23.654708520179373,10.426008968609866,6.838565022421525,3.1390134529147984,6.614349775784753,1.6816143497757847,3.587443946188341,2.8026905829596416,0.4484304932735426,0.7847533632286996,Wildwood Crest borough
0.0,100.0,0.0,0.0,0.0,0.0,0.0,0.0,0.0,0.0,0.0,0.0,Willingboro township
18.75,20.0,21.25,7.5,3.75,3.75,13.750000000000002,1.25,1.25,2.5,1.25,5.0,Winfield township
0.0,0.0,0.0,0.0,0.0,0.0,0.0,0.0,0.0,0.0,0.0,0.0,Winslow township
26.200873362445414,27.510917030567683,25.327510917030565,5.676855895196507,2.1834061135371177,3.056768558951965,6.986899563318777,0.0,2.6200873362445414,0.43668122270742354,0.0,0.0,Woodbridge township
25.568181818181817,21.022727272727273,23.295454545454543,9.659090909090908,4.545454545454546,3.977272727272727,3.4090909090909087,2.840909090909091,2.272727272727273,1.7045454545454544,1.1363636363636365,0.5681818181818182,Woodbury city
13.218390804597702,24.137931034482758,19.54022988505747,6.321839080459771,13.218390804597702,8.620689655172415,3.4482758620689653,4.022988505747127,3.4482758620689653,2.2988505747126435,1.1494252873563218,0.5747126436781609,Woodland township
25.806451612903224,29.03225806451613,22.58064516129032,9.67741935483871,0.0,0.0,3.225806451612903,0.0,3.225806451612903,3.225806451612903,3.225806451612903,0.0,Woodstown borough
33.0188679245283,31.132075471698112,4.716981132075472,1.8867924528301887,0.9433962264150944,0.0,10.377358490566039,0.0,3.7735849056603774,3.7735849056603774,3.7735849056603774,6.60377358490566,Woolwich township
22.727272727272727,22.727272727272727,3.0303030303030303,15.151515151515152,6.0606060606060606,10.606060606060606,9.090909090909092,4.545454545454546,4.545454545454546,0.0,1.5151515151515151,0.0,Wyckoff township
