{
    "\nRoxbury Register | newjerseyhills.Skip to Welcome,                                             \n                                            \n   e-Letter to How to place View All In-View Real View View Place a Art listings, Columns, Fun Potpourri for Buy E-Where to buy Renew or Post Your Own Promote \u00b0\n\r\n                                \r\n                                    Whippany, NJ\r\n                                \r\n                                (07981)\nA mix of clouds and sun.": [
        "Social",
        "positive"
    ],
    "High 92F.": [
        "None",
        "neutral"
    ],
    "Winds S at  to  mph..": [
        "None",
        "neutral"
    ],
    "Partly cloudy skies this evening will give way to occasional showers overnight.": [
        "Social",
        "neutral"
    ],
    "Low 73F.": [
        "None",
        "negative"
    ],
    "Winds S at  to  mph.": [
        "Environmental",
        "neutral"
    ],
    "Chance of rain %.": [
        "Environmental",
        "positive"
    ],
    "Updated: July ,  @ 1:                                              \n                                            \n                                                    \n                           \ne-Letter to How to place View All In-View Real View View Place a Art listings, Columns, Fun Potpourri for Buy E-Where to buy Renew or Post Your Own Promote                 \n                                \n                    \n        \n        \n            Democrat Sherrill calls on Biden to Updated \n  Rep. Mikie Sherrill, D-, has joined a small but growing chorus of Democratic lawmakers calling on President Joe Biden to not seek re-election due to what is widely regarded as an inferior debate performance with former President Donald Trump on June .": [
        "Social",
        "positive"
    ],
    "Morris County 4-H Fair hosted by High View Farms in 2 The Oblen Family of High View Farms will host the annual Morris County 4-H Fair from Friday, July  to Sunday, July  at the family\u2019s farm on  Sandshore Road, Budd Lake.": [
        "Social",
        "positive"
    ],
    "+        \n        \n            'What's at stake:' Dem Congressional candidates blast Project \nUpdated \nJul 8, \nDemocrats seeking Congressional seats are decrying a plan by extremists to implement policies that would, in essence, overhaul the federal government to accommodate the hard-line policies of former president now convicted felon Donald Trump if he defeats President Joe Biden at the polls in N\u2026\n        \n        \n            Landing residents could save  percent on electric bills, Colorado Updated \n ROXBURY TWP.": [
        "Social",
        "positive"
    ],
    "\u2013 A Boulder, Co., firm says it will save Landing homes and businesses  percent on their electric bills, should the township approve solar panels on a warehouse rooftop on Kings Highway.": [
        "Environmental",
        "positive"
    ],
    "Public can bid farewell to Roxbury's outgoing library director on July \nUpdated \n ROXBURY TWP.": [
        "Social",
        "positive"
    ],
    "\u2013 The Roxbury Township Public Library will host an open house to honor and bid farewell to Library Director Radwa Ali as she sets sail to a new position in the Montclair Library system.": [
        "Social",
        "positive"
    ],
    "WHAT'Updated \nJul 4, \nEditor\u2019s note: To have your event posted in this section, please email Editor P.C.": [
        "None",
        "positive"
    ],
    "Robinson at  \n                \n                Your                 \n                    \nSign up to have the local news you need now delivered to your inbox.": [
        "Social",
        "neutral"
    ],
    "Sign up now!": [
        "None",
        "neutral"
    ],
    "Subscribe!": [
        "None",
        "neutral"
    ],
    "Don't miss out: Subscribe to our print and e-edition now.": [
        "None",
        "positive"
    ],
    "Get all our news direct to your mailbox and Click here                 \n                                \n                    \n        \n        \n            COMMENTARY: Free to get sick, Updated \nJul 8, \nThe nation was unprepared for Covid; in its wake, there is no excuse for being unprepared for the next pandemic, but we are.": [
        "Social",
        "negative"
    ],
    "It could be upon us as bird flu spreads to humans.": [
        "Social",
        "negative"
    ],
    "A third case has just been added to the list of known human infection.": [
        "Social",
        "neutral"
    ],
    "https://www.cdc.gov/media/releases//s0522\u2026\n        \n        \n            LETTER: We live in a great town here Updated \nJun , \nTO THE EDITOR: I was driving down Eyland Avenue recently and saw an announcement on the brand-new digital notice board by Horseshoe Lake that Roxbury had just observed a celebration of Juneteenth, which commemorates the end of slavery.": [
        "Social",
        "negative"
    ],
    "COMMENTARY: Why summer conventions could surprise us?": [
        "None",
        "positive"
    ],
    "Party rules +2Updated \nJun , \nIn mid-March, we citizens\u2014and the news media\u2014accepted a simple  election narrative: the nominees of both major parties were secure; there was no \u201cpath\u201d to an alternate candidate\u2019s nomination barring an unforeseen, game-changing event.": [
        "Social",
        "positive"
    ],
    "+        \n        \n            NORTH JERSEY GREEN: Wish you could skip the stuff that comes with your takeout food?": [
        "Environmental",
        "positive"
    ],
    "You can!": [
        "None",
        "neutral"
    ],
    "Jun , \nIf you are like us, skipping the extra single use plastic stuff that comes with takeout would feel so good, especially since most of us just toss it in the trash or drop it into our junk drawer.": [
        "Environmental",
        "positive"
    ],
    "Out & About - July , \n         \n        \n            Out & About - July 4, \nJul 3, \n        \n        \n            Graduation \nUpdated \nJul 1, \n        \n        \n            Out & About June , \nJun , \nMore                 \n                                \n                    \n        \n        \n            Dennis Joseph Reilly, , former Succasunna resident, Air Feb 8, \nDennis Joseph Reilly passed away at the age of  on Sunday, Feb. , , after a long battle with cancer.": [
        "Social",
        "negative"
    ],
    "Robert William Sorge, was , former Mount Arlington Council president, distinguished Updated \nMar , \nRobert \u201cBob\u201d Sorge passed away on Friday, Sept. 1, , his family announced with profound sorrow.": [
        "Social",
        "negative"
    ],
    "Antonio Giannetti, was , auto mechanic, manager at many Updated \nApr 5, \nAntonio (\u201cTony,\u201d \u201cTeeGee\u201d) Giannetti, , of Mauldin, S.C., died on Friday, Feb. , , at Bon Secours St. Francis Hospital Downtown, in Greenville, S.C. \n        \n        \n            CarolIne Elizabeth Moeller, was , avid patron of Nov 1, \nCaroline Elizabeth Moeller, of Roxbury Township, passed away peacefully on Saturday, Oct. , , at the age of .": [
        "Social",
        "positive"
    ],
    "Out &                 \n                    \n        \n        \n            * ENTERTAINMENT *\n2 Captain Jack Billy Joel Tribute Band will appear as part of the\u00a0The Hunterdon County Parks and Recreation\u2019s free summer concert series \u201cMusic Under the Stars\u201d at Deer Path Park,  West Woodschurch Road from 7 to 9 p.m. on Thursday July .": [
        "Social",
        "positive"
    ],
    "Every show is patterned after a Billy Joel concert\u2026\n+        \n        \n            Flemington's 'Very Bookish Film Festival' to run from Saturday, July \nUpdated \n Act 2 Books is continuing its summer tradition of hosting the Flemington Very Bookish Film Festival starting with the screening of the  film \u201cThe Count of Monte Cristo\u201d at 9 p.m. on Saturday, July , on the front lawn of Act 2 Books,  Central Station, Flemington.": [
        "Social",
        "positive"
    ],
    "Baroque Orchestra of NJ July performance rescheduled for Sunday, Aug. , Updated \nJul 8, \nThe Baroque Orchestra of New Jersey performance originally scheduled for Sunday, July 7, has been rescheduled to 4 p.m. on Sunday, Aug. , at the\u00a0Madison Community Arts Center,  Kings Road, Madison.": [
        "None",
        "neutral"
    ],
    "Hunterdon Art Museum calls for entries to  Updated \nJul 6, \nCLINTON \u2013 The Hunterdon Art Museum (HAM) is accepting submissions for its  Members Exhibition through Monday, July 8.": [
        "Social",
        "positive"
    ],
    "Chatham         \n        \n            Morris County Wrestling Tournament Finals Jan. \n+\nJan , \nChatham         \n        \n            Chatham , Roxbury \n+13Updated \nFeb 1, \n+\nMount Olive         \n        \n            Roxbury , Mount Oct 4, \n+\nObserver-        \n        \n            West Morris , Sep , \n                \n                                \n                    \n0:\nBernardsville         \n        \n            County College of May , \n1:\nChatham         \n        \n            Sherrill wants more sanctions on Russia after invasion Feb , \n1:\nBernardsville         \n        \n            Jack Ciattarelli on run Oct , \n2:\nChatham         \n        \n            Rep. Mikie Sherrill comments on Nov 4, \n                \n                Where to buy                 \n                    \nClick here for local outlets!": [
        "Social",
        "neutral"
    ],
    "Renovations underway at Florham Park library children\u2019        \n        \n            Things To Do In         \n        \n            Area residents celebrate America\u2019s birthday at Florham         \n        \n            Renovations underway at children's room at Florham Park library, currently used by         \n        \n            Tewksbury Historical Society Presents Ehmann History Award to         \n        \n            Enjoy Hawaiian music July  at St. Paul's         \n        \n            Morris County 4-H Fair hosted by High View Farms in         \n        \n            * ENTERTAINMENT *\n                \n                How To Post To                 \n            \n        \n        \n            How To Post To Our                 \n                                \n            \n  ArticlesPalmer project in Bernardsville raises parking issuesAnnual West Essex area fireworks show is tomorrow, July 4Long Hill schools take a step forward with National School Lunch Program'What's at stake:' Dem Congressional candidates blast Project 2025Spruce Run Recreation Area swim area is closed for the season due to harmful algae bloomsThree new proposals for former Audi site in BernardsvilleWARREN TWP.": [
        "Social",
        "positive"
    ],
    "POLICE REPORTDrivers, beware: Peapack-Gladstone police conduct distracted driving campaignVendor numbers remain low at Chatham Farmer's Market, council promises changePalmer project deemed threat to Bernardsville'CommentedLETTER: Biden should step down after debate failure (3)LETTER: Writer, in history lesson, protests Bernardsville downtown changes (2)P-G not budging on Canada goose kill plan (2)Palmer project deemed threat to Bernardsville's history (2)LETTER: Is P-G geese issue about animals or 'politics of those behind the issue?'": [
        "Social",
        "negative"
    ],
    "(1)LETTER: \u2018Will you do your part to help preserve our democracy?\u2019 (1)LETTER: Linda Stamato drinks the Democratic party Kool-Aid (1)LETTER: Trump should never 'get near the White House' again (1)EDITORIAL: Shame, shame, shame (1)LETTER: Highlands Council director clarifies branding initiative (1)Bernardsville loses downtown manager (1)Diversity Committee (1)'What's at stake:' Dem Congressional candidates blast Project  (1)Drivers, beware: Peapack-Gladstone police conduct distracted driving campaign (1)LETTER: Decision to euthanize P-G geese 'represents the best interest' of community (1)COMMENTARY: Why summer conventions could surprise us?": [
        "Social",
        "positive"
    ],
    "Party rules can change (1)\n                \n                See It.": [
        "None",
        "positive"
    ],
    "Click It.": [
        "None",
        "neutral"
    ],
    "...": [
        "None",
        "neutral"
    ],
    "Fix It!": [
        "None",
        "neutral"
    ],
    "Mount Observer-Echoes-Florham New Jersey Hills                 \n                                \n            \nArts & Calendar  New Jersey Hills Submit                 \n                Advertise E-Promote Ad Post Your                 \n                                \n            \nnewjerseyhills.": [
        "Social",
        "neutral"
    ],
    "Suite   South     Whippany,     \nPhone: --\nEmail: \n\u00d7\nYour browser is out of date and potentially vulnerable to security risks.We recommend switching to one of the following browsers:\n\u00a9 Copyright \nNew Jersey Hills Suite   S. Jefferson Road,\u00a0Whippany,\u00a0\u00a0| Terms \u00a0| Powered by BLOX Content Management System from BLOX Digital.": [
        "None",
        "positive"
    ]
}