{
    "\nThe Official Website of  Pohatcong, NJ - \nYou don't have javascript enabled.": [
        "Social",
        "neutral"
    ],
    "Please enable it...\n\u00a0\nOOPS!": [
        "None",
        "positive"
    ],
    "We can\u2019t seem to find the page you\u2019re looking for.": [
        "Social",
        "neutral"
    ],
    "Go back  Pohatcong, \r\n                             Municipal Drive\r\n                            Pohatcong,\r\n                            NJ,\r\n                            08865\r\n                        \nTel: \r\n                        \u00a9  Pohatcong, NJ.": [
        "Social",
        "neutral"
    ],
    "All Rights Reserved.": [
        "None",
        "neutral"
    ],
    "Developed by AlphaDog Solutions.": [
        "None",
        "positive"
    ],
    "If you have any trouble with accessing information contained within this website, please contact the Clerk\u2019s Office.": [
        "None",
        "negative"
    ],
    "\u00d7\nPlease ensure Javascript is enabled for purposes of": [
        "Social",
        "positive"
    ]
}