{
    "\nThe Official Website of  Pohatcong, NJ - You don't have javascript enabled.": [
        "Social",
        "neutral"
    ],
    "Please enable it...": [
        "None",
        "positive"
    ],
    "Notices > Notice Lawn Mowing & Posted:  - : Due By:  - : NOTICE NOTICE is hereby given that sealed bids will be received by the Pohatcong Township Clerk for lawn mowing and trimming services in accordance with the Specifications and will be opened at an On-Line Meeting via WebEx of the Township Council of the Township of Pohatocng on April 6,  at 7: p.m.\nInformation to join the virtual Web-Ex meetings will be published in the official newspapers of the Township (the Express Times NJ Zone and the Express Times) and will also be posted on the Township\u2019s website.": [
        "None",
        "positive"
    ],
    "Bidders are required to comply with the requirements of P.L.": [
        "None",
        "neutral"
    ],
    ", Chapter , as it relates to Affirmative Action requirements.": [
        "Governance",
        "neutral"
    ],
    "Specifications and form of contract for the proposed services, approved by the Township Council have been filed in the office of the Township Clerk,  Municipal Drive, Phillipsburg, New Jersey 08865 and may be inspected by prospective bidders during regular business hours.": [
        "Social",
        "positive"
    ],
    "Bidders will be furnished with a copy of the specifications by the Township Clerk upon proper notice.": [
        "None",
        "neutral"
    ],
    "Bids shall be in writing, on the business letterhead of the bidder and shall be signed by the appropriate individual.": [
        "None",
        "neutral"
    ],
    "The written bid proposal must be enclosed in sealed envelopes bearing the name and address of bidder and plainly marked on the outside \u201cLawn Mowing and Trimming Services,\u201d addressed to Wanda Kutzman, Pohatcong Township Clerk.": [
        "Social",
        "neutral"
    ],
    "All proposals shall be received at the Pohatcong Township Municipal Building on or before April 6,  at 3: p.m.": [
        "None",
        "neutral"
    ],
    "The Pohatcong Township Council reserves the right to reject any and all bids when found in the interest of the Township Council to do so.": [
        "None",
        "positive"
    ],
    "All Bidders are required to attend a mandatory pre-bid meeting at the DPW Garage,  Municipal Drive, Phillipsburg, NJ 08865 on Thursday, April 1,  at : a.m. for a site visit and review of all township locations included in the bid specs.": [
        "Social",
        "positive"
    ],
    "Bidders are also required to comply with N.J.S.A.": [
        "None",
        "neutral"
    ],
    ": et.seq.": [
        "None",
        "neutral"
    ],
    "and the Affirmative Action Rules as set forth in N.J.A.C.": [
        "None",
        "neutral"
    ],
    ":.": [
        "None",
        "neutral"
    ],
    "Bidders are also required to furnish a statement setting forth the names and addresses of all stockholders in the corporation or partnership who own a ten () percent or greater interest therein, as the case may be, in accordance with P.L.": [
        "None",
        "positive"
    ],
    ", C. ; N.J.S.A.:.2.": [
        "None",
        "neutral"
    ],
    "Bidders are also required to comply with all the amendments to said statutes and the rules, regulations and pronouncements of any Court interpreting same.": [
        "None",
        "neutral"
    ],
    "By Order of the Pohatcong \u00a0\n___________________________________________________\r\n\u00a0WANDA L. KUTZMAN, POHATCONG LAWN MOWING & TRIMMING  View Full  Pohatcong, \r\n                             Municipal Drive\r\n                            Pohatcong,\r\n                            NJ,\r\n                            08865\r\n                        \nTel: \r\n                        \u00a9  Pohatcong, NJ.": [
        "None",
        "neutral"
    ],
    "All Rights Reserved.": [
        "None",
        "neutral"
    ],
    "Developed by AlphaDog Solutions.": [
        "None",
        "positive"
    ],
    "If you have any trouble with accessing information contained within this website, please contact the Clerk\u2019s Office.": [
        "None",
        "negative"
    ],
    "\u00d7\nPlease ensure Javascript is enabled for purposes of": [
        "Social",
        "positive"
    ]
}