{
    "\nSouth River, New Jersey (NJ 08882) profile: population, maps, real estate, averages, homes, statistics, relocation, travel, jobs, hospitals, schools, crime, moving, houses, news,  More \nSex Offenders Building Permits FiledCity GuidesTourist Covid-\nCrimeWork and JobsHouses, ApartmentsU.S.": [
        "Social",
        "negative"
    ],
    "Jump to a detailed profile, search site with google or try   New Jersey, NJ smaller cities, NJ South River, NJ South River,  \n \n \nSouth River, South River: daily'Submit your own pictures of this borough and show them to Please wait while loading the map...\nCurrent weather forecast for South River, Population in : , (% urban, 0% rural).": [
        "Social",
        "positive"
    ],
    "Population change since : +4.4%\r\n\u00a0\nMales: 8,\u00a0\u00a0(.6%)Females: 7,\u00a0\u00a0(.4%)\nMedian resident age:.5 yearsNew Jersey median age:.Zip codes: 08882.": [
        "Social",
        "neutral"
    ],
    "Estimated median household income in : $, (it was $, in )\nSouth River:$,421NJ:$,\nEstimated per capita income in : $, (it was $, in )\nSouth River borough income, earnings, and Estimated median house or condo value in : $, (it was $, in )\r\nSouth River:$,414NJ:$,\nMean prices in : all housing units: $,; detached houses: $,; townhouses or other attached units: $,; in 2-unit structures: $,; in 3-to-4-unit structures: $,; in 5-or-more-unit structures: $,; mobile homes: $,\nMedian gross rent in : $1,.": [
        "None",
        "negative"
    ],
    "March  cost of living index in South River: .6 (more than average, U.S. average is )\nSouth River, NJ residents, houses, and Percentage of residents living in poverty in : .2%\r\n(.3% for White Non-Hispanic residents, 5.7% for Black residents, .6% for Hispanic or Latino residents, .4% for other race residents, 9.7% for two or more races residents)\nDetailed information about poverty and poor residents in South River, Profiles of Moore Advantage Irrigation \nPut your B&M business profile right here for free.": [
        "Social",
        "negative"
    ],
    ", businesses already created \ntheir profiles!": [
        "Social",
        "positive"
    ],
    "Compare current foreclosures in South River, NJ:\n#South River, 1,142sq.": [
        "None",
        "negative"
    ],
    "--#Main St & South River, -sq.": [
        "None",
        "neutral"
    ],
    "--#South River, 964sq.": [
        "None",
        "neutral"
    ],
    "--#South River, -sq.": [
        "None",
        "neutral"
    ],
    "--#South River, 1,288sq.": [
        "None",
        "neutral"
    ],
    "--#Main St # South River, -sq.": [
        "None",
        "neutral"
    ],
    "--#South River, 1,971sq.": [
        "None",
        "neutral"
    ],
    "--#\n1/2 South River, -sq.": [
        "None",
        "neutral"
    ],
    "--#\nSouth River, -sq.": [
        "None",
        "neutral"
    ],
    "--#\nOld South River, -sq.": [
        "None",
        "neutral"
    ],
    "-- Check over 1 million property listings on Foreclosure.com!": [
        "None",
        "neutral"
    ],
    "Check out more offers in South River, NJ.": [
        "None",
        "neutral"
    ],
    "Find opportunities in any area:\nPowered by Foreclosure.Business Search -  Million verified businessesSearch\u00a0for:\u00a0near:\u00a0\u00a0\nUser-Preset Opacity:\n %\nHide Reset Most recent value \n% change since 2k \nData:\nMedian household income ($)\nMedian household income (% change since )\nHousehold Ratio of average income to average house value (%)\nRatio of average income to Median household income ($) - Median household income ($) - Black or Median household income ($) - Median household income ($) - Hispanic Median household income ($) - American Indian and Median household income ($) - Median household income ($) - Median household income for houses/condos with a mortgage ($)\nMedian household income for apartments without a mortgage ($)\nRaces - White alone (%)\nRaces - White alone (% change since )\nRaces - Black alone (%)\nRaces - Black alone (% change since )\nRaces - American Indian alone (%)\nRaces - American Indian alone (% change since )\nRaces - Asian alone (%)\nRaces - Asian alone (% change since )\nRaces - Hispanic (%)\nRaces - Hispanic (% change since )\nRaces - Native Hawaiian and Other Pacific Islander alone (%)\nRaces - Native Hawaiian and Other Pacific Islander alone (% change since )\nRaces - Two or more races (%)\nRaces - Two or more races (% change since )\nRaces - Other race alone (%)\nRaces - Other race alone (% change since )\nUnemployment (%)\nUnemployment (% change since )\nUnemployment (%) - Unemployment (%) - Black or Unemployment (%) - Unemployment (%) - Hispanic Unemployment (%) - American Indian and Unemployment (%) - Unemployment (%) - Population density (people per square mile)\nPopulation - Males (%)\nPopulation - Females (%)\nPopulation - Males (%) - Population - Males (%) - Black or Population - Males (%) - Population - Males (%) - Hispanic Population - Males (%) - American Indian and Population - Males (%) - Population - Males (%) - Population - Females (%) - Population - Females (%) - Black or Population - Females (%) - Population - Females (%) - Hispanic Population - Females (%) - American Indian and Population - Females (%) - Population - Females (%) - Coronavirus confirmed cases (Jul , )\nDeaths caused by coronavirus (Jul , )\nCoronavirus confirmed cases (per 100k population) (Jul , )\nDeaths caused by coronavirus (per 100k population) (Jul , )\nDaily increase in number of cases (Jul , )\nWeekly increase in number of cases (Jul , )\nCases doubled (in days) (Jul , )\nHospitalized patients (Apr , )\nNegative test results (Apr , )\nTotal test results (Apr , )\nCOVID Vaccine doses distributed (per 100k population) (Sep , )\nCOVID Vaccine doses administered (per 100k population)  (Sep , )\nCOVID Vaccine doses distributed (Sep , )\nCOVID Vaccine doses administered (Sep , )\nLikely homosexual households (%)\nLikely homosexual households (% change since )\nLikely homosexual households - Lesbian couples (%)\nLikely homosexual households - Lesbian couples (% change since )\nLikely homosexual households - Gay men (%)\nLikely homosexual households - Gay men (% change since )\nCost of Median gross rent ($)\nMedian contract rent ($)\nMedian monthly housing costs ($)\nMedian house or condo value ($)\nMedian house or condo value ($ change since )\nMean house or condo value by units in structure - 1, detached ($)\nMean house or condo value by units in structure - 1, attached ($)\nMean house or condo value by units in structure - 2 ($)\nMean house or condo value by units in structure by units in structure - 3 or 4 ($)\nMean house or condo value by units in structure - 5 or more ($)\nMean house or condo value by units in structure - Boat, RV, van, etc.": [
        "None",
        "negative"
    ],
    "($)\nMean house or condo value by units in structure - Mobile home ($)\nMedian house or condo value ($) - Median house or condo value ($) - Black or Median house or condo value ($) - Median house or condo value ($) - Hispanic Median house or condo value ($) - American Indian and Median house or condo value ($) - Median house or condo value ($) - Median Resident Median resident age - Median resident age - Median resident age - Median resident age - Black or Median resident age - Median resident age - Hispanic Median resident age - American Indian and Median resident age - Median resident age - Median resident age - Males - Median resident age - Males - Black or Median resident age - Males - Median resident age - Males - Hispanic Median resident age - Males - American Indian and Median resident age - Males - Median resident age - Males - Median resident age - Females - Median resident age - Females - Black or Median resident age - Females - Median resident age - Females - Hispanic Median resident age - Females - American Indian and Median resident age - Females - Median resident age - Females - Commute - mean travel time to work (minutes)\nTravel time to work - Less than 5 minutes (%)\nTravel time to work - Less than 5 minutes (% change since )\nTravel time to work - 5 to 9 minutes (%)\nTravel time to work - 5 to 9 minutes (% change since )\nTravel time to work -  to  minutes (%)\nTravel time to work -  to  minutes (% change since )\nTravel time to work -  to  minutes (%)\nTravel time to work -  to  minutes (% change since )\nTravel time to work -  to  minutes (%)\nTravel time to work -  to  minutes (% change since )\nTravel time to work -  to  minutes (%)\nTravel time to work -  to  minutes (% change since )\nTravel time to work -  to  minutes (%)\nTravel time to work -  to  minutes (% change since )\nTravel time to work -  or more minutes (%)\nTravel time to work -  or more minutes (% change since )\nMarital status - Never married (%)\nMarital status - Now married (%)\nMarital status - Separated (%)\nMarital status - Widowed (%)\nMarital status - Divorced (%)\nMedian family income ($)\nMedian family income (% change since )\nMedian non-family income ($)\nMedian non-family income (% change since )\nMedian per capita income ($)\nMedian per capita income (% change since )\nMedian family income ($) - Median family income ($) - Black or Median family income ($) - Median family income ($) - Hispanic Median family income ($) - American Indian and Median family income ($) - Median family income ($) - Median year house/Median year Year house built - Built  or later (%)\nYear house built - Built  to  (%)\nYear house built - Built  to  (%)\nYear house built - Built  to  (%)\nYear house built - Built  to  (%)\nYear house built - Built  to  (%)\nYear house built - Built  to  (%)\nYear house built - Built  to  (%) \nYear house built - Built  or earlier (%)\nAverage Household density (households per square mile)\nAverage household size - Average household size - Black or Average household size - Average household size - Hispanic Average household size - American Indian and Average household size - Average household size - Occupied housing units (%)\nVacant housing units (%)\nOwner occupied housing units (%)\nRenter occupied housing units (%)\nVacancy status - For rent (%)\nVacancy status - For sale only (%)\nVacancy status - Rented or sold, not occupied (%)\nVacancy status - For seasonal, recreational, or occasional use (%)\nVacancy status - For migrant workers (%)\nVacancy status - Other vacant (%)\nResidents with income below the poverty level (%)\nResidents with income below % of the poverty level (%)\nChildren below poverty level (%)\nPoor families by family type - Married-couple family (%)\nPoor families by family type - Male, no wife present (%)\nPoor families by family type - Female, no husband present (%)\nPoverty status for native-born residents (%)\nPoverty status for foreign-born residents (%)\nPoverty among high school graduates not in families (%)\nPoverty among people who did not graduate high school not in families (%)\nResidents with income below the poverty level (%) - Residents with income below the poverty level (%) - Black or Residents with income below the poverty level (%) - Residents with income below the poverty level (%) - Hispanic Residents with income below the poverty level (%) - American Indian and Residents with income below the poverty level (%) - Residents with income below the poverty level (%) - Air pollution - Air Quality Index (AQI)\nAir pollution - Air pollution - Air pollution - Air pollution - Air pollution - Air pollution - Air pollution - Crime - Murders per , Crime - Rapes per , Crime - Robberies per , Crime - Assaults per , Crime - Burglaries per , Crime - Thefts per , Crime - Auto thefts per , Crime - Arson per , Crime - City-data.com Crime - Violent Crime - Property Crime - Murders per , population (5 year average)\nCrime - Rapes per , population (5 year average)\nCrime - Robberies per , population (5 year average)\nCrime - Assaults per , population (5 year average)\nCrime - Burglaries per , population (5 year average)\nCrime - Thefts per , population (5 year average)\nCrime - Auto thefts per , population (5 year average)\nCrime - Arson per , population (5 year average)\nCrime - City-data.com crime index (5 year average)\nCrime - Violent crime index (5 year average)\nCrime - Property crime index (5 year average)\n  Presidential Elections Results (%) - Democratic Party (Clinton)\n  Presidential Elections Results (%) - Republican Party (Dole)\n  Presidential Elections Results (%) -   Presidential Elections Results (%) - Democratic Party (Gore)\n  Presidential Elections Results (%) - Republican Party (Bush)\n  Presidential Elections Results (%) -   Presidential Elections Results (%) - Democratic Party (Kerry)\n  Presidential Elections Results (%) - Republican Party (Bush)\n  Presidential Elections Results (%) -   Presidential Elections Results (%) - Democratic Party (Obama)\n  Presidential Elections Results (%) - Republican Party (McCain)\n  Presidential Elections Results (%) -   Presidential Elections Results (%) - Democratic Party (Obama)\n  Presidential Elections Results (%) - Republican Party (Romney)\n  Presidential Elections Results (%) -   Presidential Elections Results (%) - Democratic Party (Clinton)\n  Presidential Elections Results (%) - Republican Party (Trump)\n  Presidential Elections Results (%) -   Presidential Elections Results (%) - Democratic Party (Biden)\n  Presidential Elections Results (%) - Republican Party (Trump)\n  Presidential Elections Results (%) - Ancestries Reported - Arab (%)\nAncestries Reported - Czech (%)\nAncestries Reported - Danish (%)\nAncestries Reported - Dutch (%)\nAncestries Reported - English (%)\nAncestries Reported - French (%)\nAncestries Reported - French Canadian (%)\nAncestries Reported - German (%)\nAncestries Reported - Greek (%)\nAncestries Reported - Hungarian (%)\nAncestries Reported - Irish (%)\nAncestries Reported - Italian (%)\nAncestries Reported - Lithuanian (%)\nAncestries Reported - Norwegian (%)\nAncestries Reported - Polish (%)\nAncestries Reported - Portuguese (%)\nAncestries Reported - Russian (%)\nAncestries Reported - Scotch-Irish (%)\nAncestries Reported - Scottish (%)\nAncestries Reported - Slovak (%)\nAncestries Reported - Subsaharan African (%)\nAncestries Reported - Swedish (%)\nAncestries Reported - Swiss (%)\nAncestries Reported - Ukrainian (%)\nAncestries Reported - United States (%)\nAncestries Reported - Welsh (%)\nAncestries Reported - West Indian (%)\nAncestries Reported - Other (%)\nEducational Attainment - No schooling completed (%)\nEducational Attainment - Less than high school (%)\nEducational Attainment - High school or equivalent (%)\nEducational Attainment - Less than 1 year of college (%)\nEducational Attainment - 1 or more years of college (%)\nEducational Attainment - Associate degree (%)\nEducational Attainment - Bachelor's degree (%)\nEducational Attainment - Master's degree (%)\nEducational Attainment - Professional school degree (%)\nEducational Attainment - Doctorate degree (%)\nSchool Enrollment - Nursery, preschool (%)\nSchool Enrollment - Kindergarten (%)\nSchool Enrollment - Grade 1 to 4 (%)\nSchool Enrollment - Grade 5 to 8 (%)\nSchool Enrollment - Grade 9 to  (%)\nSchool Enrollment - College undergrad (%)\nSchool Enrollment - Graduate or professional (%)\nSchool Enrollment - Not enrolled in school (%)\n School enrollment - Public schools (%)\n School enrollment - Private schools (%)\n School enrollment - Not enrolled (%)\nMedian number of rooms in houses Median number of rooms Housing units lacking complete plumbing facilities (%)\nHousing units lacking complete kitchen facilities (%)\nDensity Urban houses (%)\nRural houses (%)\nHouseholds with people  years and over (%)\nHouseholds with people  years and over (%)\nHouseholds with people  years and over (%)\nHouseholds with one or more nonrelatives (%)\nHouseholds with no nonrelatives (%)\nPopulation in households (%)\nFamily households (%)\nNonfamily households (%)\nPopulation in families (%)\nFamily households with own children (%)\nMedian number of bedrooms in owner Mean number of bedrooms in owner Median number of bedrooms in renter Mean number of bedrooms in renter Median number of vehichles in owner Mean number of vehichles in owner Median number of vehichles in renter Mean number of vehichles in renter Mortgage status - with mortgage (%)\nMortgage status - with second mortgage (%)\nMortgage status - with home equity loan (%)\nMortgage status - with both second mortgage and home equity loan (%)\nMortgage status - without a mortgage (%)\nAverage Average family size - Average family size - Black or Average family size - Average family size - Hispanic Average family size - American Indian and Average family size - Average family size - Geographical mobility - Same house 1 year ago (%)\nGeographical mobility - Moved within same county (%)\nGeographical mobility - Moved from different county within same state (%)\nGeographical mobility - Moved from different state (%)\nGeographical mobility - Moved from abroad (%)\nPlace of birth - Born in state of residence (%)\nPlace of birth - Born in other state (%)\nPlace of birth - Native, outside of US (%)\nPlace of birth - Foreign born (%)\nHousing units in structures - 1, detached (%)\nHousing units in structures - 1, attached (%)\nHousing units in structures - 2 (%)\nHousing units in structures - 3 or 4 (%)\nHousing units in structures - 5 to 9 (%)\nHousing units in structures -  to  (%)\nHousing units in structures -  to  (%)\nHousing units in structures -  or more (%)\nHousing units in structures - Mobile home (%)\nHousing units in structures - Boat, RV, van, etc.": [
        "None",
        "negative"
    ],
    "(%)\nHouse/condo owner moved in on average (years ago)\nRenter moved in on average (years ago)\nYear householder moved into unit - Moved in  to March  (%)\nYear householder moved into unit - Moved in  to  (%)\nYear householder moved into unit - Moved in  to  (%)\nYear householder moved into unit - Moved in  to  (%)\nYear householder moved into unit - Moved in  to  (%)\nYear householder moved into unit - Moved in  or earlier (%)\nMeans of transportation to work - Drove car alone (%)\nMeans of transportation to work - Carpooled (%)\nMeans of transportation to work - Public transportation (%)\nMeans of transportation to work - Bus or trolley bus (%)\nMeans of transportation to work - Streetcar or trolley car (%)\nMeans of transportation to work - Subway or elevated (%)\nMeans of transportation to work - Railroad (%)\nMeans of transportation to work - Ferryboat (%)\nMeans of transportation to work - Taxicab (%)\nMeans of transportation to work - Motorcycle (%)\nMeans of transportation to work - Bicycle (%)\nMeans of transportation to work - Walked (%)\nMeans of transportation to work - Other means (%)\nWorking at home (%)\nMost Common Industries - Agriculture, forestry, fishing and hunting, and mining (%)\nMost Common Industries - Agriculture, forestry, fishing and hunting (%)\nMost Common Industries - Mining, quarrying, and oil and gas extraction (%)\nMost Common Industries - Construction (%)\nMost Common Industries - Manufacturing (%)\nMost Common Industries - Wholesale trade (%)\nMost Common Industries - Retail trade (%)\nMost Common Industries - Transportation and warehousing, and utilities (%)\nMost Common Industries - Transportation and warehousing (%)\nMost Common Industries - Utilities (%)\nMost Common Industries - Information (%)\nMost Common Industries - Finance and insurance, and real estate and rental and leasing (%)\nMost Common Industries - Finance and insurance (%)\nMost Common Industries - Real estate and rental and leasing (%)\nMost Common Industries - Professional, scientific, and management, and administrative and waste management services (%)\nMost Common Industries - Professional, scientific, and technical services (%)\nMost Common Industries - Management of companies and enterprises (%)\nMost Common Industries - Administrative and support and waste management services (%)\nMost Common Industries - Educational services, and health care and social assistance (%)\nMost Common Industries - Educational services (%)\nMost Common Industries - Health care and social assistance (%)\nMost Common Industries - Arts, entertainment, and recreation, and accommodation and food services (%)\nMost Common Industries - Arts, entertainment, and recreation (%)\nMost Common Industries - Accommodation and food services (%)\nMost Common Industries - Other services, except public administration (%)\nMost Common Industries - Public administration (%)\nMost Common Occupations - Management, business, science, and arts occupations (%)\nMost Common Occupations - Management, business, and financial occupations (%)\nMost Common Occupations - Management occupations (%)\nMost Common Occupations - Business and financial operations occupations (%)\nMost Common Occupations - Computer, engineering, and science occupations (%)\nMost Common Occupations - Computer and mathematical occupations (%)\nMost Common Occupations - Architecture and engineering occupations (%)\nMost Common Occupations - Life, physical, and social science occupations (%)\nMost Common Occupations - Education, legal, community service, arts, and media occupations (%)\nMost Common Occupations - Community and social service occupations (%)\nMost Common Occupations - Legal occupations (%)\nMost Common Occupations - Education, training, and library occupations (%)\nMost Common Occupations - Arts, design, entertainment, sports, and media occupations (%)\nMost Common Occupations - Healthcare practitioners and technical occupations (%)\nMost Common Occupations - Health diagnosing and treating practitioners and other technical occupations (%)\nMost Common Occupations - Health technologists and technicians (%)\nMost Common Occupations - Service occupations (%)\nMost Common Occupations - Healthcare support occupations (%)\nMost Common Occupations - Protective service occupations (%)\nMost Common Occupations - Fire fighting and prevention, and other protective service workers including supervisors (%)\nMost Common Occupations - Law enforcement workers including supervisors (%)\nMost Common Occupations - Food preparation and serving related occupations (%)\nMost Common Occupations - Building and grounds cleaning and maintenance occupations (%)\nMost Common Occupations - Personal care and service occupations (%)\nMost Common Occupations - Sales and office occupations (%)\nMost Common Occupations - Sales and related occupations (%)\nMost Common Occupations - Office and administrative support occupations (%)\nMost Common Occupations - Natural resources, construction, and maintenance occupations (%)\nMost Common Occupations - Farming, fishing, and forestry occupations (%)\nMost Common Occupations - Construction and extraction occupations (%)\nMost Common Occupations - Installation, maintenance, and repair occupations (%)\nMost Common Occupations - Production, transportation, and material moving occupations (%)\nMost Common Occupations - Production occupations (%)\nMost Common Occupations - Transportation occupations (%)\nMost Common Occupations - Material moving occupations (%)\nPeople in Group quarters - Institutionalized population (%)\nPeople in Group quarters - Correctional institutions (%)\nPeople in Group quarters - Federal prisons and detention centers (%)\nPeople in Group quarters - Halfway houses (%)\nPeople in Group quarters - Local jails and other confinement facilities (including police lockups) (%)\nPeople in Group quarters - Military disciplinary barracks (%)\nPeople in Group quarters - State prisons (%)\nPeople in Group quarters - Other types of correctional institutions (%)\nPeople in Group quarters - Nursing homes (%)\nPeople in Group quarters - Hospitals/wards, hospices, and schools for the handicapped (%)\nPeople in Group quarters - Hospitals/wards and hospices for chronically ill (%)\nPeople in Group quarters - Hospices or homes for chronically ill (%)\nPeople in Group quarters - Military hospitals or wards for chronically ill (%)\nPeople in Group quarters - Other hospitals or wards for chronically ill (%)\nPeople in Group quarters - Hospitals or wards for drug/alcohol abuse (%)\nPeople in Group quarters - Mental (Psychiatric) hospitals or wards (%)\nPeople in Group quarters - Schools, hospitals, or wards for the mentally retarded (%)\nPeople in Group quarters - Schools, hospitals, or wards for the physically handicapped (%)\nPeople in Group quarters - Institutions for the deaf (%)\nPeople in Group quarters - Institutions for the blind (%)\nPeople in Group quarters - Orthopedic wards and institutions for the physically handicapped (%)\nPeople in Group quarters - Wards in general hospitals for patients who have no usual home elsewhere (%)\nPeople in Group quarters - Wards in military hospitals for patients who have no usual home elsewhere (%)\nPeople in Group quarters - Juvenile institutions (%)\nPeople in Group quarters - Long-term care (%)\nPeople in Group quarters - Homes for abused, dependent, and neglected children (%)\nPeople in Group quarters - Residential treatment centers for emotionally disturbed children (%)\nPeople in Group quarters - Training schools for juvenile delinquents (%)\nPeople in Group quarters - Short-term care, detention or diagnostic centers for delinquent children (%)\nPeople in Group quarters - Type of juvenile institution unknown (%)\nPeople in Group quarters - Noninstitutionalized population (%)\nPeople in Group quarters - College dormitories (includes college quarters off campus) (%)\nPeople in Group quarters - Military quarters (%)\nPeople in Group quarters - On base (%)\nPeople in Group quarters - Barracks, unaccompanied personnel housing (UPH), (Enlisted/Officer), ;and similar group living quarters for military personnel (%)\nPeople in Group quarters - Transient quarters for temporary residents (%)\nPeople in Group quarters - Military ships (%)\nPeople in Group quarters - Group homes (%)\nPeople in Group quarters - Homes or halfway houses for drug/alcohol abuse (%)\nPeople in Group quarters - Homes for the mentally ill (%)\nPeople in Group quarters - Homes for the mentally retarded (%)\nPeople in Group quarters - Homes for the physically handicapped (%)\nPeople in Group quarters - Other group homes (%)\nPeople in Group quarters - Religious group quarters (%)\nPeople in Group quarters - Dormitories (%)\nPeople in Group quarters - Agriculture workers' dormitories on farms (%)\nPeople in Group quarters - Job Corps and vocational training facilities (%)\nPeople in Group quarters - Other workers' dormitories (%)\nPeople in Group quarters - Crews of maritime vessels (%)\nPeople in Group quarters - Other nonhousehold living situations (%)\nPeople in Group quarters - Other noninstitutional group quarters (%)\nResidents speaking English at home (%)\nResidents speaking English at home - Born in the United States (%)\nResidents speaking English at home - Native, born elsewhere (%)\nResidents speaking English at home - Foreign born (%)\nResidents speaking Spanish at home (%)\nResidents speaking Spanish at home - Born in the United States (%)\nResidents speaking Spanish at home - Native, born elsewhere (%)\nResidents speaking Spanish at home - Foreign born (%)\nResidents speaking other language at home (%)\nResidents speaking other language at home - Born in the United States (%)\nResidents speaking other language at home - Native, born elsewhere (%)\nResidents speaking other language at home - Foreign born (%)\nClass of Workers - Employee of private company (%)\nClass of Workers - Self-employed in own incorporated business (%)\nClass of Workers - Private not-for-profit wage and salary workers (%)\nClass of Workers - Local government workers (%)\nClass of Workers - State government workers (%)\nClass of Workers - Federal government workers (%)\nClass of Workers - Self-employed workers in own not incorporated business and Unpaid family workers (%)\nHouse heating fuel used in houses and condos - Utility gas (%)\nHouse heating fuel used in houses and condos - Bottled, tank, or LP gas (%)\nHouse heating fuel used in houses and condos - Electricity (%)\nHouse heating fuel used in houses and condos - Fuel oil, kerosene, etc.": [
        "None",
        "negative"
    ],
    "(%)\nHouse heating fuel used in houses and condos - Coal or coke (%)\nHouse heating fuel used in houses and condos - Wood (%)\nHouse heating fuel used in houses and condos - Solar energy (%)\nHouse heating fuel used in houses and condos - Other fuel (%)\nHouse heating fuel used in houses and condos - No fuel used (%)\nHouse heating fuel used in apartments - Utility gas (%)\nHouse heating fuel used in apartments - Bottled, tank, or LP gas (%)\nHouse heating fuel used in apartments - Electricity (%)\nHouse heating fuel used in apartments - Fuel oil, kerosene, etc.": [
        "Environmental",
        "neutral"
    ],
    "(%)\nHouse heating fuel used in apartments - Coal or coke (%)\nHouse heating fuel used in apartments - Wood (%)\nHouse heating fuel used in apartments - Solar energy (%)\nHouse heating fuel used in apartments - Other fuel (%)\nHouse heating fuel used in apartments - No fuel used (%)\nArmed forces status - In Armed Forces (%)\nArmed forces status - Civilian (%)\nArmed forces status - Civilian - Veteran (%)\nArmed forces status - Civilian - Nonveteran (%)\nFatal accidents locations in years -\nFatal accidents locations in \nFatal accidents locations in \nFatal accidents locations in \nFatal accidents locations in \nFatal accidents locations in \nFatal accidents locations in \nFatal accidents locations in \nFatal accidents locations in \nFatal accidents locations in \nFatal accidents locations in \nFatal accidents locations in \nFatal accidents locations in \nFatal accidents locations in \nFatal accidents locations in \nFatal accidents locations in \nFatal accidents locations in \nFatal accidents locations in \nAlcohol use - People drinking some alcohol every month (%)\nAlcohol use - People not drinking at all (%)\nAlcohol use - Average days/month Alcohol use - Average drinks/Alcohol use - Average days/year people Audiometry - Average condition of hearing (%)\nAudiometry - People that can hear a whisper from across a quiet room (%)\nAudiometry - People that can hear normal voice from across a quiet room (%)\nAudiometry - Ears ringing, roaring, buzzing (%)\nAudiometry - Had a job exposure to loud noise (%)\nAudiometry - Had off-work exposure to loud noise (%)\nBlood Pressure & Cholesterol - Has high blood pressure (%)\nBlood Pressure & Cholesterol - Checking blood pressure at home (%)\nBlood Pressure & Cholesterol - Frequently checking blood cholesterol (%)\nBlood Pressure & Cholesterol - Has high cholesterol level (%)\nConsumer Behavior - Money monthly spent on food at supermarket/Consumer Behavior - Money monthly spent on food at Consumer Behavior - Money monthly spent on Consumer Behavior - Money monthly spent on carryout/Consumer Behavior - Income spent on food at supermarket/grocery store (%)\nConsumer Behavior - Income spent on food at other stores (%)\nConsumer Behavior - Income spent on eating out (%)\nConsumer Behavior - Income spent on carryout/delivered foods (%)\nCurrent Health Status - General health condition (%)\nCurrent Health Status - Blood donors (%)\nCurrent Health Status - Has blood ever tested for HIV virus (%)\nCurrent Health Status - Left-handed people (%)\nDermatology - People using sunscreen (%)\nDiabetes - Diabetics (%)\nDiabetes - Had a blood test for high blood sugar (%)\nDiabetes - People taking insulin (%)\nDiet Behavior & Nutrition - Diet health (%)\nDiet Behavior & Nutrition - Milk product consumption (# of products/month)\nDiet Behavior & Nutrition - Meals not home prepared (#/week)\nDiet Behavior & Nutrition - Meals from fast food or pizza place (#/week)\nDiet Behavior & Nutrition - Ready-to-eat foods (#/month)\nDiet Behavior & Nutrition - Frozen meals/pizza (#/month)\nDrug Use - People that ever used marijuana or hashish (%)\nDrug Use - Ever used hard drugs (%)\nDrug Use - Ever used any form of cocaine (%)\nDrug Use - Ever used heroin (%)\nDrug Use - Ever used methamphetamine (%)\nHealth Insurance - People covered by health insurance (%)\nKidney Conditions-Urology - Avg.": [
        "Social",
        "negative"
    ],
    "# of times urinating Medical Conditions - People with asthma (%)\nMedical Conditions - People with anemia (%)\nMedical Conditions - People with psoriasis (%)\nMedical Conditions - People with overweight (%)\nMedical Conditions - Elderly people having difficulties in thinking or remembering (%)\nMedical Conditions - People who ever received blood transfusion (%)\nMedical Conditions - People having trouble seeing even with glass/contacts (%)\nMedical Conditions - People with arthritis (%)\nMedical Conditions - People with gout (%)\nMedical Conditions - People with congestive heart failure (%)\nMedical Conditions - People with coronary heart disease (%)\nMedical Conditions - People with angina pectoris (%)\nMedical Conditions - People who ever had heart attack (%)\nMedical Conditions - People who ever had stroke (%)\nMedical Conditions - People with emphysema (%)\nMedical Conditions - People with thyroid problem (%)\nMedical Conditions - People with chronic bronchitis (%)\nMedical Conditions - People with any liver condition (%)\nMedical Conditions - People who ever had cancer or malignancy (%)\nMental Health - People who have little interest in doing things (%)\nMental Health - People feeling down, depressed, or hopeless (%)\nMental Health - People who have trouble sleeping or sleeping too much (%)\nMental Health - People feeling tired or having little energy (%)\nMental Health - People with poor appetite or overeating (%)\nMental Health - People feeling bad about themself (%)\nMental Health - People who have trouble concentrating on things (%)\nMental Health - People moving or speaking slowly or too fast (%)\nMental Health - People having thoughts they would be better off dead (%)\nOral Health - Average years since last visit Oral Health - People embarrassed because of mouth (%)\nOral Health - People with gum disease (%)\nOral Health - General health of teeth and gums (%)\nOral Health - Average days a week using dental floss/Oral Health - Average days a week using mouthwash for Oral Health - Average number Pesticide Use - Households using pesticides to control insects (%)\nPesticide Use - Households using pesticides to kill weeds (%)\nPhysical Activity - People doing vigorous-intensity work activities (%)\nPhysical Activity - People doing moderate-intensity work activities (%)\nPhysical Activity - People walking or bicycling (%)\nPhysical Activity - People doing vigorous-intensity recreational activities (%)\nPhysical Activity - People doing moderate-intensity recreational activities (%)\nPhysical Activity - Average hours a day doing Physical Activity - Average hours a day watching TV Physical Activity - Average hours a day Physical Functioning - People having limitations keeping them from working (%)\nPhysical Functioning - People limited in amount of work they can do (%)\nPhysical Functioning - People that need special equipment to walk (%)\nPhysical Functioning - People experiencing confusion/memory problems (%)\nPhysical Functioning - People requiring special healthcare equipment (%)\nPrescription Medications - Average number of prescription Preventive Aspirin Use - Adults + taking low-dose aspirin (%)\nReproductive Health - Vaginal deliveries (%)\nReproductive Health - Cesarean deliveries (%)\nReproductive Health - Deliveries resulted in a live birth (%)\nReproductive Health - Pregnancies resulted in a delivery (%)\nReproductive Health - Women breastfeeding newborns (%)\nReproductive Health - Women that had a hysterectomy (%)\nReproductive Health - Women that had both ovaries removed (%)\nReproductive Health - Women that have ever taken birth control pills (%)\nReproductive Health - Women taking birth control pills (%)\nReproductive Health - Women that have ever used Depo-Provera or injectables (%)\nReproductive Health - Women that have ever used female hormones (%)\nSexual Behavior - People + that ever had sex (vaginal, anal, or oral) (%)\nSexual Behavior - Males + that ever had vaginal sex with a woman (%)\nSexual Behavior - Males + that ever performed oral sex on a woman (%)\nSexual Behavior - Males + that ever had anal sex with a woman (%)\nSexual Behavior - Males + that ever had any sex with a man (%)\nSexual Behavior - Females + that ever had vaginal sex with a man (%)\nSexual Behavior - Females + that ever performed oral sex on a man (%)\nSexual Behavior - Females + that ever had anal sex with a man (%)\nSexual Behavior - Females + that ever had any kind of sex with a woman (%)\nSexual Behavior - Average age people first Sexual Behavior - Average number of female sex partners in lifetime (males +)\nSexual Behavior - Average number of female vaginal sex partners in lifetime (males +)\nSexual Behavior - Average age people first performed oral sex on a woman (+)\nSexual Behavior - Average number of woman performed oral sex on in lifetime (+)\nSexual Behavior - Average number of male sex partners in lifetime (males +)\nSexual Behavior - Average number of male anal sex partners in lifetime (males +)\nSexual Behavior - Average age people first performed oral sex on a man (+)\nSexual Behavior - Average number of male oral sex partners in lifetime (+)\nSexual Behavior - People using protection when performing oral sex (%)\nSexual Behavior - Average number of times people have vaginal or anal sex Sexual Behavior - People having sex without condom (%)\nSexual Behavior - Average number of male sex partners in lifetime (females +)\nSexual Behavior - Average number of male vaginal sex partners in lifetime (females +)\nSexual Behavior - Average number of female sex partners in lifetime (females +)\nSexual Behavior - Circumcised males + (%)\nSleep Disorders - Average hours sleeping Sleep Disorders - People that has trouble sleeping (%)\nSmoking-Cigarette Use - People smoking cigarettes (%)\nTaste & Smell - People + having problems with smell (%)\nTaste & Smell - People + having problems with taste (%)\nTaste & Smell - People + that ever had wisdom teeth removed (%)\nTaste & Smell - People + that ever had tonsils teeth removed (%)\nTaste & Smell - People + that ever had a loss of consciousness because of a head injury (%)\nTaste & Smell - People + that ever had a broken nose or other serious injury to face or skull (%)\nTaste & Smell - People + that ever had two or more sinus infections (%)\nWeight - Average height (inches)\nWeight - Average weight (pounds)\nWeight - Weight - People that are obese (%)\nWeight - People that ever were obese (%)\nWeight - People trying to lose weight (%)\nSettings \nLoading data...\nBased on - dataLoading data...": [
        "Social",
        "negative"
    ],
    "Hide 8,51552.9%5,02831.2%1,.4%.4%.7%Two or .0%Other .1%Native Hawaiian and OtherPacific Races in South River detailed stats: ancestries, foreign born residents, place According to our research of New Jersey and other state lists, there were 9 registered sex offenders living in South River, New Jersey as of July , .": [
        "Social",
        "negative"
    ],
    "The ratio of all residents to sex offenders in South River is  1, to 1.": [
        "Social",
        "negative"
    ],
    "The ratio of registered sex offenders to all residents in this city is near the state average.": [
        "Social",
        "negative"
    ],
    "Crime rates in South River \n\n\n\n\n\n\n\n\n\n\n\n\n\nMurders(per ,)0(0.0)0(0.0)0(0.0)0(0.0)0(0.0)0(0.0)0(0.0)0(0.0)0(0.0)0(0.0)0(0.0)0(0.0)0(0.0)0(0.0)\nRapes(per ,)3(.1)3(.7)0(0.0)2(.4)2(.3)4(.5)6(.6)1(6.1)3(.3)3(.6)7(.9)4(.4)1(6.2)1(6.3)\nRobberies(per ,)6(.2)4(.0)3(.7)2(.4)9(.6)7(.9)7(.7)1(6.1)7(.7)2(.4)6(.6)3(.1)1(6.2)2(.6)\nAssaults(per ,)(.5)(.2)9(.0)(.3)(.0)(.7)(.0)(.2)8(.8)(.6)(.0)(.9)(.6)7(.1)\nBurglaries(per ,)(.5)(.7)(.6)(.4)(.1)(.5)(.0)(.7)(.7)(.0)(.5)(.0)(.5)(.6)\nThefts(per ,)(1,)(1,)(1,)(.5)(.3)(.4)(.2)(.8)(.1)(.2)(.7)(.3)(.9)(.6)\nAuto thefts(per ,)(.7)6(.5)6(.4)9(.6)7(.2)1(6.1)2(.2)4(.4)(.4)4(.8)9(.4)3(.1)4(.6)(.0)\nArson(per ,)2(.7)2(.5)1(6.2)0(0.0)1(6.2)0(0.0)3(.3)5(.5)2(.2)2(.4)0(0.0)1(6.4)0(0.0)1(6.3)\nCity-Data.com crime index131..............The City-Data.com crime index weighs serious crimes and violent crimes more heavily.": [
        "None",
        "negative"
    ],
    "Higher means more crime, U.S. average is .1.": [
        "Social",
        "negative"
    ],
    "It adjusts for the number of visitors and daily workers commuting into cities.": [
        "Social",
        "positive"
    ],
    "Click on a table row to Crime rate in South River detailed stats: murders, rapes, robberies, assaults, burglaries, thefts, Full-time law enforcement employees in , including police officers:  ( officers -  male; 2 female).": [
        "Social",
        "negative"
    ],
    "Officers per 1, residents here:1.91New Jersey average:\n Recent articles from our blog.": [
        "Social",
        "neutral"
    ],
    "Our writers, many of them Ph.D. graduates or candidates, create easy-to-read articles on a wide variety of topics.": [
        "Social",
        "positive"
    ],
    "Popular New Year\u2019s resolutions Dec \nChristmas is America\u2019s favorite holiday season Dec \nFish in the American dish: recreational fishing Dec \nAmerican hunting and wildlife Nov \nThe National Football League is an American treasure Nov \nRecent posts about South River, New Jersey on our local forum with over 2,, registered users.": [
        "Social",
        "positive"
    ],
    "South River is mentioned  times on our forum:Proposed Tax Hike would hit every Resident Wallet in NJ to support the failing NJ Transit\u00a0\u00a0( replies)South River NJ lifestyle\u00a0\u00a0(0 replies)New Edition- NJ Cities/Large Suburbs, Ranked\u00a0\u00a0( replies)South River (Questions about a certain part of town)\u00a0\u00a0(0 replies)Middle class Hispanic suburbs\u00a0\u00a0( replies)Independence Pl, South River reviews\u00a0\u00a0(1 reply)\nLatest news from South River, NJ collected exclusively by city-data.com from local newspapers, TV, and Ancestries: Portuguese (.6%), Polish (6.9%), Italian (5.9%), Greek (4.3%), American (2.9%), Ukrainian (2.7%).": [
        "Social",
        "positive"
    ],
    "Current Local Time:  EST Incorporated in \nElevation:  Land area:  square miles.": [
        "Environmental",
        "neutral"
    ],
    "Population density: 5, people per square mile \u00a0 (average).": [
        "Social",
        "neutral"
    ],
    "4, residents are foreign born (.4% Latin America, 8.0% Europe, 3.3% Asia).This borough:.8%New Jersey:.2%\nMedian real estate property taxes paid for housing units with mortgages in : $7, (1.8%)\nMedian real estate property taxes paid for housing units with no mortgage in : $7, (2.0%)\nNearest city with pop.": [
        "None",
        "negative"
    ],
    ",+: Edison, NJ  (6.5 miles , pop.": [
        "Environmental",
        "neutral"
    ],
    ",).": [
        "None",
        "neutral"
    ],
    "Nearest city with pop.": [
        "None",
        "neutral"
    ],
    ",+: Staten Island, NY  (.9 miles , pop.": [
        "Social",
        "neutral"
    ],
    "1,,+: Brooklyn, NY  (.7 miles , pop.": [
        "None",
        "neutral"
    ],
    "2,,).": [
        "None",
        "neutral"
    ],
    "Nearest cities: East Brunswick, NJ  (1.2 miles ), Milltown borough, NJ (1.7 miles ), Sayreville borough, NJ  (1.8 miles ), Spotswood borough, NJ (1.9 miles ), Old Bridge, NJ  (2.0 miles ), Madison Park, NJ (2.1 miles ), Highland Park borough, NJ  (2.1 miles ), New Brunswick, NJ  (2.1 miles )\nLatitude:  N, Longitude:  Daytime population change due to commuting: -4, (-.5%)\nWorkers who live and work in this borough: 1, (.6%)\nArea codes: , \nSouth River, New Jersey accommodation & food services, waste management - Economy and Unemployment in December :\nHere:4.1%New Jersey:4.5%\nPopulation change in the 1990s: +1, (+.5%).": [
        "Social",
        "negative"
    ],
    "Most common industries in South River, NJ (%)\nConstruction (.5%)\nEducational services (7.6%)\nProfessional, scientific, technical services (6.2%)\nHealth care (5.9%)\nFinance & insurance (5.8%)\nChemicals (4.1%)\nAccommodation & food services (4.0%)\nConstruction (.8%)\nChemicals (5.3%)\nEducational services (4.9%)\nProfessional, scientific, technical services (4.8%)\nFinance & insurance (4.2%)\nAccommodation & food services (4.0%)\nOther transportation, support activities, couriers (3.8%)\nHealth care (.1%)\nEducational services (.1%)\nFinance & insurance (8.0%)\nProfessional, scientific, technical services (8.0%)\nAdministrative & support & waste management services (4.7%)\nAccommodation & food services (4.1%)\nPublic administration (4.1%)\nMost common occupations in South River, NJ (%)\nSecretaries and administrative assistants (5.5%)\nOther office and administrative support workers, including supervisors (5.1%)\nConstruction laborers (4.9%)\nMaterial recording, scheduling, dispatching, and distributing workers (4.5%)\nOther sales and related occupations, including supervisors (4.2%)\nConstruction traders workers except carpenters, electricians, painters, plumbers, and construction laborers (3.7%)\nBuilding and grounds cleaning and maintenance occupations (3.6%)\nConstruction laborers (8.5%)\nConstruction traders workers except carpenters, electricians, painters, plumbers, and construction laborers (6.6%)\nElectrical equipment mechanics and other installation, maintenance, and repair workers, including supervisors (4.7%)\nComputer specialists (4.4%)\nDriver/sales workers and truck drivers (4.4%)\nOther production occupations, including supervisors (4.3%)\nMaterial recording, scheduling, dispatching, and distributing workers (4.0%)\nSecretaries and administrative assistants (.7%)\nOther office and administrative support workers, including supervisors (7.9%)\nMaterial recording, scheduling, dispatching, and distributing workers (5.1%)\nOther sales and related occupations, including supervisors (4.6%)\nBuilding and grounds cleaning and maintenance occupations (3.9%)\nLaborers and material movers, hand (3.4%)\nCashiers (3.2%)\nAverage climate in South River, Based on data reported by over 4, Air pollution and air quality trends(lower is better)\nPM2.Air Quality Index (AQI) level in  was .": [
        "None",
        "positive"
    ],
    "This is significantly worse than average.City:107U.S.": [
        "None",
        "negative"
    ],
    ":\nCarbon Monoxide (CO) [ppm] level in  was .": [
        "Environmental",
        "neutral"
    ],
    "This is significantly worse than average.": [
        "None",
        "negative"
    ],
    "Closest monitor was 4.8 miles away from the city center.City:0.383U.S.": [
        "Social",
        "neutral"
    ],
    ":\nNitrogen Dioxide (NO2) [ppb] level in  was .": [
        "Environmental",
        "neutral"
    ],
    "Closest monitor was 2.8 miles away from the city center.City:8.47U.S.": [
        "Social",
        "neutral"
    ],
    ":\nSulfur Dioxide (SO2) [ppb] level in  was .": [
        "Environmental",
        "neutral"
    ],
    "This is significantly better than average.": [
        "None",
        "positive"
    ],
    "Closest monitor was 2.9 miles away from the city center.City:0.550U.S.": [
        "Social",
        "neutral"
    ],
    ":\nOzone [ppb] level in  was .0.": [
        "Environmental",
        "neutral"
    ],
    "This is about average.": [
        "None",
        "neutral"
    ],
    "Closest monitor was 2.8 miles away from the city center.City:.0U.S.": [
        "Social",
        "neutral"
    ],
    ":.Particulate Matter (PM2.5) [\u00b5g/m3] level in  was .": [
        "Environmental",
        "neutral"
    ],
    "Closest monitor was 2.8 miles away from the city center.City:9.33U.S.": [
        "Social",
        "neutral"
    ],
    ":\nLead (Pb) [\u00b5g/m3] level in  was 0.00543.": [
        "None",
        "neutral"
    ],
    "Closest monitor was 4.2 miles away from the city center.City:0.00543U.S.": [
        "Social",
        "neutral"
    ],
    ":0.Tornado activity:\nSouth River-area historical tornado activity is near New Jersey state average.": [
        "Environmental",
        "neutral"
    ],
    "It is % smaller than the overall U.S. average.": [
        "None",
        "neutral"
    ],
    "On , a category F3 (max.": [
        "None",
        "neutral"
    ],
    "wind speeds - mph) tornado .6 miles away from the South River borough center  injured 8 people and caused between $, and $5,, in damages.": [
        "Social",
        "negative"
    ],
    "On , a category F3 tornado .4 miles away from the borough center  caused between $, and $, in damages.": [
        "Environmental",
        "negative"
    ],
    "Earthquake activity:\nSouth River-area historical earthquake activity is significantly above New Jersey state average.": [
        "Social",
        "neutral"
    ],
    "On  at ::, a magnitude 5.8 (5.8 MW, Depth: 3.7 mi, Class: Moderate, Intensity: VI - VII) earthquake occurred .9 miles away from the city centerOn  at ::, a magnitude 4.6 (4.6 MB, 4.6 LG, Depth: 3.1 mi, Class: Light, Intensity: IV - V) earthquake occurred .6 miles away from the city centerOn  at ::, a magnitude 5.3 (5.1 MB, 5.3 LG, 5.1 ML) earthquake occurred .7 miles away from South River centerOn  at ::, a magnitude 5.3 (5.3 ML, Depth: 3.0 mi) earthquake occurred .5 miles away from South River centerOn  at ::, a magnitude 4.2 (4.2 MB, 4.0 LG, Depth: 3.1 mi) earthquake occurred .0 miles away from the city centerOn  at ::, a magnitude 5.2 (5.2 MB, 4.2 MS, 5.2 MW, 5.0 MW) earthquake occurred .7 miles away from South River centerMagnitude types: regional Lg-wave magnitude (LG), body-wave magnitude (MB), local magnitude (ML), surface-wave magnitude (MS), moment magnitude (MW)\nNatural disasters:The number of natural disasters in Middlesex County () is a lot greater than the US average ().Major Disasters (Presidential) Declared: 17Emergencies Declared: 9Causes of natural disasters: Floods: 7, Hurricanes: 7, Storms: 6, Heavy Rains: 4, Snowstorms: 3, Blizzards: 2, Water Shortages: 2, Winter Storms: 2, Tornado: 1, Wind: 1, Other: 3 (Note: some incidents may be assigned to more than one category).": [
        "None",
        "negative"
    ],
    "Hospitals and medical centers near South River:SUMMER HILL NURSING HOME  (Nursing Home, about 3 miles away; OLD BRIDGE, NJ)\nCARE ONE AT EAST BRUNSWICK  (Nursing Home, about 4 miles away; EAST BRUNSWICK, NJ)\nREFORMED CHURCH HOME  (Nursing Home, about 5 miles away; OLD BRIDGE, NJ)\nELMS NURSING HOME  (Nursing Home, about 5 miles away; CRANBURY, NJ)\nVNA IN MIDDLESEX CO  (Home Health Center, about 5 miles away; NORTH BRUNSWICK, NJ)\nRW JOHNSON UNIVERSITY HOSPITAL DIALYSIS  (Dialysis Facility, about 5 miles away; NEW BRUNSWICK, NJ)\nCHILDRENS SPECIALIZED HOSPITAL  (Hospital, about 6 miles away; NEW BRUNSWICK, NJ)\nAmtrak stations near South River:5 miles: NEW BRUNSWICK (FRENCH & ALBANY STS.)": [
        "Social",
        "positive"
    ],
    ".": [
        "None",
        "neutral"
    ],
    "Services: ticket office, fully wheelchair accessible, enclosed waiting area, public restrooms, public payphones, snack bar, ATM, free short-term parking, free long-term parking, call for car rental service, taxi stand, public transit connection.": [
        "None",
        "positive"
    ],
    "9 miles: METROPARK (ISELIN,  MIDDLESEX-ESSEX TPK.)": [
        "None",
        "neutral"
    ],
    "Services: ticket office, fully wheelchair accessible, enclosed waiting area, public restrooms, public payphones, paid short-term parking, call for car rental service, taxi stand, public transit connection.": [
        "None",
        "neutral"
    ],
    "miles: PRINCETON JUNCTION (WALLACE RD.)": [
        "None",
        "neutral"
    ],
    "Services: ticket office, fully wheelchair accessible, enclosed waiting area, public restrooms, snack bar, paid short-term parking, paid long-term parking, call for car rental service, taxi stand, public transit connection.": [
        "None",
        "neutral"
    ],
    "Colleges/universities with over  students nearest to South River:\nMiddlesex County College (about 5 miles; Edison, NJ; Full-time enrollment: 9,)\nRutgers University-New Brunswick (about 6 miles; New Brunswick, NJ; FT enrollment: ,)\nBrookdale Community College (about  miles; Lincroft, NJ; FT enrollment: ,)\nUnion County College (about  miles; Cranford, NJ; FT enrollment: 9,)\nPrinceton University (about  miles; Princeton, NJ; FT enrollment: 6,)\nCollege of Staten Island CUNY (about  miles; Staten Island, NY; FT enrollment: ,)\nKean University (about  miles; Union, NJ; FT enrollment: ,)\nPublic high school in South River:SOUTH RIVER HIGH SCHOOL (Students: , Location:   MONTGOMERY STREET, Grades: )\nPrivate high school in South River:DARUL ARQAM SCHOOL (Students: , Location:  8 THOMAS ST, Grades: PK-)\nPublic elementary/middle schools in South River:SOUTH RIVER MIDDLE SCHOOL (Students: , Location:  3 MONTGOMERY STREET, Grades: 6-8)\nSOUTH RIVER ELEMENTARY SCHOOL (Students: , Location:   JOHNSON PLACE, Grades: PK-5)\nSOUTH RIVER PRIMARY SCHOOL (Students: , Location:   DAVID STREET, Grades: KG-2)\nSee full list of schools located in Library in South River:SOUTH RIVER PUBLIC LIBRARY  (Operating income: $,; Location:  APPLEBY AVENUE; , books;  e-books; 1, audio materials; 2, video materials;  local licensed databases;  state licensed databases; 4 other licensed databases;  print serial subscriptions)\nUser-submitted facts and corrections:\n Kindergarten through 2nd grade now have their own school.": [
        "Social",
        "neutral"
    ],
    "added  St. Mary of Ostrabrama Parochial School has been closed since , July.": [
        "Social",
        "neutral"
    ],
    "W36AS (Channel ; NEW BRUNSWICK, NJ; Owner: DEEPAK VISWANATH).": [
        "Social",
        "neutral"
    ],
    "This channel is a local broadcast that the South River High School ues.": [
        "Social",
        "neutral"
    ],
    "st. mary of ostrabrama closed in \r\nst. mary of ostrabrama closed in \r\nPoints of interest:\nClick to draw/clear Notable locations in South River: South River Rescue Squad (A), South River Fire Station 2 Summit Fire House (B), South River Fire Department (C).": [
        "None",
        "neutral"
    ],
    "Display/hide their locations on Churches in South River include: First Russian Baptist Church (A), Evangelical Church of God (B), Christian Life Fellowship Center (C), Redentor Presbyterian Church (D), Union Baptist Church (E), Conklin United Methodist Church (F), Congregation Anshe Emethodist (G), Tabernacle Baptist Church (H), Saint Mary of Ostrabrama Church (I).": [
        "Social",
        "positive"
    ],
    "Display/hide their locations on Cemeteries: Washington Monumental Cemetery (1), Saints Peter and Paul Cemetery (2).": [
        "Social",
        "neutral"
    ],
    "Display/hide their locations on Parks in South River include: Bissett's Recreation Area (1), Daley's Pond Recreation Area (2), Pacer's Field (3), Veterans Park Recreation Area (4).": [
        "None",
        "neutral"
    ],
    "Display/hide their locations on Tourist attractions: Corpus Christi Latchkey - Nurse's Office (Cultural Attractions- Events- & Facilities;  David Street), Museum of Modern Art (Cultural Attractions- Events- & Facilities; 5 Brick Plant Road).": [
        "Social",
        "positive"
    ],
    "Birthplace of: Janet Evanovich - Novelist, Stanley Kamel - Actor, Alex Wojciechowicz - Professional football player, Drew Pearson (American football) - Pro football wide receiver and sportscaster.": [
        "Social",
        "neutral"
    ],
    "Middlesex County has a predicted average indoor radon screening level between 2 and 4 pCi/L (pico curies per liter) - Drinking water stations with addresses in South River and their reported violations in the past:\r\nSOUTH RIVER W DEPT (Population served: ,, Purch surface water): \r\nPast monitoring violations:\nMonitoring, Repeat Major (TCR) - In DEC-, Contaminant: Coliform (TCR).": [
        "Environmental",
        "negative"
    ],
    "Follow-up actions: St Formal NOV issued (JAN-), St Compliance achieved (JAN-)\nMonitoring and Reporting (DBP) - In MAY-, Contaminant: Total Haloacetic Acids (HAA5).": [
        "Environmental",
        "neutral"
    ],
    "Follow-up actions: St Public Notif requested (JUL-), St Formal NOV issued (JUL-), St Public Notif received (JUN-)\nMonitoring and Reporting (DBP) - In MAY-, Contaminant: TTHM.": [
        "Social",
        "neutral"
    ],
    "Follow-up actions: St Public Notif requested (JUL-), St Formal NOV issued (JUL-), St Public Notif received (JUN-)\nMonitoring and Reporting (DBP) - Between OCT- and DEC-, Contaminant: TTHM.": [
        "Social",
        "neutral"
    ],
    "Follow-up actions: St Public Notif requested (JUL-), St Formal NOV issued (JUL-), St Compliance achieved (SEP-)\nOne minor Average household size:This borough:2.8 peopleNew Jersey:2.Percentage of family households:This borough:.1%Whole state:.3%\nPercentage of households with unmarried partners:This borough:6.1%Whole state:5.9%\nLikely homosexual households (counted as self-reported same-sex unmarried-partner households)\nLesbian couples: 0.3% of Gay men: 0.4% of 6 people in other noninstitutional facilities in \r\n5 people in residential treatment centers for adults in \nPeople in group quarters in South River in :\n people in other 6 people in religious 2 people in homes or halfway houses for drug/Banks with branches in South River ( data):\nThe Provident Bank: South River at 6 Jackson Street, branch established on /.": [
        "Social",
        "neutral"
    ],
    "Info updated /: Bank assets: $7,.5 mil, Deposits: $5,.9 mil, headquarters in Jersey City, NJ, positive income, Commercial Lending Specialization,  total offices, Holding Company: Provident Financial Services, Inc.\nPNC Bank, National Association: South River Branch at  Main Street, branch established on /.": [
        "None",
        "positive"
    ],
    "Info updated /: Bank assets: $,.6 mil, Deposits: $,.0 mil, headquarters in Wilmington, DE, positive income, Commercial Lending Specialization,  total offices, Holding Company: Pnc Financial Services Group, Inc., Bank of America, National Association: South River Branch at  Main Street, branch established on /.": [
        "None",
        "positive"
    ],
    "Info updated /: Bank assets: $1,,.3 mil, Deposits: $1,,.8 mil, headquarters in Charlotte, NC, positive income,  total offices, Holding Company: Bank Of For population  years and over in South River:\nNever married: .5%Now married: .6%Separated: 1.5%Widowed: 5.8%Divorced: 7.6%\nFor population  years and over in South River:\nHigh school or higher: .3%Bachelor's degree or higher: .0%Graduate or professional degree: 9.5%Unemployed: 6.1%Mean travel time to work (commute): .Education Gini index (Inequality in education)Here:.9New Jersey average:.": [
        "Social",
        "positive"
    ],
    "Graphs represent county-level data.": [
        "Environmental",
        "neutral"
    ],
    "Detailed  Political contributions by individuals in South River, Religion statistics for South River, NJ (based on Middlesex County data)\nReligionAdherentsCongregationsCatholic322,34074Other48,71773Mainline Protestant35,693113Evangelical Protestant29,296130Orthodox13,49114Black Protestant5,87917None354,-Source: Clifford Grammich, Kirk Hadaway, Richard Houseal, Dale E.Jones, Alexei Krindatch, Richie Stanley and Richard H.Taylor.": [
        "Social",
        "neutral"
    ],
    "U.S.Religion Census: Religious Congregations & Membership Study.": [
        "Social",
        "neutral"
    ],
    "Association of Statisticians of American Religious Bodies.": [
        "Social",
        "neutral"
    ],
    "Jones, Dale E., et al.": [
        "None",
        "neutral"
    ],
    "Congregations and Membership in the United States .": [
        "Social",
        "positive"
    ],
    "Nashville, TN: Glenmary Research Center.": [
        "Social",
        "neutral"
    ],
    "Graphs represent county-Food Environment Statistics:Number of grocery stores: 221This county: / , pop.State: / , pop.": [
        "Social",
        "neutral"
    ],
    "Number of supercenters and club stores: 4Middlesex County: / , pop.State: / , pop.": [
        "None",
        "positive"
    ],
    "Number of convenience stores (no gas): 172Middlesex County: / , pop.New Jersey: / , pop.": [
        "None",
        "positive"
    ],
    "Number of convenience stores (with gas): 69Middlesex County: / , pop.New Jersey: / , pop.": [
        "None",
        "positive"
    ],
    "Number of full-service restaurants: 477Middlesex County: / , pop.New Jersey: / , pop.": [
        "Social",
        "positive"
    ],
    "Adult diabetes rate: Middlesex County:7.6%New Jersey:8.3%\nAdult obesity rate: Here:.8%State:.3%\nLow-income preschool obesity rate: Here:.2%State:.0%\nHealth and Nutrition:Healthy diet rate: This city:.3%State:.6%\nAverage overall health of teeth and gums: This city:.6%New Jersey:.5%\nAverage BMI: South River:.6New Jersey:.People feeling badly about themselves: South River:.5%New Jersey:.0%\nPeople not drinking alcohol at all: Here:.1%New Jersey:.1%\nAverage hours sleeping at night: This city:6.8New Jersey:6.Overweight people: Here:.6%New Jersey:.6%\nGeneral health condition: This city:.0%New Jersey:.9%\nAverage condition of hearing: This city:.1%New Jersey:.0%\nMore about Health and Nutrition of South River, Local government employment and payroll (March )\nFull-Monthly full-Average yearly full-Part-Monthly part-Police Protection - $,$,$Solid $,$,$Other $,$,23121$,\nStreets $,$,$$,$,$2,\n5$,$,$9,\nParks 5$,$,$\n4$,$,$3,\nJudicial 3$,$,$2,\nOther 3$,$,$Police - 3$,$,$1,\n2$9,$,$3,\n2$,$,$2$,$,$Fire - 1$3,$,$6,\nTotals $,$,99046$,\nSouth River government finances - Expenditure in  (per resident):\nConstruction - Electric Utilities: $1,, ($)\r\nSewerage: $, ($)\nGeneral - Other: $, ($)\nRegular Highways: $, ($)\nWater Utilities: $, ($)\nLibraries: $, ($)\nCurrent Operations - Electric Utilities: $9,, ($.)": [
        "Social",
        "negative"
    ],
    "Police Protection: $4,, ($.)": [
        "None",
        "neutral"
    ],
    "General - Other: $2,, ($.)": [
        "None",
        "neutral"
    ],
    "Water Utilities: $2,, ($.)": [
        "None",
        "neutral"
    ],
    "Solid Waste Management: $, ($)\nRegular Highways: $, ($)\nLibraries: $, ($)\nFinancial Administration: $, ($)\nCentral Staff Services: $, ($)\nParks and Recreation: $, ($)\nJudicial and Legal Services: $, ($)\nGeneral Public Buildings: $, ($)\nLocal Fire Protection: $, ($)\nHealth - Other: $, ($)\nSewerage: $, ($)\nProtective Inspection and Regulation - Other: $, ($)\nParking Facilities: $, ($)\nElectric Utilities - Interest on Debt: $, ($)\r\nGeneral - Interest on Debt: $, ($)\r\nIntergovernmental to Local - Other - Sewerage: $1,, ($)\r\nOther - Solid Waste Management: $, ($)\nOther - Health - Other: $, ($)\nOther Capital Outlay - Parks and Recreation: $1, ($)\r\nLocal Fire Protection: $1, ($)\nPolice Protection: $1, ($)\nWater Utilities - Interest on Debt: $, ($)\r\nSouth River government finances - Revenue in  (per resident):\nCharges - Parking Facilities: $, ($)\r\nParks and Recreation: $, ($)\nFederal Intergovernmental - Other: $, ($)\r\nLocal Intergovernmental - Other: $, ($)\r\nHousing and Community Development: $6, ($)\nMiscellaneous - Fines and Forfeits: $, ($)\r\nGeneral Revenue - Other: $, ($)\nInterest Earnings: $, ($)\nRents: $, ($)\nRevenue - Electric Utilities: $,, ($.)": [
        "None",
        "negative"
    ],
    "Water Utilities: $3,, ($.)": [
        "None",
        "neutral"
    ],
    "State Intergovernmental - General Local Government Support: $, ($)\r\nHighways: $, ($)\nOther: $, ($)\nTax - Property: $9,, ($.)": [
        "None",
        "positive"
    ],
    "Other Selective Sales: $, ($)\nAmusements License: $, ($)\nPublic Utilities Sales: $, ($)\nAlcoholic Beverage License: $, ($)\nSouth River government finances - Debt in  (per resident):\nLong Term Debt - Beginning Outstanding - Unspecified Public Purpose: $2,, ($.)": [
        "None",
        "positive"
    ],
    "Retired Unspecified Public Purpose: $1,, ($.)": [
        "None",
        "neutral"
    ],
    "Outstanding Unspecified Public Purpose: $, ($)\nSouth River government finances - Cash and Securities in  (per resident):\nBond Funds - Cash and Securities: $7,, ($.)": [
        "None",
        "positive"
    ],
    "Other Funds - Cash and Securities: $,, ($.)": [
        "None",
        "positive"
    ],
    "% of this county's  resident taxpayers lived in other counties in  ($, average adjusted gross income)Here:%New Jersey average:%\n\r\n% of residents moved from foreign countries ($ average AGI)Middlesex County:%New Jersey average:%\nTop counties from which taxpayers relocated into this county between  and : \nfrom Union County, NJ\u00a0\u00a0% ($, average AGI)\nfrom Hudson County, NJ\u00a0\u00a0% ($,)\nfrom Somerset County, NJ\u00a0\u00a0% ($,)\n\r\n% of this county's  resident taxpayers moved to other counties in  ($, average adjusted gross income)Here:%New Jersey average:%\n\r\n% of residents moved to foreign countries ($ average AGI)Middlesex County:%New Jersey average:%\nTop counties to which taxpayers relocated from this county between  and : \nto Somerset County, NJ\u00a0\u00a0% ($, average AGI)\nto Monmouth County, NJ\u00a0\u00a0% ($,)\nto Mercer County, NJ\u00a0\u00a0% ($,)\nBusinesses in South River, Dunkin Strongest AM radio stations in South River:\nWMCA ( AM;  kW; NEW YORK, NY; Owner: SALEM MEDIA OF NEW YORK, LLC)\nWOR ( AM;  kW; NEW YORK, NY; Owner: BUCKLEY BROADCASTING CORPORATION)\nWINS ( AM;  kW; NEW YORK, NY; Owner: INFINITY BROADCASTING OPERATIONS, INC.)\nWABC ( AM;  kW; NEW YORK, NY; Owner: WABC-AM RADIO, INC.)\nWEPN ( AM;  kW; NEW YORK, NY; Owner: NEW YORK AM RADIO, LLC)\nWCTC ( AM; 1 kW; NEW BRUNSWICK, NJ; Owner: THE SENTINEL PUBLISHING CO.)\nWBBR ( AM;  kW; NEW YORK, NY; Owner: BLOOMBERG COMMUNICATIONS INC.)\nWADO ( AM;  kW; NEW YORK, NY; Owner: WADO-AM LICENSE CORP.)\nWFAN ( AM;  kW; NEW YORK, NY; Owner: INFINITY BROADCASTING OPERATIONS, INC.)\nWWJZ ( AM;  kW; MOUNT HOLLY, NJ; Owner: ABC, INC.)\nWQEW ( AM;  kW; NEW YORK, NY; Owner: THE NEW YORK TIMES ELECTRONIC MEDIA COMPANY)\nWLIB ( AM;  kW; NEW YORK, NY; Owner: ICBC BROADCAST HOLDINGS-NY, INC.)\nWCBS ( AM;  kW; NEW YORK, NY; Owner: INFINITY BROADCASTING OPERATIONS, INC.)\nStrongest FM radio stations in South River:\nWMGQ (.3 FM; NEW BRUNSWICK, NJ; Owner: THE SENTINEL PUBLISHING CO.)\nWRSU-FM (.7 FM; NEW BRUNSWICK, NJ; Owner: BD.": [
        "None",
        "positive"
    ],
    "OF GOVERNORS OF RUTGERS)\nWAWZ (.1 FM; ZAREPHATH, NJ; Owner: PILLAR OF FIRE)\nWRKS (.7 FM; NEW YORK, NY; Owner: EMMIS RADIO LICENSE CORP OF NEW YORK)\nWNYC-FM (.9 FM; NEW YORK, NY; Owner: WNYC RADIO)\nWPAT-FM (.1 FM; PATERSON, NJ; Owner: WPAT LICENSING, INC.)\nWKXW-FM (.5 FM; TRENTON, NJ; Owner: MILLENNIUM CENTRAL NEW JERSEY LICENSE HOLDCO, LLC)\nWQCD (.9 FM; NEW YORK, NY; Owner: EMMIS RADIO LICENSE CORPORATION)\nWNEW (.7 FM; NEW YORK, NY; Owner: INFINITY BROADCASTING OPERATIONS, INC.)\nWCNJ (.3 FM; HAZLET, NJ; Owner: WVRM, INC.)\nWNJT-FM (.1 FM; TRENTON, NJ; Owner: NEW JERSEY PUBLIC BRD/CST AUTHORITY)\nWCAA (.9 FM; NEWARK, NJ; Owner: WADO-AM LICENSE CORP. (\"WADO\"))\nWKTU (.5 FM; LAKE SUCCESS, NY; Owner: AMFM RADIO LICENSES, LLC)\nWBAI (.5 FM; NEW YORK, NY; Owner: PACIFICA FOUNDATION, INC.)\nWBLS (.5 FM; NEW YORK, NY; Owner: ICBC BROADCAST HOLDINGS-NY, INC.)\nWLTW (.7 FM; NEW YORK, NY; Owner: AMFM NEW YORK LICENSES, LLC)\nWQXR-FM (.3 FM; NEW YORK, NY; Owner: THE NEW YORK TIMES ELECTRONIC MEDIA COMPANY)\nWSKQ-FM (.9 FM; NEW YORK, NY; Owner: WSKQ LICENSING, INC.)\nWXRK (.3 FM; NEW YORK, NY; Owner: INFINITY BROADCASTING OPERATIONS, INC.)\nWAXQ (.3 FM; NEW YORK, NY; Owner: AMFM NEW YORK LICENSES, LLC)\nTV broadcast stations around South River:\nW36AS (Channel ; NEW BRUNSWICK, NJ; Owner: DEEPAK VISWANATH)\nWLBX-LP (Channel ; CRANFORD, NJ; Owner: RENARD COMMUNICATIONS CORP.)\nWCBS-TV (Channel 2; NEW YORK, NY; Owner: CBS BROADCASTING INC.)\nWNYW (Channel 5; NEW YORK, NY; Owner: FOX TELEVISION STATIONS, INC.)\nWABC-TV (Channel 7; NEW YORK, NY; Owner: AMERICAN BROADCASTING COMPANIES, INC)\nWPIX (Channel ; NEW YORK, NY; Owner: WPIX, INC.)\nWWOR-TV (Channel 9; SECAUCUS, NJ; Owner: FOX TELEVISION STATIONS, INC.)\nWPXN-TV (Channel ; NEW YORK, NY; Owner: PAXSON COMMUNICATIONS LICENSE COMPANY, LLC)\nWNBC (Channel 4; NEW YORK, NY; Owner: NATIONAL BROADCASTING COMPANY, INC.)\nWNET (Channel ; NEWARK, NJ; Owner: EDUCATIONAL BROADCASTING CORPORATION)\nWXTV (Channel ; PATERSON, NJ; Owner: WXTV LICENSE PARTNERSHIP, G.P.)": [
        "None",
        "positive"
    ],
    "WNJT (Channel ; TRENTON, NJ; Owner: NEW JERSEY PUBLIC BROADCASTING AUTHORITY)\nWNJU (Channel ; LINDEN, NJ; Owner: WNJU LICENSE CORPORATION)\nWFUT (Channel ; NEWARK, NJ; Owner: UNIVISION NEW YORK LLC)\nWPXO-LP (Channel ; EAST ORANGE, NJ; Owner: PAXSON COMMUNICATIONS LPTV, INC.)\nWNYE-TV (Channel ; NEW YORK, NY; Owner: NEW YORK CITY BOARD OF EDUCATION)\nWXNY-LP (Channel ; NEW YORK, NY; Owner: ISLAND BROADCASTING COMPANY)\nWKOB-LP (Channel ; NEW YORK, NY; Owner: WKOB COMMUNICATIONS, INC.)\nWEBR-CA (Channel ; MANHATTAN, NY; Owner: K LICENSEE INC.)\nWRNN-LP (Channel ; NYACK, NY; Owner: LP NYACK LIMITED PARTNERSHIP)\nWNJN (Channel ; MONTCLAIR, NJ; Owner: NEW JERSEY PUBLIC B/CNG AUTHORITY)\nWNJB (Channel ; NEW BRUNSWICK, NJ; Owner: NEW JERSEY PUBLIC BROADCASTING AUTHORITY)\nW60AI (Channel ; NEW YORK, NY; Owner: VENTANA TELEVISION, INC.)\nWNXY-LP (Channel ; NEW YORK, NY; Owner: ISLAND BROADCASTING COMPANY)\nW33BS (Channel ; DARIEN, CT; Owner: CT&T BROADCASTING, INC.)\nSee more detailed statistics of South River fatal car crashes and road traffic accidents for  -  National Bridge Inventory (NBI) Statistics2Number of bridges43ft / .6mTotal length $3,,000Total costs27,102Total average daily traffic1,083Total average daily truck traffic33,070Total future (year ) average FCC Registered Broadcast Land Mobile Towers: 4George St Firehouse (Lat: .449556 Lon: -.391806), Call Sign: KDN530, \nAssigned Frequencies:  MHz, Grant Date: , Expiration Date: , Registrant: Borough Of South River-Fire Dept.,  Washington Street, South River, NJ 08882, Phone: () -, Email: \nPolice Headquarters Boro Hall (Lat: .449556 Lon: -.391806), Call Sign: WRW42, \nAssigned Frequencies: .": [
        "None",
        "negative"
    ],
    "MHz, Grant Date: , Expiration Date: , Registrant: Tactical Public Safety,  Industrial Drive, West Berlin, NJ 08091, Phone: () -, Fax: () -, Email: \nLat: .450833 Lon: -.381667, Call Sign: WPNT297, \nAssigned Frequencies: .": [
        "None",
        "positive"
    ],
    "MHz, Grant Date: , Expiration Date: , Certifier: John W Adamusik, Registrant: Business Radio Licensing, 30251 Golden Lantern Suite E #, Laguna Niguel, CA 92677, Phone: () -, Fax: () -, Email: \nPolice Headquarters  Main St (Lat: .449556 Lon: -.391806), Call Sign: KYX412, \nAssigned Frequencies: .": [
        "None",
        "positive"
    ],
    "MHz, Grant Date: , Expiration Date: , Cancellation Date: , Registrant: Borough Of South River, 9 Ivan Way, South River, NJ 08882, Phone: () -, Fax: () -, Email: \nFCC Registered Microwave Towers:  WILLIAMS STREET,  Williams Street (Lat: .459806 Lon: -.387056), Type: Pole, Structure height: .5 m, Call Sign: WQJY309, \nAssigned Frequencies: 11615.0 MHz, Grant Date: , Expiration Date: , Cancellation Date: , Certifier: James J.R. Talbot, Registrant: At&t Corp.,  Salem Road, First Floor, H9, Conyers, GA 30013, Phone: () -, Fax: () -, Email: \nFCC Registered Maritime Coast & Aviation Ground Towers:  Main St (Lat: .447056 Lon: -.385139), Type: Building, Overall height: 6 m, Call Sign: WHG609, Licensee ID: L00007905, \nAssigned Frequencies: .": [
        "None",
        "positive"
    ],
    "MHz, .": [
        "None",
        "neutral"
    ],
    "MHz, 4.14740 MHz, 6.22540 MHz, 8.29540 MHz,  MHz,  MHz,  MHz, Grant Date: , Expiration Date: , Cancellation Date: , Registrant: Gmt Electronics Inc,  Main St, South River, Whitehead Ave (Lat: .447889 Lon: -.362361), Call Sign: WXY907, \nAssigned Frequencies: .": [
        "None",
        "positive"
    ],
    "MHz, Grant Date: , Expiration Date: , Cancellation Date: , Registrant: South River Boat Club Inc, Whitehead Ave, South River, FCC Registered Amateur Radio Licenses:  (See the full list of FCC Registered Amateur Radio Licenses in South River)\r\nFAA Registered Aircraft: 1Aircraft: SEMCO BALLOON MARK V (Category: Land, Seats: 4, Weight: Up to , Pounds, Speed:  mph), Engine: N-Number: 36001, N36001, N-36001, Serial Number: SEM-, Year manufactured: , Certificate Issue Date: \nRegistrant (Corporation): Marchuks Modern Service Inc, 1 Ferry St, South River, Deregistered: Cancel Date: \nHome Mortgage Disclosure Act Aggregated Statistics For Year (Based on 3 full tracts)\nA) FHA, FSA/RHS & VAHome Purchase LoansB) ConventionalHome Purchase LoansC) RefinancingsD) Home Improvement LoansE) Loans on Dwellings For 5+ FamiliesF) Non-occupant Loans on < 5 Family Dwellings (A B C & D)\nNumberAverage ValueNumberAverage ValueNumberAverage ValueNumberAverage ValueNumberAverage LOANS ORIGINATED46$,91354$,981259$,54414$,$2,,00011$,\nAPPLICATIONS APPROVED, NOT ACCEPTED6$,16710$,40035$,$,$$,\nAPPLICATIONS DENIED9$,$,000146$,43814$,$$,\nAPPLICATIONS WITHDRAWN9$,$,00067$,$,$$,\nFILES CLOSED FOR INCOMPLETENESS6$,$$,$,$$ Aggregated Statistics For Year (Based on 3 full tracts)\nA) FHA, FSA/RHS & VAHome Purchase LoansB) ConventionalHome Purchase LoansC) RefinancingsD) Home Improvement LoansE) Loans on Dwellings For 5+ FamiliesF) Non-occupant Loans on < 5 Family Dwellings (A B C & D)\nNumberAverage ValueNumberAverage ValueNumberAverage ValueNumberAverage ValueNumberAverage LOANS ORIGINATED30$,83367$,358175$,72024$,$$,\nAPPLICATIONS APPROVED, NOT ACCEPTED4$,50017$,41246$,$,$$,\nAPPLICATIONS DENIED17$,94122$,682137$,54741$,$5,,00021$,\nAPPLICATIONS WITHDRAWN5$,00012$,25057$,84216$,$$,\nFILES CLOSED FOR INCOMPLETENESS1$,$,25015$,$,$$,\n Aggregated Statistics For Year (Based on 3 full tracts)\nA) FHA, FSA/RHS & VAHome Purchase LoansB) ConventionalHome Purchase LoansC) RefinancingsD) Home Improvement LoansE) Loans on Dwellings For 5+ FamiliesF) Non-occupant Loans on < 5 Family Dwellings (A B C & D)\nNumberAverage ValueNumberAverage ValueNumberAverage ValueNumberAverage ValueNumberAverage LOANS ORIGINATED11$,455127$,488268$,67976$,$,00026$,\nAPPLICATIONS APPROVED, NOT ACCEPTED1$,00020$,95060$,81715$,$$,\nAPPLICATIONS DENIED3$,33343$,349193$,47776$,$$,\nAPPLICATIONS WITHDRAWN2$,00019$,05395$,57913$,$,$,\nFILES CLOSED FOR INCOMPLETENESS0$$,16747$,$$$,\n Aggregated Statistics For Year (Based on 3 full tracts)\nA) FHA, FSA/RHS & VAHome Purchase LoansB) ConventionalHome Purchase LoansC) RefinancingsD) Home Improvement LoansE) Loans on Dwellings For 5+ FamiliesF) Non-occupant Loans on < 5 Family Dwellings (A B C & D)G) Loans On ManufacturedHome Dwelling (A B C & D)\nNumberAverage ValueNumberAverage ValueNumberAverage ValueNumberAverage ValueNumberAverage ValueNumberAverage LOANS ORIGINATED6$,000208$,130420$,04583$,$,25046$,$APPLICATIONS APPROVED, NOT ACCEPTED0$$,63677$,42920$,$$,$APPLICATIONS DENIED1$,00071$,423193$,35857$,$,33326$,$,\nAPPLICATIONS WITHDRAWN1$,00035$,914184$,45711$,$$,$FILES CLOSED FOR INCOMPLETENESS1$,$,00054$,$,$$$ Aggregated Statistics For Year (Based on 3 full tracts)\nA) FHA, FSA/RHS & VAHome Purchase LoansB) ConventionalHome Purchase LoansC) RefinancingsD) Home Improvement LoansE) Loans on Dwellings For 5+ FamiliesF) Non-occupant Loans on < 5 Family Dwellings (A B C & D)G) Loans On ManufacturedHome Dwelling (A B C & D)\nNumberAverage ValueNumberAverage ValueNumberAverage ValueNumberAverage ValueNumberAverage ValueNumberAverage LOANS ORIGINATED16$,562296$,716502$,83995$,$,33342$,$APPLICATIONS APPROVED, NOT ACCEPTED0$$,63975$,34715$,$$,$,\nAPPLICATIONS DENIED2$,00080$,050200$,61551$,$$,$APPLICATIONS WITHDRAWN3$,66764$,953270$,13023$,$,00011$,$FILES CLOSED FOR INCOMPLETENESS0$$,50041$,$,$$,$ Aggregated Statistics For Year (Based on 3 full tracts)\nA) FHA, FSA/RHS & VAHome Purchase LoansB) ConventionalHome Purchase LoansC) RefinancingsD) Home Improvement LoansE) Loans on Dwellings For 5+ FamiliesF) Non-occupant Loans on < 5 Family Dwellings (A B C & D)G) Loans On ManufacturedHome Dwelling (A B C & D)\nNumberAverage ValueNumberAverage ValueNumberAverage ValueNumberAverage ValueNumberAverage ValueNumberAverage LOANS ORIGINATED23$,130251$,618413$,35657$,$,50038$,$APPLICATIONS APPROVED, NOT ACCEPTED2$,50026$,00082$,95116$,$,$,$APPLICATIONS DENIED6$,16734$,676228$,17144$,$$,$,\nAPPLICATIONS WITHDRAWN4$,00039$,128172$,43013$,$,00011$,$FILES CLOSED FOR INCOMPLETENESS1$,$,00023$,$,$$$ Aggregated Statistics For Year (Based on 3 full tracts)\nA) FHA, FSA/RHS & VAHome Purchase LoansB) ConventionalHome Purchase LoansC) RefinancingsD) Home Improvement LoansE) Loans on Dwellings For 5+ FamiliesF) Non-occupant Loans on < 5 Family Dwellings (A B C & D)\nNumberAverage ValueNumberAverage ValueNumberAverage ValueNumberAverage ValueNumberAverage LOANS ORIGINATED22$,045206$,976886$,73764$,$,00048$,\nAPPLICATIONS APPROVED, NOT ACCEPTED2$,00031$,742119$,58818$,$$,\nAPPLICATIONS DENIED4$,50029$,828213$,77925$,$$,\nAPPLICATIONS WITHDRAWN6$,66735$,314182$,$,$$,\nFILES CLOSED FOR INCOMPLETENESS1$,00012$,25040$,$,$$,\n Aggregated Statistics For Year (Based on 3 full tracts)\nA) FHA, FSA/RHS & VAHome Purchase LoansB) ConventionalHome Purchase LoansC) RefinancingsD) Home Improvement LoansE) Loans on Dwellings For 5+ FamiliesF) Non-occupant Loans on < 5 Family Dwellings (A B C & D)\nNumberAverage ValueNumberAverage ValueNumberAverage ValueNumberAverage ValueNumberAverage LOANS ORIGINATED20$,250187$,358584$,81345$,$,50037$,\nAPPLICATIONS APPROVED, NOT ACCEPTED5$,20025$,24098$,92923$,$$,\nAPPLICATIONS DENIED5$,40013$,923202$,35646$,$$,\nAPPLICATIONS WITHDRAWN3$,00025$,080130$,63817$,$$,\nFILES CLOSED FOR INCOMPLETENESS3$,$,40033$,$,$$ Aggregated Statistics For Year (Based on 3 full tracts)\nA) FHA, FSA/RHS & VAHome Purchase LoansB) ConventionalHome Purchase LoansC) RefinancingsD) Home Improvement LoansE) Loans on Dwellings For 5+ FamiliesF) Non-occupant Loans on < 5 Family Dwellings (A B C & D)\nNumberAverage ValueNumberAverage ValueNumberAverage ValueNumberAverage ValueNumberAverage LOANS ORIGINATED38$,737161$,255356$,16340$,$,00021$,\nAPPLICATIONS APPROVED, NOT ACCEPTED5$,60025$,20049$,06117$,$$,\nAPPLICATIONS DENIED2$,00032$,031140$,32952$,$$,\nAPPLICATIONS WITHDRAWN5$,60012$,08385$,91812$,$$,\nFILES CLOSED FOR INCOMPLETENESS2$,$,00016$,$,$$ Aggregated Statistics For Year (Based on 3 full tracts)\nA) FHA, FSA/RHS & VAHome Purchase LoansB) ConventionalHome Purchase LoansC) RefinancingsD) Home Improvement LoansE) Loans on Dwellings For 5+ FamiliesF) Non-occupant Loans on < 5 Family Dwellings (A B C & D)\nNumberAverage ValueNumberAverage ValueNumberAverage ValueNumberAverage ValueNumberAverage LOANS ORIGINATED39$,538227$,56487$,63233$,$1,,00015$,\nAPPLICATIONS APPROVED, NOT ACCEPTED5$,80034$,00043$,46526$,$$,\nAPPLICATIONS DENIED3$,66738$,000111$,21647$,$$,\nAPPLICATIONS WITHDRAWN2$,00021$,28648$,04210$,$$,\nFILES CLOSED FOR INCOMPLETENESS1$,$,00032$,$,$$,\n Aggregated Statistics For Year (Based on 2 full and 1 partial tracts)\nA) FHA, FSA/RHS & VAHome Purchase LoansB) ConventionalHome Purchase LoansC) RefinancingsD) Home Improvement LoansE) Loans on Dwellings For 5+ FamiliesF) Non-occupant Loans on < 5 Family Dwellings (A B C & D)\nNumberAverage ValueNumberAverage ValueNumberAverage ValueNumberAverage ValueNumberAverage LOANS ORIGINATED60$,881191$,204155$,07822$,$2,,54019$,\nAPPLICATIONS APPROVED, NOT ACCEPTED3$,98030$,76641$,65813$,$,$,\nAPPLICATIONS DENIED7$,13135$,557108$,38635$,$$,\nAPPLICATIONS WITHDRAWN11$,24032$,93084$,13412$,$2,,$,\nFILES CLOSED FOR INCOMPLETENESS1$,$,83821$,$,$$,\nChoose year: \u00a0\n\n\n\n\n\n\n\n\n\n\nDetailed HMDA statistics for the following Tracts:\n.": [
        "None",
        "positive"
    ],
    ", ., .": [
        "None",
        "neutral"
    ],
    "Private Mortgage Insurance Companies Aggregated Statistics For Year (Based on 3 full tracts)\nA) ConventionalHome Purchase LoansB) NumberAverage LOANS ORIGINATED8$,$,\nAPPLICATIONS APPROVED, NOT ACCEPTED1$,$,\nAPPLICATIONS DENIED2$,$APPLICATIONS WITHDRAWN2$,$FILES CLOSED FOR INCOMPLETENESS0$$ Aggregated Statistics For Year (Based on 3 full tracts)\nA) ConventionalHome Purchase LoansB) RefinancingsC) Non-occupant Loans on < 5 Family Dwellings (A & B)\nNumberAverage ValueNumberAverage LOANS ORIGINATED28$,$,$,\nAPPLICATIONS APPROVED, NOT ACCEPTED14$,50012$,$,\nAPPLICATIONS DENIED2$,$$,\nAPPLICATIONS WITHDRAWN1$,$$FILES CLOSED FOR INCOMPLETENESS1$,$,$ Aggregated Statistics For Year (Based on 3 full tracts)\nA) ConventionalHome Purchase LoansB) RefinancingsC) Non-occupant Loans on < 5 Family Dwellings (A & B)\nNumberAverage ValueNumberAverage LOANS ORIGINATED36$,50026$,$,\nAPPLICATIONS APPROVED, NOT ACCEPTED8$,$,$APPLICATIONS DENIED0$$,$APPLICATIONS WITHDRAWN1$,$,$FILES CLOSED FOR INCOMPLETENESS0$$$ Aggregated Statistics For Year (Based on 3 full tracts)\nA) ConventionalHome Purchase LoansB) RefinancingsC) Non-occupant Loans on < 5 Family Dwellings (A & B)\nNumberAverage ValueNumberAverage LOANS ORIGINATED25$,$,$,\nAPPLICATIONS APPROVED, NOT ACCEPTED8$,$,$,\nAPPLICATIONS DENIED1$,$,$APPLICATIONS WITHDRAWN1$,$,$FILES CLOSED FOR INCOMPLETENESS0$$$ Aggregated Statistics For Year (Based on 3 full tracts)\nA) ConventionalHome Purchase LoansB) RefinancingsC) Non-occupant Loans on < 5 Family Dwellings (A & B)\nNumberAverage ValueNumberAverage LOANS ORIGINATED52$,69216$,$,\nAPPLICATIONS APPROVED, NOT ACCEPTED6$,$,$,\nAPPLICATIONS DENIED0$$,$APPLICATIONS WITHDRAWN5$,$,$FILES CLOSED FOR INCOMPLETENESS0$$$ Aggregated Statistics For Year (Based on 3 full tracts)\nA) ConventionalHome Purchase LoansB) RefinancingsC) Non-occupant Loans on < 5 Family Dwellings (A & B)\nNumberAverage ValueNumberAverage LOANS ORIGINATED61$,$,$,\nAPPLICATIONS APPROVED, NOT ACCEPTED14$,$,$,\nAPPLICATIONS DENIED3$,$$,\nAPPLICATIONS WITHDRAWN2$,$$FILES CLOSED FOR INCOMPLETENESS0$$$ Aggregated Statistics For Year (Based on 3 full tracts)\nA) ConventionalHome Purchase LoansB) RefinancingsC) Non-occupant Loans on < 5 Family Dwellings (A & B)\nNumberAverage ValueNumberAverage LOANS ORIGINATED74$,37829$,$,\nAPPLICATIONS APPROVED, NOT ACCEPTED14$,$,$APPLICATIONS DENIED0$$,$APPLICATIONS WITHDRAWN2$,$,$FILES CLOSED FOR INCOMPLETENESS1$,$$ Aggregated Statistics For Year (Based on 3 full tracts)\nA) ConventionalHome Purchase LoansB) RefinancingsC) Non-occupant Loans on < 5 Family Dwellings (A & B)\nNumberAverage ValueNumberAverage LOANS ORIGINATED75$,09321$,$,\nAPPLICATIONS APPROVED, NOT ACCEPTED10$,$,$,\nAPPLICATIONS DENIED2$,$$,\nAPPLICATIONS WITHDRAWN5$,$,$FILES CLOSED FOR INCOMPLETENESS1$,$$ Aggregated Statistics For Year (Based on 3 full tracts)\nA) ConventionalHome Purchase LoansB) RefinancingsC) Non-occupant Loans on < 5 Family Dwellings (A & B)\nNumberAverage ValueNumberAverage LOANS ORIGINATED71$,87322$,$,\nAPPLICATIONS APPROVED, NOT ACCEPTED13$,$,$,\nAPPLICATIONS DENIED0$$$APPLICATIONS WITHDRAWN1$,$,$FILES CLOSED FOR INCOMPLETENESS1$,$$ Aggregated Statistics For Year (Based on 3 full tracts)\nA) ConventionalHome Purchase LoansB) RefinancingsC) Non-occupant Loans on < 5 Family Dwellings (A & B)\nNumberAverage ValueNumberAverage LOANS ORIGINATED72$,13910$,$,\nAPPLICATIONS APPROVED, NOT ACCEPTED11$,$,$,\nAPPLICATIONS DENIED1$,$$APPLICATIONS WITHDRAWN1$,$$FILES CLOSED FOR INCOMPLETENESS1$,$$ Aggregated Statistics For Year (Based on 2 full and 1 partial tracts)\nA) ConventionalHome Purchase LoansB) RefinancingsC) Non-occupant Loans on < 5 Family Dwellings (A & B)\nNumberAverage ValueNumberAverage LOANS ORIGINATED67$,55414$,$,\nAPPLICATIONS APPROVED, NOT ACCEPTED7$,$,$,\nAPPLICATIONS DENIED7$,$$,\nAPPLICATIONS WITHDRAWN3$,$,$FILES CLOSED FOR INCOMPLETENESS0$$,$Choose year: \u00a0\n\n\n\n\n\n\n\n\n\n\nDetailed PMIC statistics for the following Tracts:\n.": [
        "None",
        "positive"
    ],
    "-  National Fire Incident Reporting System (NFIRS) According to the data from the years  -  the average number of fire incidents per year is .": [
        "Social",
        "negative"
    ],
    "The highest number of fire incidents -  took place in , and the least - 2 in .": [
        "Social",
        "negative"
    ],
    "The data has a declining trend.": [
        "None",
        "neutral"
    ],
    "When looking into fire subcategories, the most reports belonged to: Structure Fires (.1%), and Outside Fires (.2%).Fire incident types reported to NFIRS in South River, NJ31066.1%Structure Fires11825.2%Outside Fires367.7%Mobile Property/Vehicle Fires51.1%OtherSee full National Fire Incident Reporting System statistics for South River, Most common first names in South River, NJ among NameCountLived (average)\nJohn23873.Mary21880.Joseph18574.Anna13880.Helen10679.Edward9973.Walter9074.William8571.Frank8174.Stanley7074.Most common last names in South River, NJ among Last nameCountLived (average)\nSmith2368.Szabo1478.Bara1373.Wojcik1273.Toth1270.Jensen1182.Kucharski1179.Schmidt1077.Brown1072.Rossi1081.Houses .2%4.3%3.1%Fuel oil, kerosene, etc.": [
        "Social",
        "negative"
    ],
    "1.3%Bottled, tank, or .4%.7%4.1%Bottled, tank, or 2.7%Fuel oil, kerosene, etc.": [
        "Environmental",
        "neutral"
    ],
    "1.1%South River compared to New Jersey state average:\nUnemployed percentage below state average.": [
        "None",
        "neutral"
    ],
    "Median age below state average.": [
        "None",
        "neutral"
    ],
    "Length of stay since moving in significantly above state average.": [
        "Social",
        "neutral"
    ],
    "South River on our top lists: \n# on the list of \"Top  cities with the most residents born in Portugal (population +)\"\n# on the list of \"Top  cities with the most residents born in Southern Europe (population +)\"\n# on the list of \"Top  cities with the most residents born in Europe (population +)\"\n# on the list of \"Top  cities with the most residents born in Egypt (population +)\"\n# on the list of \"Top  cities with the most residents born in Brazil (population +)\"\n# on the list of \"Top  cities with the most residents born in Northern Africa (population +)\"\n# on the list of \"Top  counties with the most Orthodox adherents\"\n# on the list of \"Top  counties with the lowest percentage of residents that keep firearms around their homes\"\n# on the list of \"Top  counties with the lowest number of infant deaths per  residents - (pop.": [
        "Social",
        "positive"
    ],
    ",+)\"\n# on the list of \"Top  counties with the largest decrease in the number of infant deaths per  residents - to - (pop.": [
        "Social",
        "positive"
    ],
    ",+)\"\n# on the list of \"Top  counties with the most Catholic congregations\"\nThere are 8 pilots and 9 other airmen in this city.": [
        "Social",
        "positive"
    ],
    "Cost of Your current salary:\nState of origin:\nChoose stateAlaskaAlabamaArkansasArizonaCaliforniaColoradoConnecticutDistrict of ColumbiaDelawareFloridaGeorgiaHawaiiIowaIdahoIllinoisIndianaKansasKentuckyLouisianaMassachusettsMarylandMaineMichiganMinnesotaMissouriMississippiMontanaNorth CarolinaNorth DakotaNebraskaNew HampshireNew JerseyNew MexicoNevadaNew YorkOhioOklahomaOregonPennsylvaniaRhode IslandSouth CarolinaSouth DakotaTennesseeTexasUtahVirginiaVermontWashingtonWisconsinWest VirginiaWyoming \nDestination state:\nChoose stateAlaskaAlabamaArkansasArizonaCaliforniaColoradoConnecticutDistrict of ColumbiaDelawareFloridaGeorgiaHawaiiIowaIdahoIllinoisIndianaKansasKentuckyLouisianaMassachusettsMarylandMaineMichiganMinnesotaMissouriMississippiMontanaNorth CarolinaNorth DakotaNebraskaNew HampshireNew JerseyNew MexicoNevadaNew YorkOhioOklahomaOregonPennsylvaniaRhode IslandSouth CarolinaSouth DakotaTennesseeTexasUtahVirginiaVermontWashingtonWisconsinWest VirginiaWyoming \nTop Paul Y. Fung ()\nMadan Dubey (6)\nAllwyn Colaco (5)\nJared Meade (5)\nJoseph A. Hedrick (4)\nCorey Michael Bruno (4)\nMarilou Joziak (4)\nKathleen Kim Cooper (3)\nHenry Pokropinski, Jr. (3)\nDavid Gross (3)\nTotal of  patent applications in -.": [
        "Social",
        "negative"
    ],
    "New Jersey, NJ smaller cities, NJ South River, NJ South River, City-data.com does not guarantee the accuracy or timeliness of any information on this site.": [
        "None",
        "negative"
    ],
    "Use at your own risk.": [
        "None",
        "negative"
    ],
    "Website \u00a9  Advameg, Inc.": [
        "None",
        "neutral"
    ]
}