{
    "\nSouth River, New Jersey - Simple English Wikipedia, the Jump move \t\t\t\nMain pageSimple startSimple talkNew changesShow any pageHelpContact usGive to  Create account \t\tPages for logged out editors move Toggle 1.Belarusians in Toggle 2.2.Toggle 4.Roads 4.Toggle the table South River,  \u0627\u0644\u0639\u0631\u0628\u064a\u0629Asturianu\u062a\u06c6\u0631\u06a9\u062c\u0647\u95a9\u5357\u8a9e / B\u00e2n-l\u00e2m-g\u00fa\u0411\u0435\u043b\u0430\u0440\u0443\u0441\u043a\u0430\u044f\u0411\u0435\u043b\u0430\u0440\u0443\u0441\u043a\u0430\u044f (\u0442\u0430\u0440\u0430\u0448\u043a\u0435\u0432\u0456\u0446\u0430)Catal\u00e0CebuanoCymraegDeutschEnglishEspa\u00f1olEuskara\u0641\u0627\u0631\u0633\u06ccFran\u00e7aisItaliano\u049a\u0430\u0437\u0430\u049b\u0448\u0430KiswahiliKrey\u00f2l ayisyen\u041a\u044b\u0440\u0433\u044b\u0437\u0447\u0430LadinNederlands\u041d\u043e\u0445\u0447\u0438\u0439\u043dO\u02bbzbekcha / \u045e\u0437\u0431\u0435\u043a\u0447\u0430PolskiPortugu\u00eas\u0420\u0443\u0441\u0441\u043a\u0438\u0439\u0421\u0440\u043f\u0441\u043a\u0438 / srpskiSrpskohrvatski / \u0441\u0440\u043f\u0441\u043a\u043e\u0445\u0440\u0432\u0430\u0442\u0441\u043a\u0438Svenska\u0ba4\u0bae\u0bbf\u0bb4\u0bcd\u0422\u0430\u0442\u0430\u0440\u0447\u0430 / ReadChangeChange move \t\nReadChangeChange \t\t\t\nWhat links hereRelated changesUpload fileSpecial pagesPermanent linkPage informationCite this pageGet shortened URLDownload QR \t\tPrint/\t\nMake a bookDownload as PDFPage \t\tIn \t\nmove Coordinates: \u00b0\u2032\u2033N \u00b0\u2032\u2033W\ufeff / \ufeff.445652\u00b0N .378459\u00b0W\ufeff / .445652; -.From Simple English Wikipedia, the South River, New JerseyBoroughAerial view of South River borough, along the banks of the namesake South River tributary of the SealMotto(s):\u00a0\"A Community With a Proud Past and a Bright Future\"Location of South River in Middlesex County highlighted in red (left).": [
        "Environmental",
        "positive"
    ],
    "Inset map: Location of Middlesex County in New Jersey highlighted in orange (right).Census Bureau map of South River, New JerseySouth RiverLocation in Middlesex CountyShow map of Middlesex County, New JerseySouth RiverLocation in New JerseyShow map of New JerseySouth RiverLocation in the United StatesShow map of the United StatesCoordinates: \u00b0\u2032\u2033N \u00b0\u2032\u2033W\ufeff / \ufeff.445652\u00b0N .378459\u00b0W\ufeff / .445652; -.378459[1][2]Country\u00a0United StatesState\u00a0New JerseyCountyMiddlesexIncorporatedFebruary , 1898Government[3]\u00a0\u2022\u00a0TypeBorough\u00a0\u2022\u00a0BodyBorough CouncilArea[4]\u00a0\u2022\u00a0Total2.": [
        "None",
        "positive"
    ],
    "sq\u00a0mi (\u00a0km2)\u00a0\u2022\u00a0Land2.": [
        "None",
        "neutral"
    ],
    "sq\u00a0mi (\u00a0km2)\u00a0\u2022\u00a0Water0.": [
        "Environmental",
        "neutral"
    ],
    "sq\u00a0mi (\u00a0km2) \u00a0%\u00a0\u2022\u00a0Rank336th of  in state17th of  in county[1]Elevation[5]\u00a0ft (8\u00a0m)Population\u00a0()[6][7]\u00a0\u2022\u00a0Total16,\u00a0\u2022\u00a0Rank164th of  in state15th of  in county[8]\u00a0\u2022\u00a0Density5,.4/sq\u00a0mi (2,.5/km2)\u00a0\u00a0\u2022\u00a0Rank95th of  in state7th of  in county[8]Time zoneUTC\u2212: (Eastern (EST))\u00a0\u2022\u00a0Summer (DST)UTC\u2212: (Eastern (EDT))ZIP Codes08882[9][]Area code(s)[]FIPS code3402369420[1][][]GNIS feature ID0885403[1][]Websitewww.southrivernj.South River is a borough in Middlesex County, New Jersey, United States.": [
        "None",
        "positive"
    ],
    "Demographics[change | change source]\nAt the  United States Census, there were , people, 5, households, and 4, families residing in the borough.": [
        "Social",
        "positive"
    ],
    "[][]\nSouth River's largest incoming immigrant population are Asians, Mexicans and Brazilian populations.": [
        "Social",
        "neutral"
    ],
    "Belarusians in South River[change | change source]\nMonument for \"Those who fought for Freedom and Independence of Byelorussia\"\nSouth River has become a center for Belarusian Americans in the postwar-period.": [
        "Social",
        "positive"
    ],
    "The immigrants reestablished the Belarusian Orthodox parish of St. Eufrasinnia, that previously existed in Germany.": [
        "Social",
        "neutral"
    ],
    "In  a Belarusian cemetery was opened, that houses also Radas\u0142a\u016d Astro\u016dski.": [
        "Social",
        "neutral"
    ],
    "[]\nGovernment[change | change source]\nLocal government[change | change source]\nThe town government council has a Mayor and a Borough Council.": [
        "Social",
        "neutral"
    ],
    "It has 6 members that serve three-year terms.": [
        "Social",
        "neutral"
    ],
    "Two members are up for election each year.": [
        "Governance",
        "neutral"
    ],
    "[3]\nFederal Representation[change | change source]\nSouth River is located in the 12th Congressional District[][][][]\nEducation[change | change source]\nThe South River Public Schools serve students in Kindergarten through Twelfth grade.": [
        "Social",
        "neutral"
    ],
    "As of the - school year, the district's four schools had a total enrollment of 2, students and  classroom teachers.": [
        "Social",
        "neutral"
    ],
    "[]\nTransportation[change | change source]\nRoads and highways[change | change source]\nThe borough had a total of  miles (\u00a0km) of roads    miles (\u00a0km) were maintained by the municipality.": [
        "Environmental",
        "neutral"
    ],
    "miles (\u00a0km) are maintained by Middlesex County.": [
        "None",
        "neutral"
    ],
    "The mains roads that travel through are CR  and CR .": [
        "Environmental",
        "neutral"
    ],
    "Route  passes just west of the borough, which provides access to the New Jersey Turnpike (Interstate ).": [
        "None",
        "neutral"
    ],
    "Public transportation[change | change source]\nNew Jersey Transit bus service is provided on the  and  routes.": [
        "Social",
        "neutral"
    ],
    "References[change | change source]\n\u2191 1.0 1.1 1.2 1.3  Census Gazetteer Files: New Jersey Places, United States Census Bureau.": [
        "Social",
        "positive"
    ],
    "Accessed July 1, .": [
        "None",
        "neutral"
    ],
    "\u2191 US Gazetteer files: , , and , United States Census Bureau.": [
        "Social",
        "positive"
    ],
    "Accessed September 4, .": [
        "None",
        "neutral"
    ],
    "\u2191 3.0 3.1  New Jersey Legislative District Data Book, Rutgers University Edward J. Bloustein School of Planning and Public Policy, March , p. .": [
        "Social",
        "neutral"
    ],
    "\u2191 \"ArcGIS REST Services Directory\".": [
        "None",
        "neutral"
    ],
    "United States Census Bureau.": [
        "None",
        "positive"
    ],
    "Retrieved October , .": [
        "None",
        "neutral"
    ],
    "\u2191 U.S. Geological Survey Geographic Names Information System: Borough of South River, Geographic Names Information System.": [
        "Social",
        "neutral"
    ],
    "Accessed March , .": [
        "None",
        "neutral"
    ],
    "\u2191 QuickFacts South River borough, New Jersey, United States Census Bureau.": [
        "Social",
        "positive"
    ],
    "Accessed January 7, .": [
        "None",
        "neutral"
    ],
    "\u2191 Total Population: Census  - Census  New Jersey Municipalities, New Jersey Department of Labor and Workforce Development.": [
        "Social",
        "neutral"
    ],
    "Accessed December 1, .": [
        "None",
        "neutral"
    ],
    "\u2191 8.0 8.1 Population Density by County and Municipality: New Jersey,  and , New Jersey Department of Labor and Workforce Development.": [
        "Social",
        "neutral"
    ],
    "Accessed March 1, .": [
        "None",
        "neutral"
    ],
    "\u2191 Look Up a ZIP Code for South River, NJ, United States Postal Service.": [
        "Social",
        "positive"
    ],
    "Accessed August , .": [
        "None",
        "neutral"
    ],
    "\u2191 Zip Codes, State of New Jersey.": [
        "Social",
        "neutral"
    ],
    "\u2191 Area Code Lookup - NPA NXX for South River, NJ, Area-Codes.com.": [
        "Environmental",
        "neutral"
    ],
    "\u2191 U.S. Census website, United States Census Bureau.": [
        "Social",
        "positive"
    ],
    "\u2191 Geographic Codes Lookup for New Jersey, Missouri Census Data Center.": [
        "Social",
        "neutral"
    ],
    "Accessed April 1, .": [
        "None",
        "neutral"
    ],
    "\u2191 US Board on Geographic Names, United States Geological Survey.": [
        "Social",
        "positive"
    ],
    "\u2191 \"Profile of General Population and Housing Characteristics:  Demographic Profile Data (DP-1): South River borough, New Jersey\".": [
        "Social",
        "neutral"
    ],
    "Retrieved February , .": [
        "None",
        "neutral"
    ],
    "\u2191 \"P16: HOUSEHOLD TYPE\".": [
        "None",
        "neutral"
    ],
    "\u2191 http://www.belarus-misc.org/diaspora/yurevich/sriver.\u2191 Plan Components Report Archived - at the Wayback Machine, New Jersey Redistricting Commission, December , .": [
        "Social",
        "neutral"
    ],
    "Accessed January 6, .": [
        "None",
        "neutral"
    ],
    "\u2191 Municipalities Grouped by - Legislative Districts, New Jersey Department of State, p. 8.": [
        "Social",
        "neutral"
    ],
    "\u2191  New Jersey Citizen's Guide to Government Archived - at the Wayback Machine, p. , New Jersey League of Women Voters.": [
        "Social",
        "neutral"
    ],
    "Accessed May , .": [
        "None",
        "neutral"
    ],
    "\u2191 Districts by Number for - Archived - at the Wayback Machine, New Jersey Legislature.": [
        "Social",
        "positive"
    ],
    "\u2191 District information for South River Public School District, National Center for Education Statistics.": [
        "Social",
        "neutral"
    ],
    "vteMunicipalities and communities of Middlesex County, New Jersey, United StatesCounty seat: Map of New Jersey highlighting Farrington John J Lawrence Lincoln Park (Edison)\nLincoln Park (New Brunswick)\nLittle Menlo Phoenix (Edison)\nPhoenix (Sayreville)\nSand Hills (Edison/Woodbridge)\nSand Hills (South Brunswick)\nShore South South Thomas J William Retrieved from \"https://simple.wikipedia.org/w/index.php?title=South_River,_New_Jersey&oldid=9538033\"\nCategories: Middlesex County, New JerseyBoroughs in New Jersey1898 establishments in the United States1890s establishments in New JerseyHidden categories: Webarchive template wayback linksPages using infobox settlement with possible motto listCoordinates on WikidataPages using infobox settlement with possible area  This page was last changed on  May , at :.": [
        "Social",
        "positive"
    ],
    "Text is available under the Creative Commons Attribution-ShareAlike License and the GFDL; additional terms may apply.": [
        "None",
        "positive"
    ],
    "See Terms of Use for details.": [
        "None",
        "neutral"
    ],
    "Code": [
        "None",
        "neutral"
    ]
}