{
    "\nReadington Township History | Hunterdon County,  \nSkip to \r\n\tHunterdon County Cooling Locations\r\n\tRead On...": [
        "Environmental",
        "neutral"
    ],
    "Create a Website Account - Manage notification subscriptions, save form progress and more.": [
        "Social",
        "positive"
    ],
    "Website  \n \n \n \n \n \n \n \nHomeGovernmentMunicipalitiesReadington TownshipReadington \r\n\r\nReadington Township History\t\t\nJuly , , was the official birth date of Readington Township.": [
        "Social",
        "neutral"
    ],
    "Created by Royal Charter as Readings, or Readings Town, it wasn't until  that it became Readington Township.": [
        "Social",
        "positive"
    ],
    "Containing about  square miles, ours is the largest Township in the County of Hunterdon and one of the largest in the State of New Jersey.": [
        "Environmental",
        "neutral"
    ],
    "We are bounded on the north by the Rockaway Creek and the Lamington River, southerly by the south branch of the Raritan River, easterly by Somerset County, and westerly by the \"Society's Great Tract\" of some , acres of land owned by the proprietors of West Jersey.": [
        "None",
        "positive"
    ],
    "Our westerly border was the crest of the Cushetunk Mountains and up the middle of Potterstown Road.": [
        "Environmental",
        "neutral"
    ],
    "This line was surveyed in .Our heritage is Dutch-German with the Dutch being the earliest and most populous.": [
        "None",
        "neutral"
    ],
    "Original settlements of Dutch farmers took place in and around the Village of Readington, where a mill was erected (circa  - ) by Adrian Lane.": [
        "Environmental",
        "positive"
    ],
    "By  the Dutch Reformed Church of North Branch moved west to Readington, no doubt because of the greater number of members residing there.": [
        "Social",
        "negative"
    ],
    "Today's Readington Dutch Reformed Church replaces two earlier church buildings.": [
        "Environmental",
        "neutral"
    ],
    "As the population increased, a school was built; an inn and a store completed the Little Dutch Settlement.": [
        "Social",
        "positive"
    ],
    "Readington Village is listed on the National Register of Historic Places.": [
        "Social",
        "neutral"
    ],
    "Remaining are five eighteenth-century houses, a portion of the mill wall, the store, church and cemetery, inn, two schoolhouses, and several early nineteenth-century houses.White House (inclusive of White House Station which came into being when the railroad came through in ) and Potterstown are also ancient communities.": [
        "None",
        "neutral"
    ],
    "White House got its name from the Inn of Abraham Van Horne who came here in .": [
        "Social",
        "neutral"
    ],
    "Van Horne's Inn was located along an important Indian path and was the only place of rest for travelers for many miles.": [
        "Social",
        "positive"
    ],
    "The building had white walls and eventually became known as \"the White House\".": [
        "Environmental",
        "neutral"
    ],
    "The whole area took its name from the little pre-Revolutionary tavern.Potterstown, another village on the National Register of Historic Places, competed with Readington for early settlers.": [
        "Social",
        "neutral"
    ],
    "It is in this tiny village that the \"Society's Line\" crosses the important Raritan Indian Path.": [
        "Social",
        "positive"
    ],
    "We know that Potterstown was a stopover for travelers early in the eighteenth century.": [
        "Social",
        "neutral"
    ],
    "This village appears on every map of ancient New Jersey.": [
        "Social",
        "neutral"
    ],
    "There were two taverns, a blacksmith shop, a store house and wheelwright, and at some time in the long distant past, pottery.": [
        "None",
        "neutral"
    ],
    "Owners of property included some of the most famous names in New Jersey history; William Alexander (The Lord Stirling of Revolutionary fame), John Stevens, and Robert Livingston.": [
        "Social",
        "neutral"
    ],
    "The first German Lutheran Church building erected in the State of New Jersey was built here in / on land donated by a free black man named Aray Van Guinee.": [
        "Social",
        "positive"
    ],
    "At his time in the history of New Jersey, Aray Van Guinee was probably the most prominent black in the whole state.": [
        "Social",
        "positive"
    ],
    "His sons went on to fight in the Revolutionary War.": [
        "Social",
        "negative"
    ],
    "At the far end of Potterstown, up the Rockaway Creek, is the mill of Colonel John Taylor, commanding officer of the 4th Hunterdon Militia.": [
        "None",
        "neutral"
    ],
    "The miller's house stands, too.": [
        "Social",
        "neutral"
    ],
    "Both were built in  and both are on the National Register of Historic Places.": [
        "Social",
        "neutral"
    ],
    "Grain for the use of the Revolutionary Army was ground in this little mill.": [
        "Environmental",
        "neutral"
    ],
    "Our roots go deep in Potterstown.Did you know that Stanton was first called Housel's, then Waggoner's Hill, then Mount Pleasant, and finally when the post office was established and there was another Mt.": [
        "Social",
        "positive"
    ],
    "Pleasant in Hunterdon, Stanton.": [
        "None",
        "positive"
    ],
    "Also on the National Register of Historic Places, Stanton was originally a settlement of German farmers stretched along the \"Society's Line\" on large landholdings.": [
        "Social",
        "neutral"
    ],
    "Intermarriage with Dutch families and the fact that the nearest Lutheran Church had relocated to New Germantown (known as Oldwick today) made everyone Dutch.": [
        "Social",
        "neutral"
    ],
    "With Readington \"Meeting House\" also a great distance, a new Dutch Reformed Church was opened here in .": [
        "Social",
        "positive"
    ],
    "There had been a school in Stanton since the late eighteenth century and a store opened in .": [
        "Social",
        "neutral"
    ],
    "Remaining are three stone houses built in the mid-eighteenth century, a clapboard house vintage , several early nineteenth-century houses, a store, a church, and many barns to remind us that everyone was once a farmer.Tucked away over in the most southerly corner of the Township are Three Bridges and Centerville, both located on Old York Road.": [
        "Environmental",
        "neutral"
    ],
    "During, and before, the Revolutionary War, Old York Road was one of the most important roads in the Colonies.": [
        "Social",
        "negative"
    ],
    "You see, it connected the great cities of Philadelphia and New York.": [
        "Social",
        "positive"
    ],
    "As the Swift Sure Stage Coach jolted and banged over this mud path on its way to the city, there was a place, a small inn, where an overnight stop was necessary for horses and passengers alike.": [
        "Environmental",
        "positive"
    ],
    "The center point on the trip, soon took on the name of \"Centerville\" and has kept it to this day.": [
        "Social",
        "neutral"
    ],
    "Just south on the road is another small town, Three Bridges.": [
        "Environmental",
        "neutral"
    ],
    "When the railroad went through the area in , the town grew into a charming place filled with late nineteenth-century homes.While these quaint villages are scattered throughout the Readington Township today, they were once small centers of the church, school, and commerce in a vast farming Township.": [
        "Social",
        "positive"
    ],
    "Loosely connecting these places were tiny hamlets bearing such names as Mechanicsville, Dreahook, Lewisburg, Farmersville, Stillwells - all descriptive of who lived and worked there, all have disappeared down the dusty paths of time.": [
        "Environmental",
        "negative"
    ],
    "Readington's historical roots are deeply entwined in the families that began this nation.": [
        "Social",
        "neutral"
    ],
    "We can be proud of our place in the founding of New Jersey and the United States.By Stephanie B. Stevens, Township Historian ()\n \n \n \n \n \nReadington  \n \n    \n \n \n \n \nSign Up Agendas & Parks &  \n \n \n \n \n  \n \n  \n \nCounty of Hunterdon71 Main Street, PO Box 2900Flemington, New Jersey 08822Department Phone DirectoryEmail  \n  \n \n  \n \nOPRA (Open Public Records Act)\nCommissioner HCLife - /QuickLinks.": [
        "Social",
        "positive"
    ],
    "/QuickLinks.": [
        "None",
        "neutral"
    ],
    "Government Websites by CivicPlus\u00ae\n \n \n \n\r\n\t\t\t\tLoading\r\n\t\t\t\nDo Not []\nSlideshow Slideshow": [
        "Social",
        "neutral"
    ]
}