{
    " \nPublic     \n                    Township of Readington,             \n \n \n \n \n \n \n  \n  Mayor'Agendas & Public Forms &   \nConstruction   Boards-Board Board Citizen Leadership & Open Space & WaterWatch   \nCommunity Readington Three     \nEast Whitehouse Fire Dept.": [
        "Social",
        "negative"
    ],
    "Readington Volunteer Fire Co.\nThree Bridges Volunteer Fire Co.\nWhitehouse Fire Co.\nWhitehouse  \n\r\n\t\t\t\t\tPublic Works Home\t\t\t\t\t\t\t\t\t\n\r\n\t\t\t\t\tPublic Works Email\t\t\t\t\t\t\t\t\t\n\r\n\t\t\t\t\tPublic Works Facility\t\t\t\t\t\t\t\t\t\n\r\n\t\t\t\t\tRecycling Guidelines\t\t\t\t\t\t\t\t\t\n\r\n\t\t\t\t\tMailbox Replacement \t\t\t\t\t\t\t\t\t\n \n  \n\t\tPrint\t \n  \n\t\tEmail\t \n\u00a0\nPUBLIC WORKS FACILITYHours of operation:Monday to Friday 7 AM to 3 PMClosed Saturdays The Readington Township Public Works Facility at  Mountain Road in Whitehouse Station is open to Readington Township residents ONLY and is not open for commercial use.": [
        "Social",
        "negative"
    ],
    "Please keep children and pets inside your vehicle at all times for safety.": [
        "Social",
        "positive"
    ],
    "REMINDER: Cardboard, newspaper, co-mingle and junk mail/magazines WILL NOT be accepted at the Public Works Facility .": [
        "Social",
        "negative"
    ],
    "These items can be placed into your curbside container for normal bi-weekly recycling pick up.": [
        "Environmental",
        "neutral"
    ],
    "The following materials are accepted on a regular basis:\nWHITE GOODS (by permit only)Hot water heaters, clothes washers and dryers, dishwashers, stoves/ovens, refrigerators, freezers, air conditioners.": [
        "Environmental",
        "positive"
    ],
    "These items can only be disposed of with a permit.": [
        "None",
        "neutral"
    ],
    "Permits are $5 each and available at the Public Works Facility, Monday through Friday, 7 AM to 3 PM.": [
        "Social",
        "neutral"
    ],
    "One (1) permit per appliance.": [
        "Environmental",
        "neutral"
    ],
    "ELECTRONIC WASTE (e-waste):Readington Township Public Works facility is now accepting electronic waste at NO COST.": [
        "Environmental",
        "negative"
    ],
    "The ONLY items accepted are TV\u2019s, computers, computer monitors, printers, fax machines.": [
        "None",
        "positive"
    ],
    "NO other electronic items will be accepted.": [
        "None",
        "negative"
    ],
    "Drop off hours are 7 AM to 3 PM, Monday through Friday.": [
        "Social",
        "negative"
    ],
    "(e-waste accepted)\nSCRAP METALAccepted: Ferrous and non-ferrous metals (items must be at least % metal to be accepted as scrap metal), steel, iron, aluminum.": [
        "Environmental",
        "positive"
    ],
    "Non-metallic materials (i.e.": [
        "Environmental",
        "neutral"
    ],
    "plastics) that are easily removed must be removed from the scrap metal.": [
        "Environmental",
        "positive"
    ],
    "Any fuel tanks must be removed and all oils and fluids drained from engines, transmissions or differentials.": [
        "Environmental",
        "negative"
    ],
    "Not Accepted: Pressurized gas cylinders or containers (i.e.": [
        "Environmental",
        "negative"
    ],
    "propane gas for grills), aerosol cans, paint cans/buckets, wire, wire fencing, nails, screws, bed springs, vehicle exhaust system components, fuel tanks of any kind.": [
        "Environmental",
        "positive"
    ],
    "Once items are dropped off they become the property of the Township, therefore, no salvaging is permitted.": [
        "None",
        "negative"
    ],
    "TREE DEBRIS (by permit only)Accepted: Tree limbs, branches, sticks, Christmas trees, logs, shrubs, stumps.": [
        "Environmental",
        "neutral"
    ],
    "Permits are issued as follows:$ per car load$ per pick-up truck load or trailer equivalent to pick-up truck bed size$ for pick-up truck and trailer / or trailer larger than a pick-up truck bed sizePermits are available at the Public Works Facility, Monday through Friday, 7 AM to 3 PM.Not Accepted: lumber, leaves, vines, LEAD ACID BATTERIESLead acid batteries are accepted provided the outside casing is intact and all cells are covered.": [
        "Environmental",
        "positive"
    ],
    "Batteries can be placed next to the sign marked \u201cBatteries\u201d in the Public Works Yard.Not Accepted: If any acid is leaking from the batteries, they will NOT be accepted.": [
        "Environmental",
        "positive"
    ],
    "HOUSEHOLD BATTERIES \u2013 We do not accept household batteries (the alkaline type), these may be disposed of in your trash.Accepted: Re-chargeable batteries ONLY, such as the type from tools, household phones, computers, toys, etc.": [
        "Environmental",
        "negative"
    ],
    "(Ni-MH, Ni-Cd, Li-Ion, Ni-Zn), cell phones and cell phone batteries.": [
        "None",
        "neutral"
    ],
    "This is funded by Call2Recycle \u2013 for more information on this program, visit www.call2recycle.org.": [
        "Social",
        "neutral"
    ],
    "ANNUAL HOUSEHOLD CLEAN-UP (by permit ONLY):Household Clean-up (Bulky Waste disposal)The Township does NOT pick up bulky waste \u2013 residents must transport their own household bulky waste to the Public Works Facility.": [
        "Environmental",
        "negative"
    ],
    "Purchase of permit and disposal of bulky waste may be done during business hours Mon \u2013 Fri, 7am \u2013 3pm, April through October.": [
        "Environmental",
        "negative"
    ],
    "See office personnel before unloading.": [
        "Social",
        "neutral"
    ],
    "Permits are $ each and can be purchased at the Public Works Facility, Monday through Friday, 7 AM to 3 PM.": [
        "Social",
        "neutral"
    ],
    "No refunds and no duplicates will be issued.": [
        "None",
        "negative"
    ],
    "For more information, or for any questions about materials not covered in the above categories, contact the Public Works Facility at --.": [
        "Social",
        "neutral"
    ],
    "THE Public Works Facility WILL BE CLOSED ON THE FOLLOWING DAYS IN :\nMonday\u00a0\nNew Year'January \nMartin Luther February \nLincoln\u2019February \nPresidents\u2019 May \nNovember \nNovember \nDay December \n \n\t\t\t\t\t\t\t\t\tDetails\t\t\t\t\t\t\t\n\t\t\t\t\tLast Updated:  April \t\t\t\t\n ()-\n Whitehouse Station,  \n Want another way to navigate our website?": [
        "Social",
        "positive"
    ],
    "Try using our site map.": [
        "Environmental",
        "neutral"
    ],
    "It displays content by categories and also improves the website search engine optimization.": [
        "Social",
        "positive"
    ],
    "Click here to view  \n Phone:  () -\nFax:  () -\nAddress:  Route \nWhitehouse Station,  \n            \u00a9\n     -     \n    Township of Readington, New Jersey, All": [
        "None",
        "neutral"
    ]
}