{
    "\nRequest a police public record - Somerville,  \nSkip Skip                     Official government website                \n   Somerville, Primary  \nSomerville,       Public record requests    \n \n  Motor vehicle accident and   Public   Prescription drug drop-    File   Police   Documents      \n  Request a police public record  \nThe Open Public Records Act (OPRA) is a state law that provides public access to certain government records (both paper and electronic).": [
        "Social",
        "negative"
    ],
    "This is for police records requests.": [
        "Social",
        "neutral"
    ],
    "If you are looking for general or health records, those are handled differently:\nGeneral public Health Need Please submit your request Anyone can file Costs:\nFree to inspect in-Paper copies, 5 to 7 cents Media (CD, DVD), cost Delivery and postage fees are additional, depending on Special service charge, depends on complexity Before Be as specific as possible in your request.": [
        "Social",
        "positive"
    ],
    "This helps us find exactly what you are looking for.": [
        "None",
        "positive"
    ],
    "Let us know what records you are looking for, including any dates, names and addresses.": [
        "Social",
        "neutral"
    ],
    "If a request is overly broad, it could be denied.": [
        "None",
        "negative"
    ],
    "If you are not sure what to ask for, contact us before you make the request.": [
        "None",
        "negative"
    ],
    "Download the OPRA request form.": [
        "None",
        "neutral"
    ],
    "Complete the form.": [
        "None",
        "neutral"
    ],
    "Submit the form to the Somerville Police Records Bureau:\nIn person or by mail:  South Bridge Street, Somerville, By fax: () -\nWhat'Once the department receives the request, we will fulfill the request as soon as possible.": [
        "Governance",
        "positive"
    ],
    "We will respond not later than 7 business days after the request is received, provided that the record is currently available and not in storage or archived.": [
        "None",
        "neutral"
    ],
    "Visit the state website to learn about the Open Public Records Act - N.J.S.A.": [
        "Social",
        "neutral"
    ],
    ":1A-5(i)\nDay 1 is the day after we receive the request.": [
        "None",
        "neutral"
    ],
    "Our response will either include the records requested or a time estimate for how long it will take us to provide the records.": [
        "None",
        "neutral"
    ],
    "Questions \n              Records Bureau                  \n() - ext.": [
        "Social",
        "neutral"
    ],
    "+\n            \n                                \u2212\n            \n  \nTranslate  \n \nBorough Hall and National  \n \n          Powered by  \n \n \nThis content is for decoration only skip decoration.": [
        "Environmental",
        "neutral"
    ]
}