{
    "\nFresh, Quality Seafood Restaurant | The  \n \n--\n \nCrabby Jack\u2019Banquets & Buy  \n  \n \n \nFresh.": [
        "Social",
        "positive"
    ],
    "Quality.": [
        "None",
        "neutral"
    ],
    "Seafood.": [
        "None",
        "neutral"
    ],
    "Restaurants come and go but we have overcome the odds.": [
        "Social",
        "neutral"
    ],
    "We continue to provide friendly, prompt service and serve delicious food to thousands of customers each year.": [
        "Social",
        "positive"
    ],
    "We are delighted to make your next dining experience the very best at the Jersey Shore.": [
        "Social",
        "positive"
    ],
    "Dinner MenuBuy Thank you to all of our wonderful customers for voting!": [
        "Social",
        "positive"
    ],
    "Best Best Best Fine Or Best Best Best Welcome To The The Wallace Family are at the helm of the Crab Trap today working closely with their staff to ensure you a pleasant dining experience.": [
        "Social",
        "positive"
    ],
    "Whether it is a romantic first date, a family gathering, a night out on our deck bar Crabby Jack\u2019s or a business function to impress your clients, we are here for you.": [
        "Social",
        "positive"
    ],
    "Special Group events can be scheduled but only October through May!": [
        "None",
        "positive"
    ],
    "Rockefeller or On the\u00a0\u00bd Shell and harvested from Shooting Point, Virginia, Long Island Sound or Cape sesame crusted and prepared to perfection, served with our Thai King over 1 \u00bd lbs.": [
        "Environmental",
        "positive"
    ],
    "of sweet and juicy steamed Alaskan King Crab legs with Surf & 6 oz.": [
        "Environmental",
        "positive"
    ],
    "filet mignon and two 4 oz.": [
        "Environmental",
        "neutral"
    ],
    "lobster tails, minced, our #1 seller!": [
        "Social",
        "neutral"
    ],
    "Out of the Bleu blackened salmon, fresh avocado, sliced tomato and bleu cheese dressing \u2013 see Take A What People \u201cFood quality is excellent as well as the service\u201d\n\"Regular summertime visits to Ocean City are always followed by early dinner at The Crab Trap!": [
        "Social",
        "positive"
    ],
    "The food quality is excellent as well as the service and cleanliness.": [
        "Social",
        "positive"
    ],
    "Keep up the great work!\"": [
        "Social",
        "positive"
    ],
    "~Mr.": [
        "None",
        "neutral"
    ],
    "\u201cIf you are hungry for seafood this is the place to go\u201d\n\"Wow!": [
        "Social",
        "neutral"
    ],
    "We loved it and had a ton of food!": [
        "Social",
        "positive"
    ],
    "Nice atmosphere too!": [
        "Environmental",
        "positive"
    ],
    "Staff are great!": [
        "Social",
        "positive"
    ],
    "This is the first time I have ever commented on a restaurant because I felt it deserved the recognition!!": [
        "Social",
        "neutral"
    ],
    "Enjoy :)\" ~\u201cWithout a doubt one of the best dinners we have ever had\u201d\n\"Our waitress was well informed, polite and served us without being intrusive.": [
        "Social",
        "positive"
    ],
    "The food was delicious, bountiful and nicely presented.": [
        "Social",
        "positive"
    ],
    "We will be making the Crab Trap a regular stop on our way to the shore from PA\" ~2 Broadway, Somers Point, No Beach Wear, no bathing suits, no tank tops or sleeveless shirts on gentlemen and shoes are required.": [
        "Social",
        "negative"
    ],
    "Daily:\u00a0 :00am \u2013 3: Mon\u00a0\u2013\u00a0Fri:\u00a0\u00a03:00pm \u2013 5:Daily: 3:00pm \u2013 :Tap To Dial: --\nIf you would like to sign up for our RestaurantNewsletter, please enter your name and email address.": [
        "None",
        "positive"
    ],
    "Success!": [
        "None",
        "positive"
    ],
    "Sign  \nManaged By Hark.Digital | Copyright \u00a9.": [
        "None",
        "neutral"
    ],
    "All Rights Reserved.": [
        "None",
        "neutral"
    ],
    "|": [
        "None",
        "neutral"
    ]
}