{
    "\nSomers Point Map - City of Somers Point, New Jersey, New JerseyJersey ShoreAtlantic CountyCity of Somers Point is a city situated on the Jersey Shore that is the oldest settlement in Atlantic County, in the U.S. state of New Jersey.": [
        "None",
        "neutral"
    ],
    "It was settled by Europeans in  and was incorporated as a borough in .": [
        "Social",
        "neutral"
    ],
    "Tap on themap to somerspointgov.orgWikivoyageWikipediaPhoto: Deadhenry, CC BY-SA 3.0.": [
        "Social",
        "neutral"
    ],
    "Type: Town with , Description: city in Atlantic County, New Jersey, Postal code: Neighbors: Notable Places in Shore Shore Medical Center, formerly Shore Memorial Hospital, is a full-service acute care community hospital located in Somers Point, New Jersey, serving Atlantic and Cape May counties.": [
        "Social",
        "positive"
    ],
    "Localities in Photo: Deadhenry, CC BY-SA 3.0.": [
        "Social",
        "neutral"
    ],
    "Linwood is a city in Atlantic County, in the U.S. state of New Jersey.": [
        "None",
        "neutral"
    ],
    "Categories: city in New Jersey Location: City of Somers Point, Atlantic County, Jersey Shore, New Jersey, Mid-Atlantic, United States, View on Open\u00adStreet\u00adLatitude39.\u00b0 or \u00b0\u00a0'\u00a03\" northLongitude-\u00b0 or \u00b0\u00a0'\u00a0\" westPopulation11,600Elevation26 feet (8 metres)United Nations Location CodeUS S5POpen Location Code87F78C94+25Open\u00adStreet\u00adMap IDnode 158919468Open\u00adStreet\u00adMap Featureplace=\u00adtownGeo\u00adNames ID4504186Wiki\u00adThanks for contributing to our open data sources.": [
        "None",
        "positive"
    ],
    "This page is based on OpenStreetMap, GeoNames, Wikidata, Wikimedia Commons and Wikipedia.": [
        "None",
        "neutral"
    ],
    "Edit Somers Point \u00a9 OpenStreetMap, Mapbox Also Arabic: Somers Point, Arabic: Basque: Somers Point (New Jersey)\nBasque: Catalan: Cebuano: Chechen: \u0421\u0430\u043c\u0435\u0440\u0441-\u041f\u043e\u0439\u043d\u0442 (\u041d\u044c\u044e-\u0414\u0436\u0435\u0440\u0441\u0438)\nChechen: \u0421\u0430\u043c\u0435\u0440\u0441-Chinese: Chinese: Chinese: Danish: Dutch: English: Somers Point, English: Somers Point, Finnish: French: German: Haitian: Somers Point, Hebrew: Irish: Italian: Japanese: Kazakh: Kazakh: Kazakh: Kirghiz: Ladin: Somers Point (New Jersey)\nLadin: Min Nan Chinese: Neapolitan: Norwegian Bokm\u00e5l: Norwegian Nynorsk: Persian: \u0633\u0627\u0645\u0631\u0633 \u067e\u0648\u06cc\u0646\u062a\u060c Polish: Portuguese: Scots: Serbian: Serbo-Croatian: Somers Point, Serbo-Croatian: Silesian: Slovenian: Spanish: Spanish: Somers Point, Tamil: \u0b9a\u0bca\u0bae\u0bcd\u0bae\u0bc7\u0bb0\u0bcd\u0b9a\u0bc1 \u0baa\u0bbe\u0baf\u0bbf\u0ba3\u0bcd\u0b9f\u0bcd\nTatar: \u0421\u0430\u043c\u0435\u0440\u0441-\u041f\u043e\u0439\u043d\u0442 (\u041d\u044c\u044e-\u0414\u0436\u0435\u0440\u0441\u0438)\nTatar: \u0421\u0430\u043c\u0435\u0440\u0441-Turkish: Somers Point, Turkish: Ukrainian: \u0421\u0430\u043c\u0435\u0440\u0441-Uzbek: Somers Point, Uzbek: Uzbek: Volap\u00fck: Somers Point, Volap\u00fck: Waray (Philippines): Somers Point, Welsh: Somers Point, Job'Other Places Named Somers PointCape in Oregon, Localities in Somers Ocean Ocean Popular Destinations in Discover Atlantic City, Hammonton, Pleasantville and Brigantine.": [
        "Social",
        "positive"
    ],
    "A journey is best measured in friends, rather than miles.": [
        "Social",
        "positive"
    ],
    "-\u00a0Escape to a Explore your world with these selected destinations of excellence.": [
        "Social",
        "positive"
    ],
    "VietnamSoutheast AsiaWestern CapeSouth AfricaSydneyNew South Wales, Australia5th arrondissementParis, About Mapcarta.": [
        "Social",
        "neutral"
    ],
    "Thanks to Mapbox for providing amazing maps.": [
        "Social",
        "positive"
    ],
    "Data \u00a9\u00a0OpenStreetMap contributors and available under the Open Database License.": [
        "None",
        "neutral"
    ],
    "Text is available under the CC BY-SA 4.0 license, excluding photos, directions and the map.": [
        "None",
        "neutral"
    ],
    "Description text is based on the Wikipdia page Somers Point.": [
        "Environmental",
        "neutral"
    ],
    "Photo: Deadhenry, CC BY-SA 3.0.": [
        "None",
        "neutral"
    ]
}