{
    "\nHome | Surfside Casual Furniture | Somers Somers Point () .": [
        "Social",
        "positive"
    ],
    "Manahawkin  () .": [
        "None",
        "neutral"
    ],
    "SS Slider Header Waves no logoWELCOME TO \nSURFSIDE CASUAL FURNITURESTORE  LOCATIONSSpring FurnishingsNOW IS THE TIME TO FALL FURNISHINGSSpring FurnishingsITEMS & READY TO SHIPBassetts FabricsLET SURFSIDE CASUAL DESIGN CREATE CUSTOM FURNITUREPolywood SlideVISIT SURFSIDE CASUAL FURNITURE FOR IN-OUTDOOR FURNITURE \nDISTINCT TASTE, Surfside Casual Furniture is the largest full-service custom furniture design and home furnishings store in the Cape-Atlantic Area.": [
        "None",
        "positive"
    ],
    "We are dedicated to providing free, customized, and dedicated design services, assisting in everything from choosing pieces to match your current lighting to flooring.": [
        "Environmental",
        "positive"
    ],
    "Our approach allows us to provide products in any fabric, color, or finish of your choosing.": [
        "Environmental",
        "neutral"
    ],
    "Stop in today to see our luxury selection offered at affordable prices.": [
        "Social",
        "negative"
    ],
    "Our bottom-up design approach enables us to cater to your unique style and specifications.": [
        "Social",
        "neutral"
    ],
    "From outdoor patio furniture that adds texture and tropical allure, to an eclectic assortment of interior furnishings, Surfside Casual Furniture is your ultimate partner in home design.": [
        "Social",
        "positive"
    ],
    "With us, there\u2019s no limit to what you can create.": [
        "None",
        "neutral"
    ],
    "View Take Enhance your room\u2019s aesthetics and comfort with luxury seating.": [
        "Social",
        "positive"
    ],
    "At Surfside Casual Furniture, we carry premium sofas, sectionals, loveseats, chairs and chaises from a number of trusted brands, including Bassett, Flexsteel, Four Hands, Four Seasons, and C.R.": [
        "None",
        "positive"
    ],
    "Laine.": [
        "None",
        "neutral"
    ],
    "Our design consultants will work closely with you to find a product that suits your space.": [
        "Social",
        "neutral"
    ],
    "From tufted backed sofas to chairs with clean, modern lines, our assortment of high-quality seating will add style, warmth, and character to any space.": [
        "Social",
        "positive"
    ],
    "Upholstered in plush fabrics and featuring intricate details, our high-end chairs offer optimal comfort without sacrificing style.": [
        "Social",
        "positive"
    ],
    "Maximize relaxation in your living room or add a pleasant seating area to your home office.": [
        "Social",
        "positive"
    ],
    "The options are endless.": [
        "None",
        "neutral"
    ],
    "Kick back, relax and enjoy the superior comfort and style of our seats.": [
        "Social",
        "positive"
    ],
    "Are you looking for affordable home design and decor options?": [
        "Social",
        "neutral"
    ],
    "Look no further than Surfside Casual Furniture!": [
        "Social",
        "negative"
    ],
    "We offer the largest selection of interior design and home furnishings in the Cape-Atlantic Area.": [
        "None",
        "neutral"
    ],
    "Looking for help with product customization for your bedroom, living room, dining room or mattress selection?": [
        "Social",
        "positive"
    ],
    "Our team of qualified furniture designer experts will assist you with everything you need to make your house a home you will love \u2014 from furniture, decor to much more!": [
        "Social",
        "positive"
    ],
    "The Surfside Casual Team can help you find your interior and exterior design inspiration and help turn any living space into a snapshot right out of a magazine.": [
        "Social",
        "positive"
    ],
    "From indoor coziness to outdoor fun, Surfside Casual Furniture transforms the backdrop to our lives, our home, with the help of furniture tailored to your taste.": [
        "Social",
        "positive"
    ],
    "Stop by our showroom today to learn more!": [
        "Social",
        "negative"
    ],
    "Make a statement with our bold living room designs or bring a softer tone into your charming abode.": [
        "Social",
        "positive"
    ],
    "Customize fabric, patterns and other styles to make your space feel more like you, but just as inviting for others.": [
        "Environmental",
        "positive"
    ],
    "Surfside Casual Furniture offers functionality, along with stylish and durable options for any theme.": [
        "Social",
        "positive"
    ],
    "From luxurious loveseats to statement seats, our distinctive furniture will make you never want to leave your living room.": [
        "Social",
        "neutral"
    ],
    "And with our ability to create customized designs that embody your style, your home will become a sophisticated sanctuary you adore.": [
        "Social",
        "positive"
    ],
    "Just because this is the place where we rest our heads at night, doesn\u2019t mean it needs to have a style that puts you to sleep.": [
        "Social",
        "neutral"
    ],
    "Turn your bedroom into a cozy retreat with our eye catching designs \u2013 giving yourself the escape you\u2019ve always dreamed of.": [
        "Social",
        "positive"
    ],
    "Find lighting, mattresses, headboards, bed frames, bedroom sets and so much more right at Surfside Casual Furniture.": [
        "Environmental",
        "positive"
    ],
    "Our bedroom collection boasts rich textures, tufting, and curvaceous lines.": [
        "Environmental",
        "positive"
    ],
    "Create dreamy designs that feature timeless style.": [
        "None",
        "positive"
    ],
    "At Surfside Casual Furniture, your bedroom will be anything but boring.": [
        "Environmental",
        "negative"
    ],
    "Your kitchen and dining room are the heart of your home.": [
        "Social",
        "neutral"
    ],
    "It\u2019s where we come to gather for meals, celebrations and even learning.": [
        "Social",
        "neutral"
    ],
    "Even with all of the hustle and bustle, we can help you create a relaxed ambience.": [
        "Environmental",
        "positive"
    ],
    "From functional, fashionable tables and comfy chairs, to gorgeous center pieces and wall art, our dining room d\u00e9cor and furniture will transform your space into a haven of happiness.": [
        "Social",
        "positive"
    ],
    "Eat, relax and socialize in style.": [
        "Social",
        "positive"
    ],
    "Your outdoor spaces can be your great escape from the realities of the hustle and bustle.": [
        "Environmental",
        "positive"
    ],
    "It\u2019s where we now come to gather as a safe space, for celebrations, for relaxation and so much more.": [
        "Social",
        "positive"
    ],
    "We can help you create your own personal oasis \u2013 in stock and ready to be delivered right to your backyard.": [
        "Social",
        "positive"
    ],
    "Load More...": [
        "None",
        "neutral"
    ],
    "Follow GET NEW PRODUCTS AND PROMOTIONS IN Success!": [
        "None",
        "positive"
    ],
    "Surfside Casual Furniture Stores are premiere family owned local South Jersey furniture stores that offers the largest selection of interior and exterior furnishings along with accessories and d\u00e9cor for every room in your home.": [
        "None",
        "positive"
    ],
    "Somers Point,  ..\n\u00a0  NJ Route 72Manahawkin, NJ 08052 ..\n \nSurfside Casual Furniture Stores are premiere family owned local South Jersey furniture stores that offers the largest selection of interior and exterior furnishings along with accessories and d\u00e9cor for every room in your home.": [
        "None",
        "positive"
    ],
    "Somers Point,  ..\n\u00a0  NJ Route 72Manahawkin, NJ 08052 ..\n \n\u00a9  Surfside Casual Furniture | Site Design by": [
        "Social",
        "positive"
    ]
}