{
    "\nPublic Works | Stafford Township,  \nSkip to  \n \n \n \n \n \n \n \n \n \nHow Do I... \n\r\n\r\nPublic Works\t\t\nA Message From the Superintendent \nThe Stafford Township Department of Public Works welcomes you.": [
        "Social",
        "positive"
    ],
    "As you review the information contained in this website, you will find the various services this department offers.": [
        "None",
        "neutral"
    ],
    "In addition, you will find a brief explanation on each division and who to contact when you have questions regarding these services.": [
        "None",
        "neutral"
    ],
    "The department's mission, vision, and value statements provide a set of guiding principles for our employees.": [
        "Governance",
        "positive"
    ],
    "We will continue to perform our duties in a well-planned, efficient, and professional manner making it possible for you to enjoy the high quality of services you have come to know and expect.": [
        "Social",
        "positive"
    ],
    "You will find this website depicts the many services we provide on a daily basis for those who live, work, and visit our community.": [
        "Social",
        "neutral"
    ],
    "Many of these services are vital to the health and well-being of our residents.": [
        "Social",
        "positive"
    ],
    "Divisions  \nThe Department of Public Works includes 5 separate divisions:\n  Sanitation/ Transportation (Dial-A-Ride)\n Other services include:\n Clean Communities Program Coordination: To learn more about this program please click here:\u00a0Clean Communities Program \u00a0\nGypsy Moth Control  Limited   Stormwater Management  \n \n \nOur Mission \nTo furnish proactive services of exceptionally high quality while maintaining a clean, safe and healthy environment for our residents and visitors; assuring the most practical, cost effective and environmentally positive approaches in all aspects of our Public Works Department.": [
        "Social",
        "positive"
    ],
    "Our proficient and trained personnel are prepared to serve our community on the team of first responders in emergency situations.": [
        "Social",
        "negative"
    ],
    "Our Vision \nA conviction to satisfy the desires and merit the trust of residents and vacationers with professional and courteous service incorporating a superior workforce with the capability to recognize and execute the most efficient practices to support our enthusiasm and to be admired and respected as the best Public Works Department in the state.": [
        "Social",
        "positive"
    ],
    "Our Core Value Statement \nAccomplished Tactics \nAssessing and pinpointing the abilities and specific talents of personnel to compose our specialized divisions in an effort to accomplish our mission.": [
        "Social",
        "positive"
    ],
    "Trustworthy \nA high level of expectations, principles and ethics insure a responsible and honest department.": [
        "Governance",
        "positive"
    ],
    "Promise \nExceptional service, commitment to legal compliance and dedication to resident needs and satisfaction.": [
        "Social",
        "positive"
    ],
    "Professional & Educated Workforce \nUp to date educational training for safety, skill and emergency response to keep personnel efficient, resourceful and well-organized.": [
        "Social",
        "positive"
    ],
    "Teamwork & maintain a safe, optimistic and organized commitment of to accomplish our common goal of a higher quality of life residents while adapting and resolving challenging differences.": [
        "Social",
        "positive"
    ],
    "Email  Manahawkin, Phone: --\nFax: --\n\r\n\t\t\t\t\tGeorge  Yockachonis\r\n\t\t\t\t\t\r\n\t\t\t\t\nSuperintendent of Email \n\r\n\t\t\t\t\tJeff Schilling\r\n\t\t\t\t\t\r\n\t\t\t\t\nAssistant Superintendent of Email \n\r\n\t\t\t\t\tAmanda Lange\r\n\t\t\t\t\t\r\n\t\t\t\t\nPrincipal Clerk Typist \nEmail \nPhone: --, ext.": [
        "None",
        "neutral"
    ],
    "Jillian Bonnell\r\n\t\t\t\t\t\r\n\t\t\t\t\nPhone: --, ext.": [
        "None",
        "neutral"
    ],
    "Buildings & Dial Fertilizer Use in Sanitation / Vehicle Bulk Trash Drop-Adopt-A-Adopt-A- \n \nReport Stafford Stafford Emergency Notification System CodeRed Reverse 911Registration\u00a0\nArea MapsView property maps &  \n \n \n \nFrequently Is it necessary call the Public Works office to schedule a bulk, metal, brush or leaf collection?": [
        "Social",
        "negative"
    ],
    "What can I put to the curb for collection on my zone week?": [
        "Environmental",
        "neutral"
    ],
    "How do I dispose of old carpeting since Public Works does not collect it at the curb?": [
        "Environmental",
        "neutral"
    ],
    "Are there any restrictions on wood left for collection?": [
        "Environmental",
        "neutral"
    ],
    "/FAQ.": [
        "None",
        "neutral"
    ],
    "Tax Water & /QuickLinks.": [
        "None",
        "neutral"
    ],
    "East Bay Avenue \u00a0 \u00a0 \u00a0 \u00a0 \u00a0 \u00a0 \u00a0Manahawkin, NJ 08050 \u00a0 \u00a0 \u00a0 \u00a0 \u00a0 \u00a0 \u00a0Phone: -- \u00a0 \u00a0 \u00a0 \u00a0 \u00a0 \u00a0 \u00a0Fax: -- \u00a0 \u00a0 \u00a0 \u00a0 \u00a0 \u00a0 \u00a0 \n  \n \nTerms Government Websites by CivicPlus\u00ae\n/QuickLinks.": [
        "None",
        "neutral"
    ],
    "Loading\r\n\t\t\t\nDo Not   \n[]\nSlideshow Slideshow": [
        "None",
        "neutral"
    ]
}