{
    "\nMunicipal Clerk | Stafford Township,  \nSkip to  \n \n \n \n \n \n \n \n \n \nHow Do I... \n\r\n\r\nMunicipal Clerk\t\t\nApplications & Block Board Food Truck Garage Sale \nLGCCC LGCCC Marriages/Re-No OPRA Peddling Road Vital Records (Espanol)\n \n \nSome of the primary responsibilities of the Municipal Clerk that do not vary from municipality to municipality are: \u00a0 \u00a0Administrative Officer (licenses, searches, public information)Chief Administrative Officer of Elections within the MunicipalityChief Registrar of Voters within the MunicipalitySecretary to the Governing BodySecretary to the Municipal CorporationStafford Township the Municipal Clerk\u2019s Office is also responsible for the following:ComplaintsFood Handler\u2019s LicenseInsurance matters (liability and property loss)Landlord Filing StatementsLawsuitsLicensing of all types of Alcoholic Beverages/inquiries or renewalsMunicipal Complex Meeting Room schedulingOPRA requestsParade PermitsRaffles and Bingo LicensesReprints of Ordinances and ResolutionsSolicitation PermitsTaxicabs and LimousinesTownship Code BookVendor and Peddler LicensesYard SalesZoning MapsApplications for Marriages/ Re- Marriages, Civil Unions or Domestic Partnerships are scheduled Monday- Friday.The earliest appointment is 9: am and the latest is 3: pm Monday \u2013 Thursday and Friday 3: pm.Applicants must present valid photo Identification (driver\u2019s license or passport) and proof of address.If the applicants reside in Stafford Township or are from another state and are getting married in Stafford Township the applicants will apply in Stafford Township.At the time of the appointment, one witness will be required with valid photo identification, the witness can not be the person performing the service.Please be advised, there is a  hour waiting period from the date and the time of the application before a license can be released.Stafford Township office of Vital Statistics maintains vital records for Stafford Township only.Types of RecordsBirths, Civil Unions, Deaths, Domestic Partnerships and Marriages.Vital records are confidential and not accessible to the public.": [
        "Social",
        "positive"
    ],
    "As per State Law, the Registrar can issue a vital record to individuals entitled to the record and documentary proof of their relationship must be established.": [
        "Governance",
        "positive"
    ],
    "Once the relationship is verified, there is a 24hour processing time for all certified copies requested.": [
        "Social",
        "neutral"
    ],
    "Certified copies can be mailed or picked up from the Registrar\u2019s office.If further assistance is needed, please feel free to contact the Registrar atVicki Furmanek, CMRRegistrar of Vital StatisticsStafford TownshipClerk\u2019s Office609-- ext.": [
        "Social",
        "positive"
    ],
    "PDF\u00a0P\u00a0PDF\u00a0 \n \n \n \n \n \n \n \n \n \n\r\n\t\t\tSusan Phone: --, ext.": [
        "None",
        "neutral"
    ],
    "Vicki Phone: --, ext.": [
        "None",
        "neutral"
    ],
    "Sarah Norman\r\n\t\t\t\r\n\t\t\nAlternate Phone: --, ext.": [
        "None",
        "neutral"
    ],
    "Report Stafford Stafford Emergency Notification System CodeRed Reverse 911Registration\u00a0\nArea MapsView property maps &  \n \n \n \nFrequently Is it necessary call the Public Works office to schedule a bulk, metal, brush or leaf collection?": [
        "Social",
        "negative"
    ],
    "What can I put to the curb for collection on my zone week?": [
        "Environmental",
        "neutral"
    ],
    "How do I dispose of old carpeting since Public Works does not collect it at the curb?": [
        "Environmental",
        "neutral"
    ],
    "Are there any restrictions on wood left for collection?": [
        "Environmental",
        "neutral"
    ],
    "/FAQ.": [
        "None",
        "neutral"
    ],
    "Tax Water & /QuickLinks.": [
        "None",
        "neutral"
    ],
    "East Bay Avenue \u00a0 \u00a0 \u00a0 \u00a0 \u00a0 \u00a0 \u00a0Manahawkin, NJ 08050 \u00a0 \u00a0 \u00a0 \u00a0 \u00a0 \u00a0 \u00a0Phone: -- \u00a0 \u00a0 \u00a0 \u00a0 \u00a0 \u00a0 \u00a0Fax: -- \u00a0 \u00a0 \u00a0 \u00a0 \u00a0 \u00a0 \u00a0 \n  \n \nTerms Government Websites by CivicPlus\u00ae\n/QuickLinks.": [
        "None",
        "neutral"
    ],
    "Loading\r\n\t\t\t\nDo Not   \n[]\nSlideshow Slideshow": [
        "None",
        "neutral"
    ]
}