{
    "\nStafford Township, NJ |  \nSkip to  \n \n \n \n \n \n \n \nHow Do I...\r\n\r\n\u00a0 \u00a0 \u00a0 \u00a0 \u00a0 \u00a0 \u00a0 \u00a0 \u00a0 \u00a0 \u00a0 \u00a0 \u00a0 \u00a0 \u00a0 \u00a0 \u00a0 \u00a0\t\t\n\u00a0 \u00a0 \u00a0Quick Links:Neptune Basin Expansion Project - Environmental AssessmentSDL Portal2024 Municipal Budget InformationLibrary & Grant InformationFlood Mitigation Assistance\u00a0The State Low Income Household Water Assistance Program (LIHWAP) can help you pay arrears for your water and sewer bills.": [
        "Environmental",
        "positive"
    ],
    "The program may also be able to help address tax liens due to water and sewer arrears.": [
        "Environmental",
        "positive"
    ],
    "To get more information and apply, go to waterassistance.nj.gov or call NJ211.": [
        "Social",
        "neutral"
    ],
    "(Download PDF) \u00a0(Download PDF) \u00a0(Download PDF) \u00a0(Download PDF) \u00a0(Download PDF) \u00a0(Download PDF)\u00a0\u00a0(Download PDF) \u00a0(Download PDF) \u00a0(Download PDF) \u00a0(Download PDF)\u00a0\u00a0(Download PDF)\u00a0Low-Income Household Water Assistance Program (LIHWAP)Public Notice Stafford Elevations Project\u00a0 \u00a0\u00a0\n \n \n \nReport Stafford Stafford Emergency Notification System CodeRed Reverse 911Registration\u00a0\nArea MapsView property maps &  \n \n \nCalendar  \n \n \nWed, Jul.": [
        "Social",
        "negative"
    ],
    "Planning Tue, Jul.": [
        "None",
        "neutral"
    ],
    "Town Wed, Jul.": [
        "None",
        "neutral"
    ],
    "Zoning Board of Wed, Jul.": [
        "Governance",
        "neutral"
    ],
    "Planning Thu, Aug. 1  \nHistoric Preservation Commission \n/Calendar.": [
        "Social",
        "neutral"
    ],
    "Beach Haven West Sanitary Sewer Replacement Project - Phase 6 \nRead on...\nLEAD BASED PAINT INSPECTIONS IN RENTAL DWELLING UNITS: \nRead on...\nStafford Township's New Terra Cycle Programs!": [
        "Environmental",
        "positive"
    ],
    "Exciting news!": [
        "None",
        "positive"
    ],
    "Stafford Township is thrilled to offer new recycling programs through TerraCycle, making it easier than ever for residents to recycle non-donatable baby and kid clothes, personal care products, and hair care tools!": [
        "Environmental",
        "positive"
    ],
    "Read on...\nStafford Township Received Healthy Town Designation \n\r\nThe New Jersey Health Care Quality Institute today announced the Mayors Wellness Campaign \u201cHealthy Town\u201d winners for .": [
        "Social",
        "positive"
    ],
    "Read on...\nUpdate from Atlantic City Electric \n\r\nAtlantic City Electric recently shared an update regarding recent Ocean County bills.": [
        "None",
        "positive"
    ],
    "Stafford Township Featured in We Love City Health February Newsletter \n\r\nThe Township of Stafford was featured in the most recent City Health Dashboard Newsletter, We Love City Health!": [
        "Social",
        "positive"
    ],
    "Click the link provided to to access the Newsletter.": [
        "None",
        "neutral"
    ],
    "Additional Info...\nResilient Stafford Action Plan: A Roadmap to Climate Resilience \nRead on...": [
        "Environmental",
        "neutral"
    ],
    "DOT Traffic Advisory \nResilient Stafford: Mud City Resilience and Ecological Enhancement Plan \n\r\nThe Township, along with Ramboll and Owen, Little, and Associates recently hosted the Resilient Stafford: Mud City Resilience and Ecological Enhancement Plan via Zoom.": [
        "Environmental",
        "neutral"
    ],
    "Please see below for the recorded Zoom sessions and presentation.": [
        "None",
        "positive"
    ],
    "Read on...\nWater Quality Workshop \n\r\nOn Monday, August ,  Mayor Myhre, Township Council and Township residents were treated to a Water Quality Workshop presented by students from MATES and Save Barnegat Bay.": [
        "Environmental",
        "positive"
    ],
    "Read on...\n/CivicAlerts.": [
        "Social",
        "neutral"
    ],
    "Click Below For Personalized Trash/ \n \n \nCLICK HERE on how to recycling plastic bags.": [
        "Environmental",
        "neutral"
    ],
    "Report A Street Home Mayor & Meeting Agendas & Stafford Township Emergency Report Adopt-A-Council Meeting Ocean County /QuickLinks.": [
        "Social",
        "negative"
    ],
    "Frequently Is it necessary call the Public Works office to schedule a bulk, metal, brush or leaf collection?": [
        "Environmental",
        "neutral"
    ],
    "What can I put to the curb for collection on my zone week?": [
        "Environmental",
        "neutral"
    ],
    "How do I dispose of old carpeting since Public Works does not collect it at the curb?": [
        "Environmental",
        "neutral"
    ],
    "Are there any restrictions on wood left for collection?": [
        "Environmental",
        "neutral"
    ],
    "/FAQ.": [
        "None",
        "neutral"
    ],
    "Tax Water & /QuickLinks.": [
        "None",
        "neutral"
    ],
    "East Bay Avenue \u00a0 \u00a0 \u00a0 \u00a0 \u00a0 \u00a0 \u00a0Manahawkin, NJ 08050 \u00a0 \u00a0 \u00a0 \u00a0 \u00a0 \u00a0 \u00a0Phone: -- \u00a0 \u00a0 \u00a0 \u00a0 \u00a0 \u00a0 \u00a0Fax: -- \u00a0 \u00a0 \u00a0 \u00a0 \u00a0 \u00a0 \u00a0 \n  \n \nTerms Government Websites by CivicPlus\u00ae\n/QuickLinks.": [
        "None",
        "neutral"
    ],
    "Loading\r\n\t\t\t\nDo Not   \n[]\nSlideshow Slideshow": [
        "None",
        "neutral"
    ]
}