{
    "\nPet License Application  | Stafford Township,  \nSkip to  \n \n \n \n \n \n \n \n \n \nHow Do I... \nHomeDepartmentsAnimal ControlPet License Application \n\r\n\r\nPet License Application \t\t\n  \n \n   \n \n \n \n\u00a0 \u00a0 \u00a0 \u00a0 \u00a0 \u00a0 \u00a0 \u00a0 \u00a0 \u00a0 \u00a0 \u00a0 \u00a0 \u00a0 \u00a0 \u00a0 \u00a0 \u00a0 \u00a0 \u00a0 \u00a0 \u00a0 \u00a0 \u00a0 \u00a0 \u00a0 \u00a0 \u00a0 \u00a0 \u00a0 \u00a0 \u00a0 \u00a0 \u00a0 \u00a0\u00a0 \u00a0 \u00a0 \u00a0 \u00a0 \u00a0 \u00a0 \u00a0 \u00a0 \u00a0 \u00a0 \u00a0 \u00a0 \u00a0 \u00a0 \u00a0 \u00a0 \u00a0 \u00a0 \u00a0 \u00a0 \u00a0 \u00a0 \u00a0 \u00a0 \u00a0 \u00a0 \u00a0 \u00a0 \u00a0 \u00a0 \u00a0 \u00a0 \u00a0APPLICATION FOR DOG OR CAT LICENSE\u00a0 \u00a0 \u00a0 \u00a0 \u00a0 \u00a0 \u00a0 \u00a0 \u00a0 \u00a0 \u00a0 \u00a0 \u00a0 \u00a0 \u00a0 \u00a0 \u00a0 \u00a0 \u00a0 \u00a0 \u00a0 \u00a0 \u00a0 \u00a0 \u00a0 \u00a0 \u00a0 \u00a0 \u00a0 \u00a0 \u00a0 \u00a0 \u00a0 \u00a0 \u00a0 \u00a0 \u00a0 \u00a0 \u00a0 \u00a0 \u00a0 \u00a0 \u00a0 \u00a0 \u00a0\u00a0\n \n \n \nPlease click the link below to print out our pet license application.": [
        "Social",
        "positive"
    ],
    "pet  \n \n  \n \nApplications can be mailed to  East Bay Ave. Manahawkin NJ 08050 Attention: Animal ControlThe  Licensing fee is $ for Spayed & Neutered Pets\u00a0 \u00a0 \u00a0 \u00a0 \u00a0 \u00a0 \u00a0 \u00a0 \u00a0 \u00a0 \u00a0 \u00a0 \u00a0 \u00a0 \u00a0 \u00a0 \u00a0 \u00a0 \u00a0 \u00a0 \u00a0 \u00a0 \u00a0 \u00a0$ for Un-altered Pets\u00a0Payments can be made in the form of cash or check.": [
        "Social",
        "neutral"
    ],
    "Checks should be made payable to the Township of Stafford.": [
        "Governance",
        "neutral"
    ],
    "Report Stafford Stafford Emergency Notification System CodeRed Reverse 911Registration\u00a0\nArea MapsView property maps &  \n \n \n \nFrequently Is it necessary call the Public Works office to schedule a bulk, metal, brush or leaf collection?": [
        "Social",
        "negative"
    ],
    "What can I put to the curb for collection on my zone week?": [
        "Environmental",
        "neutral"
    ],
    "How do I dispose of old carpeting since Public Works does not collect it at the curb?": [
        "Environmental",
        "neutral"
    ],
    "Are there any restrictions on wood left for collection?": [
        "Environmental",
        "neutral"
    ],
    "/FAQ.": [
        "None",
        "neutral"
    ],
    "Tax Water & /QuickLinks.": [
        "None",
        "neutral"
    ],
    "East Bay Avenue \u00a0 \u00a0 \u00a0 \u00a0 \u00a0 \u00a0 \u00a0Manahawkin, NJ 08050 \u00a0 \u00a0 \u00a0 \u00a0 \u00a0 \u00a0 \u00a0Phone: -- \u00a0 \u00a0 \u00a0 \u00a0 \u00a0 \u00a0 \u00a0Fax: -- \u00a0 \u00a0 \u00a0 \u00a0 \u00a0 \u00a0 \u00a0 \n  \n \nTerms Government Websites by CivicPlus\u00ae\n/QuickLinks.": [
        "None",
        "neutral"
    ],
    "Loading\r\n\t\t\t\nDo Not   \n[]\nSlideshow Slideshow": [
        "None",
        "neutral"
    ]
}