{
    "\nWater Service | Stafford Township,  \nSkip to  \n \n \n \n \n \n \n \n \n \nHow Do I... \nHomeDepartmentsBuilding  \r\n\r\nWater Service\t\t\nInstallation of  Provide this department with approval from the Stafford Water and Sewer Department to connect to the public water system.": [
        "Environmental",
        "positive"
    ],
    "They are located on the first floor of the Stafford Municipal Complex and may be reached at --.": [
        "None",
        "positive"
    ],
    "Fill out the Construction Permit Application (PDF), Section l, Identification and the Certification in Lien of Oath Section I or II.": [
        "None",
        "neutral"
    ],
    "Fill out Plumbing Subcode (Blue Form) (PDF) Technical Section A, Identification - Applicant, Section B, Plumbing Characteristics, Section C, certification (signature required), and Section D, Technical Site Data.": [
        "Social",
        "neutral"
    ],
    "Submit application package in its entirety to the Department of Building Inspections.": [
        "None",
        "neutral"
    ],
    "A permit can be issued at the counter.": [
        "None",
        "neutral"
    ],
    "The fee is $ for each water and sewer permit.": [
        "Environmental",
        "neutral"
    ],
    "The trench shall be dug from meter box to the house and all piping shall be installed.": [
        "None",
        "neutral"
    ],
    "Disconnect well, then connect public water system and turn the water on.": [
        "Environmental",
        "positive"
    ],
    "Only hose bib connections may be connected to the well that has not been determined \u201cwell restricted\u201d by the D.E.P.": [
        "Social",
        "neutral"
    ],
    "Call to schedule an inspection before 3 p.m. at --, ext.": [
        "Social",
        "neutral"
    ],
    "and you will be scheduled for inspection on the next available working day.": [
        "Social",
        "neutral"
    ],
    "The water service must be exposed for all inspections.": [
        "None",
        "negative"
    ],
    "After your inspection is approved, the trench may be backfilled.": [
        "Environmental",
        "positive"
    ],
    "Safety is the responsibility of the homeowner and their contractor.": [
        "Social",
        "positive"
    ],
    "A temporary fence should be provided around any open trenches.": [
        "Environmental",
        "neutral"
    ],
    "A \u201cDry Water Line\u201d is a future water service requiring a permit and an inspection.": [
        "Environmental",
        "neutral"
    ],
    "Follow steps 2 through 5 mentioned above for a separate \u201cWater Service\u201d permit.": [
        "Environmental",
        "neutral"
    ],
    "National Standard Plumbing Code \n  Depth of water service to be \u201d minimum measured from top of pipe to grade.": [
        "Environmental",
        "positive"
    ],
    "2.6.6 An insulated copper tracer wire shall be installed adjacent to underground non-metallic water service piping, to facilitate finding.": [
        "Environmental",
        "neutral"
    ],
    "One end shall be brought above ground inside or outside the building wall and the end shall originate at the curb.": [
        "Environmental",
        "neutral"
    ],
    "The tracer wire shall be no less than  AWG any color except yellow may be used.": [
        "Environmental",
        "negative"
    ],
    "2.6.8 A plastic fence or equal barrier around any trench, ditch or holes.": [
        "Environmental",
        "negative"
    ],
    "Posts to support barriers are to placed four feet.": [
        "Environmental",
        "positive"
    ],
    "Plastic tape reading \u201cCaution\u201d will not be accepted.": [
        "Environmental",
        "negative"
    ],
    "Failure to comply will subject you to immediate penalty assessment and fines.": [
        "None",
        "negative"
    ],
    ".2 Identification of non-potable water such as hose bibs connected to a well that has not been determined to be \u201cwell restricted\u201d by the D.E.P., must be posted with a sign stating: Danger -(red background)- Unsafe Water - Do Not Drink.": [
        "Environmental",
        "negative"
    ],
    ".6.1 Separation of water service and building sewer to be 1 foot horizontally.": [
        "Environmental",
        "neutral"
    ],
    ".6.2 Water service near pollution to have a  foot separation from under or above cesspools, septic tanks, septic tank drainage fields or drainage pits.": [
        "Environmental",
        "neutral"
    ],
    ".6.4 Water service pipe through wall shall have a 5 foot sleeve to protect the pipe, caulked and sealed waterproof.": [
        "Environmental",
        "positive"
    ],
    ".6.5 Water service sizing not to be less than \u00be\u201d nominal diameter for one bath and kitchen.": [
        "Environmental",
        "neutral"
    ],
    "Not less than one-inch diameter pipe up to 2 \u00bd bathrooms.": [
        "Environmental",
        "neutral"
    ],
    ".2 Building valve is a gate valve with bleed or other full-way valve with bleed and readily accessible within five feet of the crawl space entrance or first floor closet or cabinet.": [
        "Environmental",
        "neutral"
    ],
    ".6 Excessive water pressures that exceed  psi requires an approved pressure- reducing valve.": [
        "Environmental",
        "negative"
    ],
    "Check with the Stafford Township Water and Sewer Department for static pressure in your area.": [
        "Environmental",
        "negative"
    ],
    ".7 Thermal expansion control tanks or equal are required for all installations due to check valves in water meters Exceptions: Instantaneous water heaters.": [
        "Environmental",
        "neutral"
    ],
    ".1 Water service exposed completely for inspection.": [
        "Environmental",
        "negative"
    ],
    "Where such work has been covered or concealed before it was tested and approved, it shall be exposed for testing.": [
        "Social",
        "positive"
    ],
    "Report Stafford Stafford Emergency Notification System CodeRed Reverse 911Registration\u00a0\nArea MapsView property maps &  \n \n \n \nFrequently Is it necessary call the Public Works office to schedule a bulk, metal, brush or leaf collection?": [
        "Social",
        "negative"
    ],
    "What can I put to the curb for collection on my zone week?": [
        "Environmental",
        "neutral"
    ],
    "How do I dispose of old carpeting since Public Works does not collect it at the curb?": [
        "Environmental",
        "neutral"
    ],
    "Are there any restrictions on wood left for collection?": [
        "Environmental",
        "neutral"
    ],
    "/FAQ.": [
        "None",
        "neutral"
    ],
    "Tax Water & /QuickLinks.": [
        "None",
        "neutral"
    ],
    "East Bay Avenue \u00a0 \u00a0 \u00a0 \u00a0 \u00a0 \u00a0 \u00a0Manahawkin, NJ 08050 \u00a0 \u00a0 \u00a0 \u00a0 \u00a0 \u00a0 \u00a0Phone: -- \u00a0 \u00a0 \u00a0 \u00a0 \u00a0 \u00a0 \u00a0Fax: -- \u00a0 \u00a0 \u00a0 \u00a0 \u00a0 \u00a0 \u00a0 \n  \n \nTerms Government Websites by CivicPlus\u00ae\n/QuickLinks.": [
        "None",
        "neutral"
    ],
    "Loading\r\n\t\t\t\nDo Not   \n[]\nSlideshow Slideshow": [
        "None",
        "neutral"
    ]
}