{
    "\nPolice Blotter | Stafford Township,  \nSkip to  \n \n \n \n \n \n \n \n \n \nOur DepartmentPolice ServicesHow Do I\u2026Emergency  \n \n \n \n \n \nHomeDepartmentsPolice DepartmentPolice ServicesTraffic \r\n\r\nPolice Blotter\t\t\nMotorcycle Accident On Route  Causes Lane Closure \n\r\nOn July 6,  at 8:53PM a motorcycle collision occurred on State Highway  near General Grier Blvd.": [
        "Social",
        "negative"
    ],
    "A  Yamaha motorcycle\t\t\t\tRead on...\nJoint Investigation of Prostitution Operation Ends in Arrest of EHT Woman \n\r\nStafford Township, NJ \u2013 June ,  \u2013 Ocean County Prosecutor Bradley D. Billhimer, Barnegat Township Police Chief Jason D. Carroll, and Stafford Township Police Chief James Haldenwang, have announced that on June , , Kani Pe\t\t\t\tRead on...": [
        "Social",
        "negative"
    ],
    "Arrest Made in OA Convenience Store Robbery Investigation \n\r\nStafford Township, NJ \u2013 June ,  \u2013 Following an investigation conducted by the Stafford Township Police Detective Bureau, in conjunction with the New Jersey State Police, Tuckerton Barracks Detective Bureau, Nicholas\t\t\t\tRead on...\n/CivicAlerts.": [
        "Social",
        "negative"
    ],
    "Child Move Low Speed Vehicles (LSV) Electric Scooters / Bikes \nConstruction -  \n \nON-Submit Special  \n \n \n \nFrequently Is it necessary call the Public Works office to schedule a bulk, metal, brush or leaf collection?": [
        "Environmental",
        "positive"
    ],
    "What can I put to the curb for collection on my zone week?": [
        "Environmental",
        "neutral"
    ],
    "How do I dispose of old carpeting since Public Works does not collect it at the curb?": [
        "Environmental",
        "neutral"
    ],
    "Are there any restrictions on wood left for collection?": [
        "Environmental",
        "neutral"
    ],
    "/FAQ.": [
        "None",
        "neutral"
    ],
    "Tax Water & /QuickLinks.": [
        "None",
        "neutral"
    ],
    "East Bay Avenue \u00a0 \u00a0 \u00a0 \u00a0 \u00a0 \u00a0 \u00a0Manahawkin, NJ 08050 \u00a0 \u00a0 \u00a0 \u00a0 \u00a0 \u00a0 \u00a0Phone: -- \u00a0 \u00a0 \u00a0 \u00a0 \u00a0 \u00a0 \u00a0Fax: -- \u00a0 \u00a0 \u00a0 \u00a0 \u00a0 \u00a0 \u00a0 \n  \n \nTerms Government Websites by CivicPlus\u00ae\n/QuickLinks.": [
        "None",
        "neutral"
    ],
    "Loading\r\n\t\t\t\nDo Not   \n[]\nSlideshow Slideshow": [
        "None",
        "neutral"
    ]
}