{
    "\nAdministration | Stafford Township,  \nSkip to  \n \n \n \n \n \n \n \n \n \nHow Do I... \n\r\n\r\nAdministration\t\t\nMatthew von der Hayden, MPA, MBA, CFM, PMPTownship Administrator/ Director of Water & Sewer UtilityCRS (Community Rating Systems) CoordinatorDeputy Emergency Management CoordinatorTownship Deputy Municipal Clerk \u00a0\u00a0Mr. von der Hayden started with Stafford Township in April of  as the Township Administrator/ Director of Water & Sewer.": [
        "Social",
        "negative"
    ],
    "He has experience in finance, project management, and grant writing.": [
        "Social",
        "positive"
    ],
    "He has a Masters of Public Administration (MPA) from Villanova University, Masters of Business Administration (MBA) from Rutgers University with a concentration in Finance and Accounting, and a Bachelor\u2019s of Science Degree in Biological Sciences from Rowan University.": [
        "Social",
        "neutral"
    ],
    "He also holds several relevant professional certifications.": [
        "Governance",
        "neutral"
    ],
    "Matthew von der Hayden\r\n\t\t\t\t\t\r\n\t\t\t\t\nTownship Administrator/Director of Water & Sewer/ Deputy Clerk \nEmail \n  \n \n \n \nReport Stafford Stafford Emergency Notification System CodeRed Reverse 911Registration\u00a0\nArea MapsView property maps &  \n \n \n \nFrequently Is it necessary call the Public Works office to schedule a bulk, metal, brush or leaf collection?": [
        "Social",
        "negative"
    ],
    "What can I put to the curb for collection on my zone week?": [
        "Environmental",
        "neutral"
    ],
    "How do I dispose of old carpeting since Public Works does not collect it at the curb?": [
        "Environmental",
        "neutral"
    ],
    "Are there any restrictions on wood left for collection?": [
        "Environmental",
        "neutral"
    ],
    "/FAQ.": [
        "None",
        "neutral"
    ],
    "Tax Water & /QuickLinks.": [
        "None",
        "neutral"
    ],
    "East Bay Avenue \u00a0 \u00a0 \u00a0 \u00a0 \u00a0 \u00a0 \u00a0Manahawkin, NJ 08050 \u00a0 \u00a0 \u00a0 \u00a0 \u00a0 \u00a0 \u00a0Phone: -- \u00a0 \u00a0 \u00a0 \u00a0 \u00a0 \u00a0 \u00a0Fax: -- \u00a0 \u00a0 \u00a0 \u00a0 \u00a0 \u00a0 \u00a0 \n  \n \nTerms Government Websites by CivicPlus\u00ae\n/QuickLinks.": [
        "None",
        "neutral"
    ],
    "Loading\r\n\t\t\t\nDo Not   \n[]\nSlideshow Slideshow": [
        "None",
        "neutral"
    ]
}