{
    "\nStafford Township \u00a0\nThe Old ()\nStafford Township  Stafford Township:  - Stafford Township was chartered on March 3, .": [
        "Social",
        "neutral"
    ],
    "Up until then, the land had been part of Shrewsbury Township, Monmouth County.": [
        "None",
        "neutral"
    ],
    "Stafford included all land now belonging to Waretown, Barnegat and much of the area south of present day Stafford, including Eagleswood.": [
        "Social",
        "neutral"
    ],
    "Also included was a large part of Long Beach Island.": [
        "None",
        "neutral"
    ],
    "Our regular meetings are held at 7pm at  North Main St, Manahawkin at the Old Baptist Church on the \n3rd wednesday of every month unless otherwise noted.": [
        "Social",
        "neutral"
    ],
    "Our Facebook page has the most up-to-date meeting information.": [
        "Social",
        "neutral"
    ],
    "Summer Concert Series will be held every Monday, from July ,  to Aug , , at the \nManahawkin Lake Park in front of the new pavilion on the lake in Manahawkin.": [
        "None",
        "neutral"
    ],
    "Parking is available at the park entrance on \nNorth Lakeshore Drive next to the Old Baptist Church.": [
        "Social",
        "neutral"
    ],
    "Concerts start at 7 PM and go until 9 PM.": [
        "Social",
        "neutral"
    ],
    "Concerts are free but a $ donation is encouraged.": [
        "Social",
        "positive"
    ],
    "Note:  concert sponsorships are still available!": [
        "None",
        "neutral"
    ],
    "Cedar Bridge Tavern LocationView Products Afghan  of Stafford Township historic sites.$\n\"Stafford Chronicles\" - a history of Stafford Township in pictures and stories.": [
        "Social",
        "neutral"
    ],
    "(hardcover)$\n\"Fighting to be Heard\" - New Jersey's place in the history of the United States - by Thomas P Farner.": [
        "Social",
        "positive"
    ],
    "(hardcover)$\n\"The Great March Storm \" - a  pictorial of the damage wrought by an April Nor'Easter - by Ocean County Sun.": [
        "Environmental",
        "positive"
    ],
    "(softcover)$\nTo order yours today, give us your name, address, along with a check or M.O.": [
        "Social",
        "neutral"
    ],
    "made out to Stafford Township Historical Society, and mail it to:\nStafford Township Box \nManahawkin, some Local History": [
        "Social",
        "neutral"
    ]
}