{
    "\nHow Do I... | Stafford Township,  \nSkip to  \n \n \n \n \n \n \n \n \n \nHow Do I... \nHomeHow Do I...\n\r\n\r\nHow Do I...\t\t\nEmployment Opportunities \nGarage Sale Application (PDF) \n \nDial-A-Ride \nEmergency Numbers \nMayor's Office \nPolice Department \nTownship Staff \nADA Grievance Council Meeting Videos \nFlood Information \nMunicipal Meeting Dates \nRecreation Programs \nRecycling & Trash Schedule \nTax Payment Due Date \nTax Sale Information \nTownship Code Book \nTownship Municipal Budget \nZoning Information \n \nReport a Street  \nSign Arbor Day Contest \nCrash Reports \nFood / Shelter Assistance \nNotifications \nWater & Sewer My Water & Sewer Bill \nStreet or Area Light Outage Report \n \nTax  \nChange  \n \n \n \n \n \nReport a Street Sign Tax Change  \n \nReport Stafford Stafford Emergency Notification System CodeRed Reverse 911Registration\u00a0\nArea MapsView property maps &  \n \n \n \nFrequently Is it necessary call the Public Works office to schedule a bulk, metal, brush or leaf collection?": [
        "Social",
        "negative"
    ],
    "What can I put to the curb for collection on my zone week?": [
        "Environmental",
        "neutral"
    ],
    "How do I dispose of old carpeting since Public Works does not collect it at the curb?": [
        "Environmental",
        "neutral"
    ],
    "Are there any restrictions on wood left for collection?": [
        "Environmental",
        "neutral"
    ],
    "/FAQ.": [
        "None",
        "neutral"
    ],
    "Tax Water & /QuickLinks.": [
        "None",
        "neutral"
    ],
    "East Bay Avenue \u00a0 \u00a0 \u00a0 \u00a0 \u00a0 \u00a0 \u00a0Manahawkin, NJ 08050 \u00a0 \u00a0 \u00a0 \u00a0 \u00a0 \u00a0 \u00a0Phone: -- \u00a0 \u00a0 \u00a0 \u00a0 \u00a0 \u00a0 \u00a0Fax: -- \u00a0 \u00a0 \u00a0 \u00a0 \u00a0 \u00a0 \u00a0 \n  \n \nTerms Government Websites by CivicPlus\u00ae\n/QuickLinks.": [
        "None",
        "neutral"
    ],
    "Loading\r\n\t\t\t\nDo Not   \n[]\nSlideshow Slideshow": [
        "None",
        "neutral"
    ]
}