{
    "\nEvents | Stafford Township,  \nSkip to  \n \n \n \n \n \n \n \n \n \nHow Do I... \nHomeCommunityCommunity Events & \r\n\r\nEvents\t\t\nStafford Township Farmer's Market @ Manahawkin Lake Festivals &  \n \n \nWed, Jul.": [
        "Social",
        "positive"
    ],
    "Planning Tue, Jul.": [
        "None",
        "neutral"
    ],
    "Town Wed, Jul.": [
        "None",
        "neutral"
    ],
    "Zoning Board of Wed, Jul.": [
        "Governance",
        "neutral"
    ],
    "Planning Thu, Aug. 1  \nHistoric Preservation Commission \nMon, Aug. 5  \nEnvironmental /Calendar.Parks & Stafford Township Arts Center (STAC)\n \n \nReport Stafford Stafford Emergency Notification System CodeRed Reverse 911Registration\u00a0\nArea MapsView property maps &  \n \n \n \nFrequently Is it necessary call the Public Works office to schedule a bulk, metal, brush or leaf collection?": [
        "Environmental",
        "negative"
    ],
    "What can I put to the curb for collection on my zone week?": [
        "Environmental",
        "neutral"
    ],
    "How do I dispose of old carpeting since Public Works does not collect it at the curb?": [
        "Environmental",
        "neutral"
    ],
    "Are there any restrictions on wood left for collection?": [
        "Environmental",
        "neutral"
    ],
    "/FAQ.": [
        "None",
        "neutral"
    ],
    "Tax Water & /QuickLinks.": [
        "None",
        "neutral"
    ],
    "East Bay Avenue \u00a0 \u00a0 \u00a0 \u00a0 \u00a0 \u00a0 \u00a0Manahawkin, NJ 08050 \u00a0 \u00a0 \u00a0 \u00a0 \u00a0 \u00a0 \u00a0Phone: -- \u00a0 \u00a0 \u00a0 \u00a0 \u00a0 \u00a0 \u00a0Fax: -- \u00a0 \u00a0 \u00a0 \u00a0 \u00a0 \u00a0 \u00a0 \n  \n \nTerms Government Websites by CivicPlus\u00ae\n/QuickLinks.": [
        "None",
        "neutral"
    ],
    "Loading\r\n\t\t\t\nDo Not   \n[]\nSlideshow Slideshow": [
        "None",
        "neutral"
    ]
}