{
    "\nCommunity | Stafford Township,  \nSkip to  \n \n \n \n \n \n \n \n \n \nHow Do I... \n\r\n\r\nCommunity Events & Find community planning information including calendars, emergency resources, news, and more.": [
        "Social",
        "negative"
    ],
    "Search a listing of businesses and organizations that operate in the area.": [
        "Social",
        "neutral"
    ],
    "History & Discover the history of Stafford Township and recreational activities including local interest sites.": [
        "Social",
        "positive"
    ],
    "Find vital social services including community outreach resources, health, senior, and other select services.": [
        "Social",
        "positive"
    ],
    "Stafford Township Lagoon  \nStafford Police  \n \n \n \n \n \nCommunity Events & History & Stafford Township Lagoon Stafford Police  \n \nReport Stafford Stafford Emergency Notification System CodeRed Reverse 911Registration\u00a0\nArea MapsView property maps &  \n \n \n \nFrequently Is it necessary call the Public Works office to schedule a bulk, metal, brush or leaf collection?": [
        "Social",
        "negative"
    ],
    "What can I put to the curb for collection on my zone week?": [
        "Environmental",
        "neutral"
    ],
    "How do I dispose of old carpeting since Public Works does not collect it at the curb?": [
        "Environmental",
        "neutral"
    ],
    "Are there any restrictions on wood left for collection?": [
        "Environmental",
        "neutral"
    ],
    "/FAQ.": [
        "None",
        "neutral"
    ],
    "Tax Water & /QuickLinks.": [
        "None",
        "neutral"
    ],
    "East Bay Avenue \u00a0 \u00a0 \u00a0 \u00a0 \u00a0 \u00a0 \u00a0Manahawkin, NJ 08050 \u00a0 \u00a0 \u00a0 \u00a0 \u00a0 \u00a0 \u00a0Phone: -- \u00a0 \u00a0 \u00a0 \u00a0 \u00a0 \u00a0 \u00a0Fax: -- \u00a0 \u00a0 \u00a0 \u00a0 \u00a0 \u00a0 \u00a0 \n  \n \nTerms Government Websites by CivicPlus\u00ae\n/QuickLinks.": [
        "None",
        "neutral"
    ],
    "Loading\r\n\t\t\t\nDo Not   \n[]\nSlideshow Slideshow": [
        "None",
        "neutral"
    ]
}