{
    "\nBILLING & COLLECTIONS | Stafford Township,  \nSkip to  \n \n \n \n \n \n \n \n \n \nHow Do I... \nHomeDepartmentsWater & SewerBILLING & \r\n\r\nBILLING & COLLECTIONS\t\t\nOur staff is available by phone, fax or email.": [
        "Social",
        "neutral"
    ],
    "Payments (NO CASH) can be mailed or placed in an envelope and put in the drop box in the municipal building parking lot.": [
        "None",
        "negative"
    ],
    "Water and Sewer payments can also be paid online - Click hereMargaret B. Favorito - Water & Sewer Utility CollectorNichole M. Erdin - Deputy Water & Sewer Utility CollectorDone EditingAshley Serina - Water & Sewer Collection ClerkKelly Ney - Bookkeeper/Clerk\u00a0Brittany Yockachonis - Bookkeeper/Clerk\u00a0\u00a0\u00a0MAILING ADDRESS:STAFFORD TOWNSHIPWATER & SEWER UTILITY260 EAST BAY AVENUEMANAHAWKIN NJ \u00a008050609-- Ext.": [
        "Social",
        "neutral"
    ],
    "8590609-- Fax\u00a0\u00a0Water and Sewer bills are mailed quarterly and due each year on the following dates:JANUARY , APRIL , JULY  AND OCTOBER .PAYMENTS MUST BE RECEIVED BY THE 24TH OF EACH OF THOSE MONTHS TO AVOID INTEREST.ELECTRONIC CHANGE OF  \n \n \n \nReport Stafford Stafford Emergency Notification System CodeRed Reverse 911Registration\u00a0\nArea MapsView property maps &  \n \n \n \nFrequently Is it necessary call the Public Works office to schedule a bulk, metal, brush or leaf collection?": [
        "Social",
        "negative"
    ],
    "What can I put to the curb for collection on my zone week?": [
        "Environmental",
        "neutral"
    ],
    "How do I dispose of old carpeting since Public Works does not collect it at the curb?": [
        "Environmental",
        "neutral"
    ],
    "Are there any restrictions on wood left for collection?": [
        "Environmental",
        "neutral"
    ],
    "/FAQ.": [
        "None",
        "neutral"
    ],
    "Tax Water & /QuickLinks.": [
        "None",
        "neutral"
    ],
    "East Bay Avenue \u00a0 \u00a0 \u00a0 \u00a0 \u00a0 \u00a0 \u00a0Manahawkin, NJ 08050 \u00a0 \u00a0 \u00a0 \u00a0 \u00a0 \u00a0 \u00a0Phone: -- \u00a0 \u00a0 \u00a0 \u00a0 \u00a0 \u00a0 \u00a0Fax: -- \u00a0 \u00a0 \u00a0 \u00a0 \u00a0 \u00a0 \u00a0 \n  \n \nTerms Government Websites by CivicPlus\u00ae\n/QuickLinks.": [
        "None",
        "neutral"
    ],
    "Loading\r\n\t\t\t\nDo Not   \n[]\nSlideshow Slideshow": [
        "None",
        "neutral"
    ]
}