{
    "\nDepartments | Stafford Township,  \nSkip to  \n \n \n \n \n \n \n \n \n \nHow Do I...": [
        "Social",
        "neutral"
    ],
    "Learn about the office of the Mayor and Administrator and general operations for Stafford Township.": [
        "Social",
        "neutral"
    ],
    "Stafford Animal Control Officers and Animal Cruelty Investigators are required to be on call to respond to emergencies  hours a day, 7 days  \nThe Department of Building Inspections is to ensure maintenance of buildings and structures and to adequately protect the health, safety and welfare of all residents.": [
        "Social",
        "positive"
    ],
    "Community Development/The Community Development Department is responsible for various land use related activities throughout the Township.": [
        "Social",
        "positive"
    ],
    "Emergency management officials often view special needs registry development and maintenance from varying perspectives.": [
        "Social",
        "neutral"
    ],
    "The Finance department assists with annual budgeting, city finances, payroll for town employees, and much more.": [
        "Social",
        "neutral"
    ],
    "The Stafford Township Bureau of Fire Prevention is responsible to enforce the New Jersey Uniform Fire Code as a Local Enforcing Agency.": [
        "Social",
        "negative"
    ],
    "The Office of the Municipal Clerk is the custodian of the official records of the Township.": [
        "None",
        "neutral"
    ],
    "The Municipal Court is a quasi-criminal court of limited jurisdiction.": [
        "None",
        "negative"
    ],
    "It is the mission of the Stafford Township Police Department, a local law enforcement agency in southern Ocean County, to protect and serve the general public, residents and visitors alike.": [
        "Social",
        "positive"
    ],
    "Public Works aims to furnish proactive services of exceptionally high quality while maintaining a clean, safe and healthy environment for our residents and visitors.": [
        "Social",
        "positive"
    ],
    "The Purchasing Department\u2019s goal is to provide the highest quality of goods and services needed by all Township departments in a timely basis.": [
        "Social",
        "neutral"
    ],
    "The mission of the Stafford Township Recreation Department is to fulfill the recreational needs of the community and to develop a variety of quality programs that fit and address these needs.": [
        "Social",
        "positive"
    ],
    "The Stafford Township Tax Assessor is governed by State law and regulated by the Director of the Division of Taxation while supervised by the Ocean County Tax Administrator.": [
        "None",
        "neutral"
    ],
    "The Tax Collector is responsible for the billing, collection, reporting and enforcement of taxes.": [
        "None",
        "positive"
    ],
    "Water & The Water and Sewer department's mission is to supply the township residents and businesses with safe and palatable drinking water.": [
        "Environmental",
        "positive"
    ],
    "Report Stafford Stafford Emergency Notification System CodeRed Reverse 911Registration\u00a0\nArea MapsView property maps &  \n \n \n \nFrequently Is it necessary call the Public Works office to schedule a bulk, metal, brush or leaf collection?": [
        "Social",
        "negative"
    ],
    "What can I put to the curb for collection on my zone week?": [
        "Environmental",
        "neutral"
    ],
    "How do I dispose of old carpeting since Public Works does not collect it at the curb?": [
        "Environmental",
        "neutral"
    ],
    "Are there any restrictions on wood left for collection?": [
        "Environmental",
        "neutral"
    ],
    "/FAQ.": [
        "None",
        "neutral"
    ],
    "Tax Water & /QuickLinks.": [
        "None",
        "neutral"
    ],
    "East Bay Avenue \u00a0 \u00a0 \u00a0 \u00a0 \u00a0 \u00a0 \u00a0Manahawkin, NJ 08050 \u00a0 \u00a0 \u00a0 \u00a0 \u00a0 \u00a0 \u00a0Phone: -- \u00a0 \u00a0 \u00a0 \u00a0 \u00a0 \u00a0 \u00a0Fax: -- \u00a0 \u00a0 \u00a0 \u00a0 \u00a0 \u00a0 \u00a0 \n  \n \nTerms Government Websites by CivicPlus\u00ae\n/QuickLinks.": [
        "None",
        "neutral"
    ],
    "Loading\r\n\t\t\t\nDo Not   \n[]\nSlideshow Slideshow": [
        "None",
        "neutral"
    ]
}