{
    "\nConstruction Permits | Stafford Township,  \nSkip to  \n \n \n \n \n \n \n \n \n \nHow Do I... \nHomeDepartmentsBuilding  \r\n\r\nConstruction Permits\t\t\nConstruction Permit Application (PDF)Complete I.": [
        "None",
        "neutral"
    ],
    "Identification block on Page 1Complete Certification in Lieu of Oath on page 2If homeowner is performing the work, complete Owner Section I, items B, C and DIf contractor is performing work, contractor must complete Agent Section II (to be completed if the applicant is not the owner in fee)If applicable, the contractor must have NJ Plumbing Contractors License, NJ Electrical Contractors License and/or Home Improvement Contractors License issued by the state of New Jersey.Complete The Appropriate Technical Subcode ApplicationBuildingTechnical Identification Block, (Section A)Certification in Lieu of Oath, (Section C)Description of Work, (Section D)ElectricalTechnical Identification Block, (Section A)Certification in Lieu of Oath, (Section C)Check either Licensed Electrical Contractor and provide seal or Exempt Applicant (Homeowner) Description of Work, (Section D)PlumbingTechnical Identification Block, (Section A)Certification in Lieu of Oath, (Section C)Check either Licensed Plumbing Contractor and provide seal or Exempt Applicant (Homeowner) Description of Work, (Section D)Fire ProtectionTechnical Identification Block, (Section A)Certification in Lieu of Oath, (Section C)Permits & Inspections When RequiredCircuitsAny altering or rewiring of any circuit.": [
        "None",
        "negative"
    ],
    "Any replacements of a panel service box, meter pan, disconnect electric heat or replacement of equipment.Please fill out Construction Permit Application (PDF) and Electrical Subcode Technical (PDF)Required Inspection On This Item Before CoveringWater Heater / Boiler / Furnace ReplacementsReplacement of hot water heater, boiler, furnace (electric or gas)Please fill out Construction Permit Application (PDF), \u00a0Plumbing Subcode (PDF), and Fire Subcode Technical (PDF) for gas water heater.": [
        "Environmental",
        "negative"
    ],
    "Fill out Construction Permit Application (PDF) and Electrical Subcode Technical (PDF) for electric water heater.Require Final InspectionStructural ChangesReplacement of any structural components of the structure that may occur in roof, walls or floor system.Please fill out a Construction Permit Application (PDF) and Building Subcode Technical (PDF).Required Inspections On This Item Before CoveringDecks & StepsRepair and replacement of decks and/or steps.Please fill out a Construction Permit Application (PDF) and a Building Subcode Technical (PDF)Required Inspections On This Item Before CoveringSiding & RoofReplacement of siding and/or roofing on a one or two family detached dwelling does not require a construction permit.": [
        "None",
        "negative"
    ],
    "This work is considered ordinary maintenance.": [
        "None",
        "neutral"
    ],
    "If you unsure if the construction work requires a Construction Permit, please call our office at --, ext.": [
        "Social",
        "positive"
    ],
    ".": [
        "None",
        "neutral"
    ],
    "Report Stafford Stafford Emergency Notification System CodeRed Reverse 911Registration\u00a0\nArea MapsView property maps &  \n \n \n \nFrequently Is it necessary call the Public Works office to schedule a bulk, metal, brush or leaf collection?": [
        "Social",
        "negative"
    ],
    "What can I put to the curb for collection on my zone week?": [
        "Environmental",
        "neutral"
    ],
    "How do I dispose of old carpeting since Public Works does not collect it at the curb?": [
        "Environmental",
        "neutral"
    ],
    "Are there any restrictions on wood left for collection?": [
        "Environmental",
        "neutral"
    ],
    "/FAQ.": [
        "None",
        "neutral"
    ],
    "Tax Water & /QuickLinks.": [
        "None",
        "neutral"
    ],
    "East Bay Avenue \u00a0 \u00a0 \u00a0 \u00a0 \u00a0 \u00a0 \u00a0Manahawkin, NJ 08050 \u00a0 \u00a0 \u00a0 \u00a0 \u00a0 \u00a0 \u00a0Phone: -- \u00a0 \u00a0 \u00a0 \u00a0 \u00a0 \u00a0 \u00a0Fax: -- \u00a0 \u00a0 \u00a0 \u00a0 \u00a0 \u00a0 \u00a0 \n  \n \nTerms Government Websites by CivicPlus\u00ae\n/QuickLinks.": [
        "None",
        "neutral"
    ],
    "Loading\r\n\t\t\t\nDo Not   \n[]\nSlideshow Slideshow": [
        "None",
        "neutral"
    ]
}