{
    "\nAffordable Housing & Home Improvement Program | Stafford Township,  \nSkip to  \n \n \n \n \n \n \n \n \n \nHow Do I... \nHomeDepartmentsCommunity Development/Zoning DepartmentAffordable Housing & Home \r\n\r\nAffordable Housing & Home Improvement Program\t\t\n  \n   \n \n \nStafford Township Monitoring Stafford Township\u2019s Midpoint ReviewStafford Township\u2019s Affordable Housing ProgramTo start the Affordable Housing Program process, please click\u00a0here\u00a0Version OptionsAffordable Housing & Home Improvement ProgramHeadline\u00a0Opens in New Window\u00a0\u00a0Stafford Township\u2019s Affordable Housing Program\u00a0Stafford Township\u2019s Affordable Housing Program\u00a0Stafford Township\u2019s Affordable Housing Program\u00a0Stafford Township\u2019s Affordable Housing Program for the Affordable Housing Pre-Application.Click here\u00a0Version OptionsAffordable Housing ProgramHeadline\u00a0Opens in New Window\u00a0\u00a0Stafford Township\u2019s Affordable Housing Program\u00a0Stafford Township\u2019s Affordable Housing Program\u00a0Stafford Township\u2019s Affordable Housing Program\u00a0Stafford Township\u2019s Affordable Housing Program for Affordable Housing opportunities in Stafford Township.For more information and helpful tools please click here\u00a0Opens in New Window\u00a0 to be brought to the CGP&H website.Please Contact CGP&H at -- for any questions or concerns about Stafford Townships Affordable Housing Program.": [
        "Social",
        "positive"
    ],
    "Stafford Township Home Improvement Program\u00a0The Stafford Township Home Improvement Program allows eligible homeowners to receive up to $, in repair value to bring their homes up to code and up to $, per unit for owner-occupied multi-family properties.To start the Home Improvement Program process, please click\u00a0here\u00a0Version OptionsAffordable Housing & Home Improvement ProgramHeadline for the Home Improvement Pre-Application.Eligible improvements include repair or replacement of the following: roof, electric, heating, accessibility remodeling, water and sewer hookups, plumbing, foundations and windows.The Township has hired Community Grants, Planning and Housing (CGP&H) to administer the program.Please contact CGP&H at --\u00a0for any questions or concerns about the Stafford Township Home Improvement Program.": [
        "Social",
        "positive"
    ],
    "Report Stafford Stafford Emergency Notification System CodeRed Reverse 911Registration\u00a0\nArea MapsView property maps &  \n \n \n \nFrequently Is it necessary call the Public Works office to schedule a bulk, metal, brush or leaf collection?": [
        "Social",
        "negative"
    ],
    "What can I put to the curb for collection on my zone week?": [
        "Environmental",
        "neutral"
    ],
    "How do I dispose of old carpeting since Public Works does not collect it at the curb?": [
        "Environmental",
        "neutral"
    ],
    "Are there any restrictions on wood left for collection?": [
        "Environmental",
        "neutral"
    ],
    "/FAQ.": [
        "None",
        "neutral"
    ],
    "Tax Water & /QuickLinks.": [
        "None",
        "neutral"
    ],
    "East Bay Avenue \u00a0 \u00a0 \u00a0 \u00a0 \u00a0 \u00a0 \u00a0Manahawkin, NJ 08050 \u00a0 \u00a0 \u00a0 \u00a0 \u00a0 \u00a0 \u00a0Phone: -- \u00a0 \u00a0 \u00a0 \u00a0 \u00a0 \u00a0 \u00a0Fax: -- \u00a0 \u00a0 \u00a0 \u00a0 \u00a0 \u00a0 \u00a0 \n  \n \nTerms Government Websites by CivicPlus\u00ae\n/QuickLinks.": [
        "None",
        "neutral"
    ],
    "Loading\r\n\t\t\t\nDo Not   \n[]\nSlideshow Slideshow": [
        "None",
        "neutral"
    ]
}