{
    "\nTax Collector | Stafford Township,  \nSkip to  \n \n \n \n \n \n \n \n \n \nHow Do I... \n\r\n\r\nTax Collector\t\t\nCONTACT INFORMATION:STAFFORD TOWNSHIP TAX COLLECTOR260 EAST BAY AVENUEMANAHAWKIN, NJ \u00a008050609--\u00a0\u00a0EXT.": [
        "Social",
        "neutral"
    ],
    "OR 8552609--\u00a0\u00a0FAX\u00a0\u00a0\u00a0EMAILALL BALANCES ARE AS OF THE CLOSE OF OUR LAST BUSINESS DAY.": [
        "None",
        "neutral"
    ],
    "AMOUNTS ARE SUBJECT TO CHANGE.YOU MUST CONTACT OUR OFFICE FOR INTEREST THROUGH TO A FUTURE DATE.ONLINE PAYMENTS ARE NOT AVAILABLE AT THIS TIME BUT WE PLAN TO HAVE THAT OPTION AVAILABLE LATER IN THE YEAR.THE  3RD QUARTER ESTIMATED TAX BILLS WERE MAILED ON JUNE , .": [
        "None",
        "positive"
    ],
    "PAYMENTS ARE DUE AUGUST 1,  AND MUST BE RECEIVED BY AUGUST ,  TO AVOID INTEREST.": [
        "None",
        "positive"
    ],
    "FINAL BILLS WILL BE MAILED ONCE THE COUNTY CERTIFIES OUR  TAX RATE.ADDED ASSESSMENT BILLS WERE MAILED ON OCTOBER , .": [
        "None",
        "neutral"
    ],
    "THESE PAYMENTS ARE DUE IN ADDITION TO THE TAX BILL PREVIOUSLY SENT.": [
        "None",
        "neutral"
    ],
    "ADDED ASSESSMENT PAYMENTS ARE ALSO DUE NOVEMBER 1, , FEBRUARY 1,  AND MAY 1, .THE  FINAL/ PRELIMINARY TAX BILLS WERE MAILED AUGUST , .": [
        "None",
        "neutral"
    ],
    "THE AMOUNTS ARE LISTED ON THE ABOVE CHART.": [
        "None",
        "neutral"
    ],
    "IF A PROPERTY IS NOT LISTED, IT MEANS IT IS PAID IN FULL THROUGH THE  4TH QUARTER.": [
        "None",
        "neutral"
    ],
    "THE  TAX RATE IS  PER HUNDRED.": [
        "None",
        "neutral"
    ],
    "PAYMENTS ARE NEXT DUE NOVEMBER 1, , AND MUST BE\u00a0RECEIVED IN OUR OFFICE\u00a0BY NOVEMBER ,  TO AVOID INTEREST SINCE THE TENTH FALLS ON A RECOGNIZED HOLIDAY.": [
        "None",
        "positive"
    ],
    "third quarter estimated tax bills were mailed on June , .": [
        "None",
        "neutral"
    ],
    "*Please note that our office does not send out statements of taxes paid for the prior year.": [
        "None",
        "neutral"
    ],
    "You must use your receipts, cancelled checks or mortgage statement along with your tax bill for income tax purposes.": [
        "None",
        "negative"
    ],
    "If you purchased or sold your property during the year, you would also have to utilize your closing papers for any pro-rated amounts.": [
        "None",
        "neutral"
    ],
    "*The State of New Jersey has begun mailing the applications for the  Property Tax Relief Program, also known as the Senior Freeze.": [
        "Social",
        "positive"
    ],
    "The deadline to submit applications to the State of New Jersey\u00a0OCTOBER , .": [
        "None",
        "neutral"
    ],
    "Please contact the State of New Jersey with any questions you may have at the following:INFORMATION \u00a0 \u00a0 \u00a0 \u00a0 \u00a0 \u00a0 \u00a0 \u00a0 \u00a0 \u00a0 \u00a0 \u00a0 \u00a0--6597ONLINE INFORMATION \u00a0 \u00a0\u00a0\u00a0 \u00a0 \u00a0 \u00a0nj.gov.taxationEMAIL \u00a0 \u00a0 \u00a0 \u00a0 \u00a0 \u00a0 \u00a0 \u00a0 \u00a0 \u00a0 \u00a0 \u00a0 \u00a0 \u00a0 \u00a0 \u00a0 \u00a0 \u00a0 \u00a0 \u00a0  HARD OF HEARING, DEAF-BLIND, SPEECH DISABILITY:\u00a0VISIT njrelay.com or call 711__________________________________________________________________________________________________________________________MUNICIPAL OFFICES WILL BE CLOSED ON THE FOLLOWING DATES:MONDAY, MAY ,  \u2013 MEMORIAL DAYTHURSDAY, JULY 4,  \u2013 INDEPENDENCE DAYMONDAY, SEPTEMBER 2,  - LABOR DAYMONDAY, OCTOBER ,  \u2013 COLUMBUS DAYTUESDAY, NOVEMBER 5,  - ELECTION DAYMONDAY, NOVEMBER ,  - VETERAN'S DAYTHURSDAY & FRIDAY, NOVEMBER  & ,  - THANKSGIVING HOLIDAYWEDNESDAY, DECEMBER ,  \u2013 CHRISTMAS DAYWEDNESDAY, JANUARY 1,  \u2013 NEW YEAR'S DAY_________________________________________________________The  estimated rate is $ per hundred.The  tax rate was $ per hundred.The  tax rate was $ per hundred.": [
        "None",
        "neutral"
    ],
    "The  tax rate was $ per hundred.": [
        "None",
        "neutral"
    ],
    "PAYMENTSPayments can be accepted in person or by mail only at this time.": [
        "None",
        "positive"
    ],
    "Checks should be made payable to Township of Stafford-Taxes.": [
        "Social",
        "neutral"
    ],
    "If you are paying through your bank online, include your Block/Lot/Qual number as your account number and allow enough time for your bank to send the check to our office.": [
        "None",
        "positive"
    ],
    "To avoid interest, payments must be\u00a0received\u00a0in our office by the 10th of the month due.": [
        "None",
        "positive"
    ],
    "If the 10th falls on a weekend or holiday, the next business day is the end of the grace period.": [
        "None",
        "positive"
    ],
    "Interest is calculated at 8% per annum on the first $1,.": [
        "None",
        "positive"
    ],
    "of delinquency and % per annum for any delinquency over $1,.. \u00a0Any delinquency in excess of $,.": [
        "None",
        "neutral"
    ],
    "as of December 31st each year is subject to a 6% year end penalty.": [
        "None",
        "negative"
    ],
    "There are also drop boxes located near the parking lot in the back of the building and inside the lobby.": [
        "Social",
        "negative"
    ],
    "Payments deposited in the boxes by 3: p.m. are receipted on that day.": [
        "None",
        "neutral"
    ],
    "Payments deposited after 3: p.m. are receipted on the next business day.": [
        "None",
        "neutral"
    ],
    "TAXPAYER BILL OF RIGHTS _______________________________\u00a0 TAX COLLECTOR'S OFFICE STAFF _______________________________\u00a0 \u00a0\u00a0Margaret B. Favorito, CTC - Tax CollectorNichole M. Erdin, CTC - Deputy Tax CollectorKim Teschlog - Principal Tax ClerkSamantha Christensen, CTC - Tax SpecialistGina M. Schreier, CTC - Principal Tax ClerkAryanne Macfarlan - Bookkeeper/ Stafford Township is a calendar year municipality.": [
        "None",
        "neutral"
    ],
    "The Tax Collector is responsible for the billing, collection, reporting and enforcement of taxes.": [
        "None",
        "positive"
    ],
    "Tax bills are normally mailed in June or July each year.": [
        "None",
        "neutral"
    ],
    "They have the third and fourth quarters of the current year and the first and second quarters of the next year.": [
        "None",
        "neutral"
    ],
    "The tax bill contains the portion of taxes that we collect for the schools and county as well as the municipal taxes.": [
        "Social",
        "positive"
    ],
    "Property taxes are due on February 1, May 1, August 1, and November 1.": [
        "None",
        "neutral"
    ],
    "Failure to receive a tax bill does not exempt you from paying taxes or the interest due on delinquent taxes.": [
        "None",
        "negative"
    ],
    "The governing body has granted a  day grace period on each quarter.": [
        "None",
        "positive"
    ],
    "Therefore, payments must be received in our office on or before the 10th.": [
        "None",
        "neutral"
    ],
    "When the 10th falls on a weekend or legal holiday, the grace period is extended to the next business day.": [
        "Social",
        "positive"
    ],
    "The Tax Collector is a statutory officer of the State of New Jersey and is obligated to comply with all State Statutes regarding property tax collection including billing, due dates, interest on delinquent tax payments and tax sale procedures.": [
        "None",
        "positive"
    ],
    "The Tax Collector is responsible for the billing and collection of taxes.": [
        "None",
        "positive"
    ],
    "The Tax Assessor is responsible for establishing the taxable value of your property.": [
        "None",
        "positive"
    ],
    "If you have any questions regarding the assessed value of your property please contact the Tax Assessor\u2019s Office, -- ext.": [
        "None",
        "positive"
    ],
    "or by email.": [
        "None",
        "neutral"
    ],
    "Appeals\u00a0\nProperty owners may file an appeal if they want to dispute the assessed value of their property.": [
        "None",
        "neutral"
    ],
    "Appeals must be filed by April 1st of the current year with the County Board of Taxation.": [
        "None",
        "neutral"
    ],
    "Appeals for added or omitted assessments must be filed by December 1st of the current year.": [
        "None",
        "neutral"
    ],
    "Appeal forms and information is available from The Ocean County Board of Taxation, Ocean County Courthouse, located at the corner of Washington Street and Hooper Avenue in Toms River.": [
        "None",
        "neutral"
    ],
    "You may call the office of the Board of Taxation at --.": [
        "None",
        "neutral"
    ],
    "Interest Charged on Unpaid Taxes \nAny taxes remaining unpaid after the 10th of February, May, August and November are subject to interest at the rate of 8% per year for delinquencies up to $1, and % per year for delinquencies over $1,.": [
        "None",
        "positive"
    ],
    "Please note that once a delinquency reaches the % threshold the account must be paid up to date before interest reverts back to 8%.": [
        "None",
        "positive"
    ],
    "Any account with a current year delinquency together with accrued interest totaling $, or more on December 31st is subject to an additional 6% year end penalty.": [
        "None",
        "neutral"
    ],
    "Call the Tax Collector at -- ext.": [
        "Social",
        "neutral"
    ],
    "to determine the correct amount of interest to submit with any delinquent tax payment prior to sending the payment.": [
        "None",
        "positive"
    ],
    "Change of Mailing Address \nPlease note: Change of address must be in writing signed by the property owner.": [
        "None",
        "positive"
    ],
    "Changing your mailing address for taxes will also change your mailing address for water and sewer bills.": [
        "Environmental",
        "neutral"
    ],
    "Mail the change of address form (PDF) to  East Bay Avenue, Manahawkin, NJ 08050 or fax to us at --.": [
        "None",
        "neutral"
    ],
    "SUBMIT\u00a0ELECTRONIC CHANGE OF  \n \n \n \n \n \n \n \n \n \nReport Stafford Stafford Emergency Notification System CodeRed Reverse 911Registration\u00a0\nArea MapsView property maps &  \n \n \n \nFrequently Is it necessary call the Public Works office to schedule a bulk, metal, brush or leaf collection?": [
        "Social",
        "negative"
    ],
    "What can I put to the curb for collection on my zone week?": [
        "Environmental",
        "neutral"
    ],
    "How do I dispose of old carpeting since Public Works does not collect it at the curb?": [
        "Environmental",
        "neutral"
    ],
    "Are there any restrictions on wood left for collection?": [
        "Environmental",
        "neutral"
    ],
    "/FAQ.": [
        "None",
        "neutral"
    ],
    "Tax Water & /QuickLinks.": [
        "None",
        "neutral"
    ],
    "East Bay Avenue \u00a0 \u00a0 \u00a0 \u00a0 \u00a0 \u00a0 \u00a0Manahawkin, NJ 08050 \u00a0 \u00a0 \u00a0 \u00a0 \u00a0 \u00a0 \u00a0Phone: -- \u00a0 \u00a0 \u00a0 \u00a0 \u00a0 \u00a0 \u00a0Fax: -- \u00a0 \u00a0 \u00a0 \u00a0 \u00a0 \u00a0 \u00a0 \n  \n \nTerms Government Websites by CivicPlus\u00ae\n/QuickLinks.": [
        "None",
        "neutral"
    ],
    "Loading\r\n\t\t\t\nDo Not   \n[]\nSlideshow Slideshow": [
        "None",
        "neutral"
    ]
}