{
    "\nGovernment | Stafford Township,  \nSkip to  \n \n \n \n \n \n \n \n \n \nHow Do I... \n\r\n\r\nAgendas & Access easily searchable meeting agendas and minutes for the City Council.": [
        "Social",
        "positive"
    ],
    "Resolutions &  \nMayor Meet our Mayor  \nBoards & View all boards, commissions, committees, and other governing bodies of Stafford Township.": [
        "Social",
        "neutral"
    ],
    "Government Find a range of government links to local, state, national, and other municipal resources.": [
        "Social",
        "neutral"
    ],
    "Township  The eCode360 site allows you to view the Stafford Township Code Book.": [
        "Environmental",
        "neutral"
    ],
    "Town Council Meetings & Mayor's Town Council Meetings & Mayor's  \n \n \n   \n \n \n \n \n \nAgendas & Resolutions & Mayor Boards & Government Township Town Council Meetings & Mayor's  \n \nReport Stafford Stafford Emergency Notification System CodeRed Reverse 911Registration\u00a0\nArea MapsView property maps &  \n \n \n \nFrequently Is it necessary call the Public Works office to schedule a bulk, metal, brush or leaf collection?": [
        "Social",
        "negative"
    ],
    "What can I put to the curb for collection on my zone week?": [
        "Environmental",
        "neutral"
    ],
    "How do I dispose of old carpeting since Public Works does not collect it at the curb?": [
        "Environmental",
        "neutral"
    ],
    "Are there any restrictions on wood left for collection?": [
        "Environmental",
        "neutral"
    ],
    "/FAQ.": [
        "None",
        "neutral"
    ],
    "Tax Water & /QuickLinks.": [
        "None",
        "neutral"
    ],
    "East Bay Avenue \u00a0 \u00a0 \u00a0 \u00a0 \u00a0 \u00a0 \u00a0Manahawkin, NJ 08050 \u00a0 \u00a0 \u00a0 \u00a0 \u00a0 \u00a0 \u00a0Phone: -- \u00a0 \u00a0 \u00a0 \u00a0 \u00a0 \u00a0 \u00a0Fax: -- \u00a0 \u00a0 \u00a0 \u00a0 \u00a0 \u00a0 \u00a0 \n  \n \nTerms Government Websites by CivicPlus\u00ae\n/QuickLinks.": [
        "None",
        "neutral"
    ],
    "Loading\r\n\t\t\t\nDo Not   \n[]\nSlideshow Slideshow": [
        "None",
        "neutral"
    ]
}