{
    "\nGreen Fair  | Stafford Township,  \n \nSkip to  \n \n \n \n \n \n \n \n \n \nHow Do I... \nHomeDepartmentsRecreationGreen Fair \n\r\n\r\nGreen Fair \t\t\nGreen FairParticipantsVenueSummer  \n \n \n   \n \n \n \nStafford Township's  \n \n \n   \n \n \nAbout the Event:\u00a0Step into a world where sustainability meets excitement!": [
        "Social",
        "positive"
    ],
    "Join us at Stafford Township's Green Fair where every eco-friendly choice creates ripples of positive change!": [
        "Environmental",
        "positive"
    ],
    "Learn about the sustainability of your community from a variety of local organizations and discover local programs, sustainable opportunities and ways to save some green.": [
        "Social",
        "positive"
    ],
    "The goal of this event is to provide the community with educational opportunities and tools to encourage sustainable choices and green success.This event is part of the Sustainable Jersey program.The event will be held  PM to 4 PM followed by Recreation's Farmer's Markets and the Historical Society's Summer Concert Series.": [
        "Social",
        "positive"
    ],
    "The\u00a0ParticipantsStafford Township's Green TeamAmerican Littoral SocietyAtlantic City ElectricBarnegat Bay PartnershipBPU: NJ Clean Energy ProgramClean Ocean ActionCommunity Grants, Planning & HousingEdwin B. Forsythe National Wildlife RefugeFamily Promise of the Jersey ShoreGreater Mercer Transportation Management AssociationJacques Cousteau National Estuarine Research ReserveNew Jersey Association for Floodplain ManagementNew Jersey Department of Environmental ProtectionNew Jersey Natural GasOcean County Animal Facilities \u00a0Ocean County Library, Stafford BranchOcean County Mosquito CommisionOcean County Office of Senior ServicesOcean County RecyclesOcean County Utilities AuthorityOwen, Little & AssociatesPinelands Commision\u00a0Preferred Behavioral Health GroupRutgers: Cooperative Extension of Ocean CountyRutgers: Master Gardners of Ocean CountySave Barnegat BayStafford Township Emergency ManagementStafford Township RecreationStockton Maple ProjectXerces Society for  \n \nFor more information, please visit the participants page here.": [
        "Environmental",
        "positive"
    ],
    "The VenueManahawkin Lake Park III86 N Main St, Manahawkin, NJ 08050Welcome to Manahawkin Lake Park III, where nature's tranquility and the allure of calming waters converge to create an enchanting escape for visitors of all ages.": [
        "Social",
        "positive"
    ],
    "Nestled serenely on the shores of a pristine lake, this picturesque park is a sanctuary for those seeking solace amidst natural beauty.": [
        "Environmental",
        "positive"
    ],
    "For more information on parking, please visit the venue page\u00a0here.": [
        "Social",
        "positive"
    ],
    "Past  \n \n  \n   \n \n   \n \n  \n \n \n  \n \n   \n \n \n  \n \n \n  \n \n \n \n \n \n  \n \n \n  \n \n \n  \n \n \n   \n \n \n  \n \n \n \n \n   \n \n \n  \n \n \n \n \n \nReport Stafford Stafford Emergency Notification System CodeRed Reverse 911Registration\u00a0\nArea MapsView property maps &  \n \n \n \nFrequently Is it necessary call the Public Works office to schedule a bulk, metal, brush or leaf collection?": [
        "Social",
        "negative"
    ],
    "What can I put to the curb for collection on my zone week?": [
        "Environmental",
        "neutral"
    ],
    "How do I dispose of old carpeting since Public Works does not collect it at the curb?": [
        "Environmental",
        "neutral"
    ],
    "Are there any restrictions on wood left for collection?": [
        "Environmental",
        "neutral"
    ],
    "/FAQ.": [
        "None",
        "neutral"
    ],
    "Tax Water & /QuickLinks.": [
        "None",
        "neutral"
    ],
    "East Bay Avenue \u00a0 \u00a0 \u00a0 \u00a0 \u00a0 \u00a0 \u00a0Manahawkin, NJ 08050 \u00a0 \u00a0 \u00a0 \u00a0 \u00a0 \u00a0 \u00a0Phone: -- \u00a0 \u00a0 \u00a0 \u00a0 \u00a0 \u00a0 \u00a0Fax: -- \u00a0 \u00a0 \u00a0 \u00a0 \u00a0 \u00a0 \u00a0 \n  \n \nTerms Government Websites by CivicPlus\u00ae\n/QuickLinks.": [
        "None",
        "neutral"
    ],
    "Loading\r\n\t\t\t\nDo Not   \n[]\nSlideshow Slideshow": [
        "None",
        "neutral"
    ]
}