{
    "\nPurchasing | Stafford Township,  \nSkip to  \n \n \n \n \n \n \n \n \n \nHow Do I... \n\r\n\r\nPurchasing\t\t\nWelcome to Stafford Purchasing\u00a0The Purchasing Department\u2019s goal is to provide the highest quality of goods and services needed by all Township departments in a timely basis, at the lowest possible price and in compliance with all State Laws and Regulations.": [
        "Social",
        "positive"
    ],
    "The Department promotes a fair, open and competitive purchasing environment under the guise of the Local Public Contracts Law, regulations, and Stafford Township Administrative Code.General OperationsThe Department obtains prices for goods and services through formal and informal quotes, receipt of bids, state contracts, cooperative purchasing and/or request for proposal process (RFP).": [
        "None",
        "positive"
    ],
    "The purchasing staff, which includes the Purchasing Agent (QPA, RPPO), Purchasing Specialist (RPPS) and Clerk/Bookkeeper, maintains a good working relationship with all Stafford Township Departments to ensure a fair and open purchasing process.": [
        "Social",
        "positive"
    ],
    "The purchasing staff works very closely with Accounts Payable and Finance to ensure that invoices are accurate and promptly paid.The Township Co-opThe Department is the Lead Agency for the Stafford Township Cooperative Pricing System (Co-op).": [
        "Social",
        "positive"
    ],
    "The Co-op consists of  members (Townships, Board\u2019s of Education, and Municipal Utility Authorities) including Stafford Township.": [
        "Social",
        "neutral"
    ],
    "A fee of $ is assessed to each member on a yearly basis.": [
        "None",
        "neutral"
    ],
    "The Department is responsible for obtaining each member\u2019s quantities for all commodities bid under the Co-op.": [
        "Social",
        "positive"
    ],
    "The Department designs the bid specifications, advertises for receipt of co-op bids, evaluates the bids and recommends award and provides copies of the resolutions and contracts.": [
        "None",
        "positive"
    ],
    "The Department also meets quarterly with the co-op members to discuss their upcoming needs and awarded contracts.": [
        "Social",
        "positive"
    ],
    "The Department is also responsible for maintaining and updating all documents and reporting with the Division of Local Governments Services with regards to the Co-op.BidsBids can be viewed and submitted  \n \n \n \n E Manahawkin, Phone: --, ext.": [
        "Social",
        "positive"
    ],
    "Nicola Reid\r\n\t\t\t\t\t\r\n\t\t\t\t\nEmail \nPhone: --, ext.": [
        "None",
        "neutral"
    ],
    "Bridget Haldenwang\r\n\t\t\t\t\t\r\n\t\t\t\t\nEmail \nPhone: --, ext.": [
        "None",
        "neutral"
    ],
    "STAFFORD TOWNSHIP CO-OP (ID #-OCCPS)\u00a0\n \n \nReport Stafford Stafford Emergency Notification System CodeRed Reverse 911Registration\u00a0\nArea MapsView property maps &  \n \n \n \nFrequently Is it necessary call the Public Works office to schedule a bulk, metal, brush or leaf collection?": [
        "Social",
        "negative"
    ],
    "What can I put to the curb for collection on my zone week?": [
        "Environmental",
        "neutral"
    ],
    "How do I dispose of old carpeting since Public Works does not collect it at the curb?": [
        "Environmental",
        "neutral"
    ],
    "Are there any restrictions on wood left for collection?": [
        "Environmental",
        "neutral"
    ],
    "/FAQ.": [
        "None",
        "neutral"
    ],
    "Tax Water & /QuickLinks.": [
        "None",
        "neutral"
    ],
    "East Bay Avenue \u00a0 \u00a0 \u00a0 \u00a0 \u00a0 \u00a0 \u00a0Manahawkin, NJ 08050 \u00a0 \u00a0 \u00a0 \u00a0 \u00a0 \u00a0 \u00a0Phone: -- \u00a0 \u00a0 \u00a0 \u00a0 \u00a0 \u00a0 \u00a0Fax: -- \u00a0 \u00a0 \u00a0 \u00a0 \u00a0 \u00a0 \u00a0 \n  \n \nTerms Government Websites by CivicPlus\u00ae\n/QuickLinks.": [
        "None",
        "neutral"
    ],
    "Loading\r\n\t\t\t\nDo Not   \n[]\nSlideshow Slideshow": [
        "None",
        "neutral"
    ]
}