{
    "\nBuilding Inspections | Stafford Township,  \nSkip to  \n \n \n \n \n \n \n \n \n \nHow Do I... \n\r\n\r\nBuilding Inspections\t\t\nYou can now schedule inspections, check your permit status and receive updated property information online.": [
        "Social",
        "neutral"
    ],
    "Please visit Stafford Township's SDL Portal link for complete details.": [
        "Social",
        "positive"
    ],
    "The Department of Building Inspections is to ensure maintenance of buildings and structures and to adequately protect the health, safety and welfare of the residents of the Township of Stafford, Eagleswood and Surf City.": [
        "Social",
        "positive"
    ],
    "InspectionsIt is the responsibility of the Department of Inspections to review and release construction plans, inspect all phases of construction (new construction and alterations to existing structures), including electric, mechanical, plumbing, fire and building; backflow prevention devices to protect the public water system; public swimming pools; housing inspection for resale and rental properties.": [
        "Social",
        "positive"
    ],
    "The Department is also involved in other activities such as plan reviews for schools located in other municipalities; emergency management damage assessment in the event of a disaster; resolve complaints and enforce Floodplain regulations.Code EnforcementThis is achieved by enforcing all codes adopted by the State of New Jersey Uniform Construction Code and act as a liaison to other agencies such as:Atlantic City Power CompanyBureau of Water AllocationC.A.F.R.AD.E.P.F.E.M.A.NJ Bureau of Rooming and BoardingNJ Department of Children and Families for Child Care OperatorsNJ Home Warranty ProgramNJ Natural Gas CompanyOcean County Soil and Sediment Conservation Districtsother Stafford Township DepartmentsPinelandsStafford Ordinances State and County Departments of HealthTownship EngineerConstruction Official ResponsibilitiesDuties:Provide and review application including prior approvalsDetermine required fees; collection of penalties and ensure funds are properly accounted forIssue construction permits upon receiving the approval of subcode officialsAssign daily all required inspections and ensure they are performed in 3 business days and recorded, completed and properly filedIssue Certificate of Occupancy upon approved receipt of required agencies and/or subcode officialsPrepare and obtain reportsAttend required meetings and hearingsComply with local procedures required by the governing bodyInitiate appropriate disciplinary action in the case of any subcode official or inspector to properly enforce the Uniform Construction CodePerform building, fire, plumbing and housing inspections when neededIssue Continuing Certificate of Occupancy (rental/resale property)Inspector ResponsibilitiesDuties:Comply with time limitations for inspections, review plans and applications in the subcode for approval and release to the Construction Official for permit issuanceReview requests for variations as necessary and issue Notice of Violation for non-compliance of codes and standardsEnsure all required inspections are performed in 3 business days and recorded.Assist the construction Official in the preparation of reports and attend meetings and hearings as requiredIssue documentation and certification, (such as cut-in cards to utilities) and to public agencies if requiredClerical Staff ResponsibilitiesDuties:Assist applicants at the counter and phone, take inspection requests, give general information on the permit process and status and return all voice mail messages received after hoursProcess permits, certificate of occupancy and approvals for Stafford and EagleswoodEnter monies and generate daily and monthly reportsMaintain and organize files.Type letters as directed by Construction Code Official or Inspectors and send reminders letters old permit holders requiring final inspectionInput inspection results for five different municipalities.Assemble daily inspection logs  \n \n\r\n\t\t\t\t\tPatrick  Malia\r\n\t\t\t\t\t\r\n\t\t\t\t\n \nPhone: --, ext.": [
        "Social",
        "positive"
    ],
    "Report Stafford Stafford Emergency Notification System CodeRed Reverse 911Registration\u00a0\nArea MapsView property maps &  \n \n \n \nFrequently Is it necessary call the Public Works office to schedule a bulk, metal, brush or leaf collection?": [
        "Social",
        "negative"
    ],
    "What can I put to the curb for collection on my zone week?": [
        "Environmental",
        "neutral"
    ],
    "How do I dispose of old carpeting since Public Works does not collect it at the curb?": [
        "Environmental",
        "neutral"
    ],
    "Are there any restrictions on wood left for collection?": [
        "Environmental",
        "neutral"
    ],
    "/FAQ.": [
        "None",
        "neutral"
    ],
    "Tax Water & /QuickLinks.": [
        "None",
        "neutral"
    ],
    "East Bay Avenue \u00a0 \u00a0 \u00a0 \u00a0 \u00a0 \u00a0 \u00a0Manahawkin, NJ 08050 \u00a0 \u00a0 \u00a0 \u00a0 \u00a0 \u00a0 \u00a0Phone: -- \u00a0 \u00a0 \u00a0 \u00a0 \u00a0 \u00a0 \u00a0Fax: -- \u00a0 \u00a0 \u00a0 \u00a0 \u00a0 \u00a0 \u00a0 \n  \n \nTerms Government Websites by CivicPlus\u00ae\n/QuickLinks.": [
        "None",
        "neutral"
    ],
    "Loading\r\n\t\t\t\nDo Not   \n[]\nSlideshow Slideshow": [
        "None",
        "neutral"
    ]
}