{
    "\nSearch Businesses In San Francisco, California - Last Updated July  - YelpYelp for BusinessWrite a ReviewLog InSign UpRestaurantsDeliveryBurgersChineseItalianReservationsJapaneseMexicanThaiHome ServicesContractorsElectriciansHome CleanersHVACLandscapingLocksmithsMoversPlumbersAuto ServicesAuto RepairAuto DetailingBody ShopsCar WashCar DealersOil ChangeParkingTowingMoreDry CleaningPhone RepairBarsNightlifeHair SalonsGymsMassageShoppingMoreFiltersPrice$$$$$$$$$$SuggestedOpen Now\u00a0--:--Offers DeliveryReservationsGood for DinnerHot and NewOutdoor SeatingFeaturesOffers TakeoutGood for KidsGood for LunchGood for GroupsDogs AllowedFull BarSee allDistanceBird's-eye ViewDriving (5 mi.": [
        "None",
        "neutral"
    ],
    ")Biking (2 mi.": [
        "None",
        "neutral"
    ],
    ")Walking (1 mi.": [
        "None",
        "neutral"
    ],
    ")Within 4 blocksBrowsing San Francisco, CA BusinessesSort:RecommendedAllPriceOpen NowOffers DeliveryReservationsGood for DinnerHot and New1.": [
        "Social",
        "neutral"
    ],
    "Fog Harbor Fish House4.4 (.6k reviews)SeafoodWine BarsCocktail Bars$$Fisherman's WharfThis is a placeholderLive wait time: 0 mins\u201cI recently came here last weekend for my mom's Birthday and it was magnificent!": [
        "Social",
        "positive"
    ],
    "Great staff and and our server Shakura was the best server I've\u2026\u201d\u00a0moreFind a Table2.": [
        "Social",
        "positive"
    ],
    "Hog Island Oyster4.4 (7.2k reviews)SeafoodSeafood MarketsCocktail Bars$$EmbarcaderoThis is a placeholder\u201cThe oysters all delicious they have a variety to choose from I've got the  for $ mixed oysters and the only thing i regret is not getting  of\u2026\u201d\u00a0more3.": [
        "Environmental",
        "positive"
    ],
    "House of Prime Rib4.2 (9.2k reviews)AmericanSteakhousesWine Bars$$$Nob HillThis is a placeholder\u201cWe came here while visiting San Francisco based on a recommendation.": [
        "Social",
        "neutral"
    ],
    "We made reservations ahead of time but the only time available was 9:00pm.": [
        "None",
        "neutral"
    ],
    "And\u2026\u201d\u00a0more4.": [
        "Social",
        "neutral"
    ],
    "Gary Danko4.5 (6k reviews)New AmericanFrenchWine Bars$$$$Russian HillThis is a placeholder\u201cIt's been  years since we last visited this restaurant.": [
        "Social",
        "neutral"
    ],
    "And this restaurant is still one of the best dining experiences you can have in San\u2026\u201d\u00a0more5.": [
        "Social",
        "positive"
    ],
    "Nopa4.2 (5.5k reviews)New AmericanDessertsCocktail Bars$$$Alamo SquareThis is a placeholder\u201cI found the meal to be incredibly overpriced for what it was, there are so many other places in the city you can get a better dining experience and\u2026\u201d\u00a0more6.": [
        "Social",
        "positive"
    ],
    "Sotto Mare4.3 (5.4k reviews)SeafoodItalianBars$$North Beach/Telegraph HillThis is a placeholder\u201cActually, we chose this place because of the Cioppino.": [
        "Social",
        "neutral"
    ],
    "It was a delicious.": [
        "Social",
        "positive"
    ],
    "but personally, my friend who was with me found the Crab Diavolo to be\u2026\u201d\u00a0moreStart Order7.": [
        "Social",
        "positive"
    ],
    "Marufuku Ramen4.5 (5.2k reviews)Ramen$$JapantownThis is a placeholderWaitlist is closed\u201cDelicious!": [
        "Social",
        "neutral"
    ],
    "This was my first time tasting ramen and I'm hooked!": [
        "Social",
        "neutral"
    ],
    "Very fast service as well.": [
        "None",
        "positive"
    ],
    "Highly recommend!\u201d\u00a0moreStart Order8.": [
        "Social",
        "neutral"
    ],
    "Scoma\u2019s Restaurant4.1 (4.6k reviews)SeafoodBars$$$Fisherman's WharfThis is a placeholder\u201cWe ate here for dinner on  and lunch on .": [
        "Social",
        "neutral"
    ],
    "Both visits were outstanding.": [
        "Social",
        "positive"
    ],
    "I had originally made a reservation on open table for 5:.": [
        "None",
        "neutral"
    ],
    "When I\u2026\u201d\u00a0more9.": [
        "Social",
        "neutral"
    ],
    "Foreign Cinema4.0 (5.6k reviews)Breakfast & BrunchMediterraneanCocktail Bars$$$MissionThis is a placeholder\u201cOne of the best meals I've had in SF, if not ever.": [
        "Social",
        "positive"
    ],
    "Been wanting to come here ever since moving to SF because everyone talks about it, and I'm so glad\u2026\u201d\u00a0more10.": [
        "Social",
        "neutral"
    ],
    "Liholiho Yacht Club4.5 (2.8k reviews)BarsNew AmericanSeafood$$$Lower Nob HillThis is a placeholder\u201cA perfect experience: beautiful space, charming, intuitive service team, inventive and well curated beverage selection and extremely high quality and\u2026\u201d\u00a0more123456789Next PageCan't find the business?Adding a business to Yelp is always free.Add businessGot search feedback?": [
        "Social",
        "positive"
    ],
    "Help us improve.Trending Searches in San Francisco, CAAsian FusionBeachesCantonese FoodCoin LaundryCosmetics & Beauty SupplyCounseling & Mental HealthFarmers MarketFestivalsFried ChickenGelatoGeneral DentistryHawaiian FoodIce CreamInternal MedicineJet Ski RentalLandmarks & Historical BuildingsObstetricians & GynecologistsParksPlaygrounds for KidsPropane RefillRoof Top BarSecure ParkingShopping CentersSoccer BarsSwimming LakesTrainersVeterinariansVietnameseWomen's ClothingAboutAbout YelpCareersPressInvestor RelationsTrust & SafetyContent GuidelinesAccessibility StatementTerms of ServicePrivacy PolicyAd ChoicesYour Privacy ChoicesDiscoverYelp Project Cost GuidesCollectionsTalkEventsYelp BlogSupportYelp MobileDevelopersRSSYelp for BusinessYelp for BusinessBusiness Owner LoginClaim your Business PageAdvertise on YelpYelp for Restaurant OwnersTable ManagementBusiness Success StoriesBusiness SupportYelp Blog for BusinessYelp Data for B2BYelp Data for B2CLanguagesEnglishCitiesExplore a CityAustinBaltimoreCharlotteChicagoColorado SpringsColumbusDallasDenverDetroitEl PasoFort WorthHoustonIndianapolisJacksonvilleLas VegasLos AngelesMiamiNashvilleNew YorkOklahoma CityPhiladelphiaPhoenixPortlandSacramentoSan AntonioSan DiegoSan FranciscoSan JoseSeattleWashingtonAboutBlogSupportTermsPrivacy PolicyYour Privacy ChoicesCopyright \u00a9 \u2013 Yelp Inc. Yelp, ,   and related marks are registered trademarks of Yelp.Some Data": [
        "Social",
        "positive"
    ]
}