{
    "\nQuinton Township School District / Skip to Select a School...": [
        "Social",
        "neutral"
    ],
    "Select Search \"\r\nFrequently Asked Questions & Safe Return Plan \nEmergency Virtual Learning Plan \n\"\r\n\r\nQTS Board Quinton Teacher Common Core and NJSLA Tools \"\r\n\r\nChild Clubs/ Title Quinton Township School Standardized NJSLA (ELA and Mathematics/ Grades 3-8) and NJSLA (Science/Grades 5 & 8) \"\r\n\r\n\"\r\n\r\n\"\r\n\r\n\"\r\n\r\nReturn \"\r\nRestart and Class Tips for the FAQ for Returning to Quinton Covid19 Screening \"\r\n\r\nGoogle QTS Library \t\t\t\t\t\t\tQuinton Township \t\t\t\t\t\t\n\t\t\t\t\t\t\tOnce a Wildcat always a Wildcat!": [
        "Social",
        "positive"
    ],
    "I'm looking for...": [
        "None",
        "neutral"
    ],
    "There are no upcoming events to display.": [
        "None",
        "negative"
    ],
    "Student School Supply  Teacher of Congratulations to Mr. Micarelli!": [
        "Social",
        "positive"
    ],
    "Comments (-1)\n Educational Support  Professional of Congratulations to Trish Danner!": [
        "Social",
        "positive"
    ],
    "Comments (-1)\nMonthly Board Meeting Notifications:\nSpecial User We Are The Wildcats!": [
        "Social",
        "positive"
    ],
    "\"We're the Wildcats!\"": [
        "Social",
        "neutral"
    ],
    "by \nMr. John Wernega and the \"We're the Wildcats!\"": [
        "None",
        "neutral"
    ],
    "by the Quinton Chorale is now available for parents, students and community members to watch!": [
        "Social",
        "neutral"
    ],
    "About Quinton Township Quinton Township School District is a Pre-Kindergarten through Eighth Grade elementary school located in Quinton, New Jersey.": [
        "Social",
        "neutral"
    ],
    "We are a school of approximately  students.": [
        "Social",
        "neutral"
    ],
    "Quinton Township is a growing school that has been providing a quality education to the community of Quinton Township for many years.": [
        "Social",
        "positive"
    ],
    "Our experienced staff of teachers is dedicated to providing every child with the best educational opportunity possible.": [
        "Social",
        "positive"
    ],
    "We hope you enjoy our website.": [
        "None",
        "positive"
    ],
    "Superintendent - Stewart G. Potter Jr.": [
        "Social",
        "neutral"
    ],
    "Principal - Gwen Herman\u00a0\nDistrict/Gwen Herman -- ext.": [
        "Social",
        "neutral"
    ],
    "School/Gwen Herman -- ext.": [
        "Social",
        "neutral"
    ],
    "Anti Mrs. Gwen Herman - () - ext \u00a0\nEmail: \n\u00a0\nAnti Mrs. () - ext \nEmail: \n\u00a0\nFor Family and Caregivers: HIB For LEA Personnel: HIB Contact information for the School Climate State Coordinator \nGuidance for Parents on the Anti-Bullying Bill of Rights Act\u00a0\nHIB Grade \nQuinton Township 8 PO Box  Quinton, Phone - --\u00a0 \u00a0 Fax - --\u00a0\nQuinton Township School Closing Number: \n,  \nPhone: \nFax: \nLet'Questions or Feedback?": [
        "Social",
        "negative"
    ],
    "| \nWeb Community Manager Privacy Policy (Updated) | \nCopyright \u00a9  Finalsite - all rights reserved.": [
        "Governance",
        "neutral"
    ]
}