{
    "\nRahway, NJ |  \nSkip to Create a Website Account - Manage notification subscriptions, save form progress and more.": [
        "Social",
        "positive"
    ],
    "Website  \n \n \n \nGovernmentCommunityServicesHow Do I...": [
        "None",
        "neutral"
    ],
    "Notify Me\u00ae\n \n \nAgendas & Report  \n \n \n  \n \n \n \nPress Releases \n\r\nClick here for a list of all current and past press releases put out by the City of Rahway\t\t\t\nUnion County Mosquito Control Spraying \n\r\nPlease be advised, Union County Mosquito Control will be spraying County and Town Parks, between the hours of 3: A.M. to 7: A.M. (Weather Permitting).": [
        "Social",
        "positive"
    ],
    "Read on...\nRahway is Happening!": [
        "None",
        "neutral"
    ],
    "Rahway is Happening!": [
        "Social",
        "neutral"
    ],
    "Visit our Special Improvement District's website to find information on Rahway's dining, arts, events, culture, shops and more!": [
        "Social",
        "positive"
    ],
    "Read on...": [
        "None",
        "neutral"
    ],
    "Receive Rahway's Emergency Text Notifications \n\r\nStay in the know with emergency notifications via text message.": [
        "Social",
        "negative"
    ],
    "Read on...\nView /CivicAlerts.": [
        "Social",
        "neutral"
    ],
    "News & Stay up to date  \n  \n \n \nPress Releases \n\r\nClick here for a list of all current and past press releases put out by the City of Rahway\t\nHistorical Artifact Discovered in Rahway \n\r\nA massive sandstone cylinder, weighing 1,350lbs, believed to be of Native American or Early Colonial origin, was identified in the City of Rahway in December of .": [
        "Social",
        "neutral"
    ],
    "Read on...\nUPDATE : Traffic Light Analysis - Intersection of St. Georges Ave., Route , & Route  \n\r\nMayor Raymond A. Giacobbe enlisted the New Jersey Department of Transportation (DOT) Engineering Division to investigate the timing cycles for the traffics lights at the intersection of St. Georges Ave., Route , and Route .": [
        "None",
        "neutral"
    ],
    "Read on...\nCity of Rahway Announces Film Ready Certification \n\r\nThe City of Rahway is excited to announce its status as an officially certified Film Ready Community through the New Jersey Motion Picture and Television Commission (NJMPTVC).": [
        "None",
        "positive"
    ],
    "July \n\r\nS\r\n\r\nM\r\n\r\nT\r\n\r\nW\r\n\r\nT\r\n\r\nF\r\n\r\n    \n\n\n\n\n\n\n\n\n\n\n\n\n\n\n\n\n\n\n\n\n\n  Wed, Jul.": [
        "None",
        "neutral"
    ],
    "Alcoholic Beverage Alcoholic Beverage Control BoardRead on...\nThu, Jul.": [
        "Social",
        "neutral"
    ],
    "Movie Nights:  The Little Mermaid ()\nMovie Nights:  The Little Mermaid ()Read on...\nFri, Jul.": [
        "None",
        "neutral"
    ],
    "Mayor's Music Series featuring Mayor's Music Series featuring RENE ALIVIARead on...": [
        "None",
        "neutral"
    ],
    "Sat, Jul.": [
        "None",
        "neutral"
    ],
    "Mayor's Music Series featuring MISSION IN Mayor's Music Series featuring MISSION IN THE RAINRead on...\nView /Calendar.": [
        "None",
        "neutral"
    ],
    "The City of Rahway1 City Hall PlazaRahway, NJ 07065Phone: --2000Rahway DirectoryHours of Operation:Monday through Friday8: am to 4:  \n  \n \n  \n \nDPW Garbage / Recycling Schedule \nBids / RFPs / Forms City\u2019s Flood Insurance & Rahway TV  /QuickLinks.How do I pay my city water bill?": [
        "Environmental",
        "negative"
    ],
    "When are the elections?": [
        "None",
        "neutral"
    ],
    "When Are Municipal Offices Closed?": [
        "None",
        "neutral"
    ],
    "How do I apply for a job with the City?": [
        "Social",
        "neutral"
    ],
    "My trash didn't get picked up, what should I do now?": [
        "None",
        "neutral"
    ],
    "/FAQ.": [
        "None",
        "neutral"
    ],
    "/QuickLinks.": [
        "None",
        "neutral"
    ],
    "Government Websites by CivicPlus\u00ae\n \n \n \n\r\n\t\t\t\tLoading\r\n\t\t\t\nDo Not   \n[]\nSlideshow Slideshow": [
        "Social",
        "neutral"
    ]
}