{
    "\nFind Building Permits | Rahway,  \nSkip to Create a Website Account - Manage notification subscriptions, save form progress and more.": [
        "Social",
        "positive"
    ],
    "Website  \n \n \n \nGovernmentCommunityServicesHow Do I...\n \n \n \n \n \n \nHomeServicesFind \r\n\r\nFind Building Permits\t\t\nBelow are the ways you can find building permits.1.": [
        "Social",
        "neutral"
    ],
    "Open and Closed Building PermitsFollow the\u00a0Instructions for Using Our Online Portal (PDF)\u00a0and access the\u00a0Online Portal.2.": [
        "Social",
        "neutral"
    ],
    "Open Public Records Act (OPRA)OPRA Form (DOC)OPRA Form (PDF)\u00a0OPRA Form (Instructions and Sample) (PDF)OPRA Form (Online Submission)\n \n \n \n \n \nDivision of Find Garbage & Recycling Collection Schedule (PDF)\nGarbage & Report Tax Collector &  \n \nAgendas & Report  \n \nNotify Me\u00ae\n \n \n \n \nThe City of Rahway1 City Hall PlazaRahway, NJ 07065Phone: --2000Rahway DirectoryHours of Operation:Monday through Friday8: am to 4:  \n  \n \n  \n \nDPW Garbage / Recycling Schedule \nBids / RFPs / Forms City\u2019s Flood Insurance & Rahway TV  /QuickLinks.How do I pay my city water bill?": [
        "Social",
        "negative"
    ],
    "When are the elections?": [
        "None",
        "neutral"
    ],
    "When Are Municipal Offices Closed?": [
        "None",
        "neutral"
    ],
    "How do I apply for a job with the City?": [
        "Social",
        "neutral"
    ],
    "My trash didn't get picked up, what should I do now?": [
        "None",
        "neutral"
    ],
    "/FAQ.": [
        "None",
        "neutral"
    ],
    "/QuickLinks.": [
        "None",
        "neutral"
    ],
    "Government Websites by CivicPlus\u00ae\n \n \n \n\r\n\t\t\t\tLoading\r\n\t\t\t\nDo Not   \n[]\nSlideshow Slideshow": [
        "Social",
        "neutral"
    ]
}