{
    "\nDivision of Building | Rahway,  \nSkip to Create a Website Account - Manage notification subscriptions, save form progress and more.": [
        "Social",
        "positive"
    ],
    "Website  \n \n \n \nGovernmentCommunityServicesHow Do I...\n \n \n \n \n \n \nHomeGovernmentDepartmentsCode EnforcementDivision \r\n\r\nDivision of Building\t\t\n   \n \n \n   \n \n \n \nBuilding PermitsThe Building Department is the division that administers and enforces the building codes under the State of New Jersey\u2019s Uniform Construction Code (UCC).": [
        "Social",
        "neutral"
    ],
    "It is the goal of the Building Department to ensure that all construction is code complaint for the safety and welfare of Rahway\u2019s residents, business owners and visitors.": [
        "Social",
        "positive"
    ],
    "The scope of the Department\u2019s jurisdiction includes but is not limited to the technical fields of Building, Electrical, Plumbing, Fire Protection and Mechanical.": [
        "Social",
        "negative"
    ],
    "Permits may be applied for in the Building Division Office from Monday through Friday between the hours of 8: am and 4: pm.": [
        "None",
        "neutral"
    ],
    "Fees vary with the cost of the alteration of the size of the addition or new structure.": [
        "None",
        "neutral"
    ],
    "The waiting period for most permits is several days, but if extensive plan review is required it may take as long as  working days.Many items, such as replacement of kitchen or bathroom cabinets, changing of plumbing or electrical fixtures without alteration of the plumbing or wiring, and replacement of doors and windows in the same opening, are considered ordinary maintenance repairs and do not require a permit.": [
        "None",
        "neutral"
    ],
    "If you have any doubt as to whether a permit is required, please call the Building Office and explain your project, and we will be glad to advise you whether or not you need permits.Alterations and additions may require Zoning and/or Engineering approval prior to application for building permits.": [
        "None",
        "positive"
    ],
    "You will be required to submit sealed drawings showing work to be performed.": [
        "Social",
        "neutral"
    ],
    "If you are a homeowner residing in your home, you may prepare your own drawings for work being done on that property.Inspections are required at the completion of certain phases of the work.": [
        "Social",
        "positive"
    ],
    "These inspections will be explained to you when you obtain your permit applications.": [
        "None",
        "neutral"
    ],
    "Failure to have these inspections completed may result in a \"stop work order,\" fines, and penalties.": [
        "None",
        "negative"
    ],
    "New buildings and additions cannot be occupied until all final inspections have been made and a Certificate of Occupancy has been issued.For a list of state-building regulations and forms, you can download and print out on your computer, visit the New Jersey Department of Community Affairs Division of Codes & Standards.Information on Underground Storage Tanks for Property OwnersThe State of New Jersey offers numerous programs to help property owners determine what is on (or under) their property and provides tools to help them identify and clean up any potentially hazardous contamination.": [
        "Environmental",
        "positive"
    ],
    "The Homeowner's Guide to cleaning up heating oil discharges.": [
        "Environmental",
        "neutral"
    ],
    "Financial assistance is also offered by the State to qualifying property owners.": [
        "None",
        "neutral"
    ],
    "More information on the Petroleum Underground Storage Tank Remediation, Upgrade, and Closure Fund (UST Fund) are available from the\u00a0NJ Department of Environmental Protection and NJ Economic Development Authority.": [
        "Environmental",
        "positive"
    ],
    "Frank  Spallone\r\n\t\t\t\t\t\r\n\t\t\t\t\nDirector/email \n\r\n\t\t\t\t\tOffice Building\r\n\t\t\t\t\t\r\n\t\t\t\t\nBuilding email \nPhone: --\nOne City Hall PlazaRahway, \r\n\t\t\t\t\tFrank Spallone\r\n\t\t\t\t\t\r\n\t\t\t\t\nBuilding Building Subcode \nPhone: --\n\r\n\t\t\t\t\tChris Jessen\r\n\t\t\t\t\t\r\n\t\t\t\t\nPlumbing/Mechanical Plumbing Subcode \nPhone: --\n\r\n\t\t\t\t\tRichard  Vigliotti\r\n\t\t\t\t\t\r\n\t\t\t\t\nElectrical Electrical Subcode \nPhone: --\n\r\n\t\t\t\t\tTracy Wenskoski\r\n\t\t\t\t\t\r\n\t\t\t\t\nFire Fire Subcode \nPhone: --\n  \n \n \nHow do I obtain a dumpster permit?": [
        "Social",
        "negative"
    ],
    "How do I obtain a garage/yard sale permit?": [
        "None",
        "neutral"
    ],
    "Looking for open permits on a property?": [
        "None",
        "neutral"
    ],
    "/FAQ.": [
        "None",
        "neutral"
    ],
    "Division Division of Vacant and Foreclosing Properties.": [
        "None",
        "neutral"
    ],
    "Agendas & Report  \n \nNotify Me\u00ae\n \n \n \n \nThe City of Rahway1 City Hall PlazaRahway, NJ 07065Phone: --2000Rahway DirectoryHours of Operation:Monday through Friday8: am to 4:  \n  \n \n  \n \nDPW Garbage / Recycling Schedule \nBids / RFPs / Forms City\u2019s Flood Insurance & Rahway TV  /QuickLinks.How do I pay my city water bill?": [
        "Environmental",
        "negative"
    ],
    "When are the elections?": [
        "None",
        "neutral"
    ],
    "When Are Municipal Offices Closed?": [
        "None",
        "neutral"
    ],
    "How do I apply for a job with the City?": [
        "Social",
        "neutral"
    ],
    "My trash didn't get picked up, what should I do now?": [
        "None",
        "neutral"
    ],
    "/QuickLinks.": [
        "None",
        "neutral"
    ],
    "Government Websites by CivicPlus\u00ae\n \n \n \n\r\n\t\t\t\tLoading\r\n\t\t\t\nDo Not   \n[]\nSlideshow Slideshow": [
        "Social",
        "neutral"
    ]
}