{
    "\nHistorical Society - Skip to content \n \n \n \nLand Tax and Registrar and Construction and Parks & American Legion Post \nRiverside Places Veterans of Pay Taxes / Sewer / --\n \n \n \n \nLocation: 3 Franklin Street Riverside,  \nHours: Open Thursdays from 9 am to  pm and 1 pm to 4 pm, as well as the second and last Saturdays of the month from 1 pm to 4 pm \nRiverside, New Jersey has a rich and interesting history.": [
        "Social",
        "positive"
    ],
    "Samuel Bechtold founded Riverside, first called \u201cProgress,\u201d in  as a resort town.": [
        "Social",
        "neutral"
    ],
    "People came here to enjoy our forests, meadows, streams and ponds.": [
        "Environmental",
        "positive"
    ],
    "In the summertime, Philadelphia became quite oppressive and so it was a breath of fresh air to vacation in Riverside\u2019s country atmosphere.": [
        "Environmental",
        "negative"
    ],
    "Riverside once housed the world\u2019s largest watch case manufacturer, doing business around the globe from the Philadelphia Watch Case Company Building.": [
        "Social",
        "neutral"
    ],
    "It was in an era when everyone carried a pocket watch.": [
        "Social",
        "neutral"
    ],
    "The building\u2019s clock tower has since become a Riverside landmark and the watchcase factory as well as hosiery mills in town helped war efforts during WWI.": [
        "Social",
        "negative"
    ],
    "Riverside also is known for The BOOST!": [
        "Environmental",
        "positive"
    ],
    "Company.": [
        "None",
        "neutral"
    ],
    "In , pharmacist Benjamin Faunce invented \u201cTak-A-Boost,\u201d and served it to customers at his Bridgeboro Street pharmacy to help the medicine go down easier.": [
        "Social",
        "positive"
    ],
    "BOOST!, a syrup/concentrate combining a blend of citrus flavors, remains a popular thirst  \nOfficers \n \nBrittany Rae, President --\n \nRob Smith,  \nChristy Veasy,  \nJoanne Smith,  \nAlice Smith,  \nVincent Malecki,  \nJoanne Mongon,  \nBud Maurer,  \nHerman Maurer,  \nJoe Palombi,  \nJoe Peditto,  \nDave Speegle, Meetings \nOur Historical Society meets the 3rd Wednesday of every month, at 7: p.m. at the American Legion Post #.": [
        "Social",
        "negative"
    ],
    "All are welcome!": [
        "None",
        "positive"
    ],
    "Visit our Email Us \n \nTax and  \nResident Budgets/Audits/Bids/RFP & Pay Your  \nA :\n S. Pavilion Avenue\r\nPO BOX  \r\nRiverside, P : --\n \nCopyright \u00a9  Riverside Township.": [
        "Social",
        "negative"
    ],
    "All rights reserved.": [
        "None",
        "neutral"
    ],
    "No imagery or logos contained within this site may be used without the express permission of Riverside Township \u00a9.": [
        "Environmental",
        "negative"
    ],
    "NJ Web     NJ SEO   provided by: \n  South Jersey  \nLand Tax and Registrar and Construction and Parks & American Legion Post \nRiverside Places Veterans of Pay Taxes / Sewer / --": [
        "Social",
        "negative"
    ]
}