{
    "\nContact Us - Skip to content \n \n \n \nLand Tax and Registrar and Construction and Parks & American Legion Post \nRiverside Places Veterans of Pay Taxes / Sewer / --\n \nContact Us \nRiverside Township \nP.O.": [
        "Social",
        "negative"
    ],
    "Box \nRiverside, NJ 08075 \nAdministrative Offices \n S. P.O.": [
        "None",
        "neutral"
    ],
    "Box \nRiverside, Phone: -- (see Government page for direct extensions)\nOffice Hours: Monday through Friday 8: am to 4: pm (due to COVID, the offices are currently closed to the public, but staff is available during the above hours and there is a drop box outside of the office for use) \n \n\t\t\t\t\t\t\tYour comments and questions are welcomed and encouraged.": [
        "Social",
        "positive"
    ],
    "Please use the following form to submit your question or comment.": [
        "None",
        "positive"
    ],
    "Notice: JavaScript is required for this content.": [
        "None",
        "neutral"
    ],
    "Police Department \n1 W. P.O.": [
        "Governance",
        "neutral"
    ],
    "Box \nRiverside, Phone: -- ext.": [
        "None",
        "neutral"
    ],
    "1 (PD) \nFax: -- \nCourt \n1 W. Riverside, Phone: -- ext.": [
        "None",
        "neutral"
    ],
    "Office Hours: Monday through Friday 9: am to 3: pm \nDepartmentTax and Registrar and Construction and  \n \nTax and  \nResident Budgets/Audits/Bids/RFP & Pay Your  \nA :\n S. Pavilion Avenue\r\nPO BOX  \r\nRiverside, P : --\n \nCopyright \u00a9  Riverside Township.": [
        "Social",
        "negative"
    ],
    "All rights reserved.": [
        "None",
        "neutral"
    ],
    "No imagery or logos contained within this site may be used without the express permission of Riverside Township \u00a9.": [
        "Environmental",
        "negative"
    ],
    "NJ Web     NJ SEO   provided by: \n  South Jersey  \nLand Tax and Registrar and Construction and Parks & American Legion Post \nRiverside Places Veterans of Pay Taxes / Sewer / --": [
        "Social",
        "negative"
    ]
}