{
    "\nRaritan Township NJ  - Mon-Fri: 8: \u2013 4:\nPublic --6100One Municipal DriveFlemington, NJ 08822 \nHomeGovernmentBid DocumentsDepartment DirectoryEmployment OpportunitiesForms & DocumentsMayor & Township CommitteeMeeting AgendasMeeting MinutesNews & AnnouncementsOrdinancesResolutionsDepartmentsAdministration & Human ResourcesConstructionEngineeringFinanceFire Safety ServicesMunicipal ClerkMunicipal CourtOffice of Emergency ManagementPlanning & Zoning DepartmentPolicePublic WorksParks & RecreationRegistrarTax AssessorTax CollectorBoardsAgricultural Advisory CommitteeBoard of AdjustmentBoard of HealthEnvironmental CommissionLocal Historians CommitteeOpen Space Advisory CommitteePlanning BoardRTMUA CommissionersResidentsAffordable Housing ApplicationsAlert SignupCommunity LinksJCP&L Power Outage MapMeeting & Event CalendarProperty Tax LookupReport a Streetlight OutageSchools Trash & HomeGovernmentBid DocumentsDepartment DirectoryEmployment OpportunitiesForms & DocumentsMayor & Township CommitteeMeeting AgendasMeeting MinutesNews & AnnouncementsOrdinancesResolutionsDepartmentsAdministration & Human ResourcesConstructionEngineeringFinanceFire Safety ServicesMunicipal ClerkMunicipal CourtOffice of Emergency ManagementPlanning & Zoning DepartmentPolicePublic WorksParks & RecreationRegistrarTax AssessorTax CollectorBoardsAgricultural Advisory CommitteeBoard of AdjustmentBoard of HealthEnvironmental CommissionLocal Historians CommitteeOpen Space Advisory CommitteePlanning BoardRTMUA CommissionersResidentsAffordable Housing ApplicationsAlert SignupCommunity LinksJCP&L Power Outage MapMeeting & Event CalendarProperty Tax LookupReport a Streetlight OutageSchools Trash & \t\t\t\tPet Licensing\t\t\t\nALL\u00a0Dogs and Cats (7 months and older)\u00a0MUST\u00a0be registered by\u00a0May ,  or a $ late fee will Proof of Rabies vaccination is required with expiration valid to\u00a0April 1, .": [
        "Social",
        "positive"
    ],
    "If your pet cannot be vaccinated, your vet must fill out the\u00a0\u00a0Rabies You may register your pet in the following ways:\nAt the Township\u2019s FREE Rabies Clinics, located at Department of Public Works,  Pennsylvania Avenue, Flemington, NJ \u2013 April 3, \u00a0and\u00a0May 8, ; 6: p.m. to 8: p.m.": [
        "Social",
        "positive"
    ],
    "Please contact the Municipal Clerk\u2019s Office at -- with any questions.": [
        "Social",
        "positive"
    ],
    "By mail,\u00a0\u00a0forms are available here:\u00a0Pet At the Municipal Clerk's Office,\u00a0One Municipal Drive, Flemington, NJ Monday-Friday, 8:30am-4:30pm.": [
        "Social",
        "neutral"
    ],
    "Please feel free to use our drop box at any time as well.": [
        "None",
        "positive"
    ],
    "Online:\u00a0www.sdlportal.": [
        "None",
        "neutral"
    ],
    "***Online directions, click the link above and create or login to your account, then look for \"Online Requests\" and \"Pet License Registration\".": [
        "None",
        "positive"
    ],
    "Select whether your pet is a new registration or renewal, enter your information and submit***\nFees:$ for neutered/spayed$ for non-neutered/spayedNo fee for cats of property owners with Please make checks payable to Any questions, please contact \u00a0or call --.": [
        "None",
        "positive"
    ],
    "For a list of free rabies clinics throughout Hunterdon County,\u00a0Conditions:\u00a0\nChapter  of the Township Ordinance requires that all dogs and cats be licensed and states that no dogs are permitted to run at large and that every dog when on the streets or in a public place in the Township shall be on a leash that is securely fastened.": [
        "Social",
        "positive"
    ],
    "Owners may be subject to a fine.": [
        "None",
        "positive"
    ],
    "Please complete the renewal application annually on or before\u00a0September \u00a0to avoid a late fee.": [
        "None",
        "neutral"
    ],
    "There is no fee for licensing of Seeing Eye or Hearing service dogs.": [
        "None",
        "negative"
    ],
    "Licensing period runs from\u00a0June 1st\u00a0to May 31st\u00a0of the following year.": [
        "None",
        "neutral"
    ],
    "License must be issued in the name of an adult member of the household.": [
        "Social",
        "neutral"
    ],
    "Newly acquired pets must be licensed within  days after taking ownership\u00a0OR\u00a0within  days of reaching the licensing age of 7 months\u00a0OR\u00a0within  days of moving to the Township.": [
        "Social",
        "positive"
    ],
    "A fee of $.": [
        "None",
        "neutral"
    ],
    "will be charged for a tag for pets licensed in another New Jersey municipality with proof of registration.": [
        "Social",
        "negative"
    ],
    "Rabies certificate\u00a0MUST NOT\u00a0expire prior to\u00a0April 1st\u00a0of the following year to receive the annual license.": [
        "None",
        "neutral"
    ],
    "Raritan Township offers four free rabies clinics the first two Wednesdays in April and May annually.": [
        "Social",
        "positive"
    ],
    "Failure to license may result in a fine.": [
        "None",
        "negative"
    ],
    "For information on New Jersey State Animal Cruelty Laws visit\u00a0https://www.state.nj.us/health/vph/ \nAccessibility\u00a0| Municipal Management Software and Websites by\u00a0Spatial \u00a0\u00a9 Copyright.": [
        "Social",
        "negative"
    ],
    "All Rights Reserved.": [
        "None",
        "neutral"
    ],
    "HomeGovernmentBid DocumentsDepartment DirectoryEmployment OpportunitiesForms & DocumentsMayor & Township CommitteeMeeting AgendasMeeting MinutesNews & AnnouncementsOrdinancesResolutionsDepartmentsAdministration & Human ResourcesConstructionEngineeringFinanceFire Safety ServicesMunicipal ClerkMunicipal CourtOffice of Emergency ManagementPlanning & Zoning DepartmentPolicePublic WorksParks & RecreationRegistrarTax Agricultural Advisory CommitteeBoard of AdjustmentBoard of HealthEnvironmental CommissionLocal Historians CommitteeOpen Space Advisory CommitteePlanning Affordable Housing ApplicationsAlert SignupCommunity LinksJCP&L Power Outage MapMeeting & Event CalendarProperty Tax LookupReport a Streetlight OutageSchools Trash &": [
        "Social",
        "positive"
    ]
}