{
    "\nThe Official Website of The Borough of Raritan, NJ - The History You don't have javascript enabled.": [
        "Social",
        "neutral"
    ],
    "Please enable it...\n\u00a0\nHOME > The History The first people to settle the Raritan Valley were the Naraticongs, a peace-loving branch of the Lenape who were part of the Iroquois Nation.": [
        "Social",
        "positive"
    ],
    "Numbering about 1, the Naraticongs lived mostly along the north side of the river.": [
        "Environmental",
        "neutral"
    ],
    "They roamed the forest to hunt, fished in the river, and planted corn in the fertile valley.": [
        "Environmental",
        "neutral"
    ],
    "In , when the Dutch and English arrived, the Naraticongs met them with friendly advances and a ready sale of land.": [
        "Social",
        "positive"
    ],
    "The Dutch shortened and altered the name of the Naraticongs and named the area Raritan, or \u201cforked river\u201d Other versions of history state that Raritan translate to \u201cwhere the stream overflows.\u201d\nThe Dutch, English, and French Huguenots were drawn to the area for the same reasons the Lenape Found appealing-the rich, fertile soil and the navigable river.": [
        "Environmental",
        "positive"
    ],
    "The Dutch also realized they could establish their own church, the Dutch Reformed Church, and live in freedom.": [
        "Social",
        "positive"
    ],
    "These opportunities played a major role in the establishment of the town of Raritan.": [
        "Social",
        "positive"
    ],
    "Raritan became a trading center for neighboring farmers.": [
        "Social",
        "neutral"
    ],
    "George Middaugh, one of the first settlers of Raritan, began constructing a tavern in .": [
        "Social",
        "neutral"
    ],
    "For many years, The Middaugh Tavern was the meeting place for the early governments of Raritan and neighboring Bridgewater, a gathering spot for colonists, and a stagecoach stop between New York and Philadelphia.": [
        "Environmental",
        "negative"
    ],
    "The tavern remains one of the oldest buildings in town.": [
        "None",
        "neutral"
    ],
    "During the American Revolution, while George Washington wintered at the Wallace House in nearby Somerville, the Marquis de Lafayette enjoyed the hospitality of Andreas Coejeman.": [
        "Social",
        "positive"
    ],
    "Considered the most opulent home in Raritan, the Coejeman House had hearths of fine Egyptian marble and mantels of carved mahogany.": [
        "Social",
        "positive"
    ],
    "After the Revolutionary War, Alexander Hamilton visited Raritan with the idea of constructing a series of canals.": [
        "Social",
        "negative"
    ],
    "The town fathers thought the idea was ludicrous, but the seed was planted, and a waterpower canal was dug from Bradley Gardens east to Raritan in .": [
        "Environmental",
        "negative"
    ],
    "This canal proved to be a boon to the town, and industries sprang up along the waterway, where they could harness the waterpower and also be close to the railroad.": [
        "Environmental",
        "neutral"
    ],
    "One Night, in , a fire broke out in the northwest corner of the small village.": [
        "Environmental",
        "negative"
    ],
    "Unfortunately, the bucket brigade was ineffective and the village lost two houses and one store.": [
        "Environmental",
        "negative"
    ],
    "As a result of that fire, a \u201cgooseneck\u201d fire engine was purchased, and Lafayette No.": [
        "Environmental",
        "negative"
    ],
    "1, the first organized fire company in Somerset County, was born.": [
        "Social",
        "negative"
    ],
    "In later years, the company was reorganized and became Relief Hose Company No.": [
        "None",
        "positive"
    ],
    "2.": [
        "None",
        "neutral"
    ],
    "By a special act of the New Jersey Legislature, the village officially became the town of Raritan in .": [
        "Social",
        "positive"
    ],
    "Joseph Frelinghuysen, a name long associated with Raritan, was elected president of the board of commissioners and set out to make Raritan attractive to new industry.": [
        "Social",
        "positive"
    ],
    "After a slow start, Raritan saw much growth and development.": [
        "None",
        "positive"
    ],
    "With large numbers of immigrants coming to America and consequently to Raritan, the population increased.": [
        "Social",
        "positive"
    ],
    "In , the first police department was established, and in , the town purchased a lot for $ from Mrs. A. H. Brokaw for the fire department\u2019s new engine house.": [
        "Social",
        "negative"
    ],
    "The Raritan Woolen Mills, established in , was the largest and most famous of Raritan\u2019s early industries; the quality of its goods was known throughout the United States.": [
        "Social",
        "positive"
    ],
    "In , its name was changed to the Somerset Manufacturing Company.": [
        "None",
        "neutral"
    ],
    "As many as  people were employed there at one time.": [
        "Social",
        "neutral"
    ],
    "Workers made uniforms and blankets for Union soldiers during the Civil War and uniforms for the U.S. Army during World War I.": [
        "Social",
        "negative"
    ],
    "During World War I, many patriotic men of Raritan enlisted to defend their homeland.": [
        "Social",
        "negative"
    ],
    "Those who remained on the home front spent thousands of dollars buying war bonds.": [
        "Social",
        "negative"
    ],
    "This determined war effort became widely known, and officials in Washington, D.C., commissioned the building of a ship to be called the SS Natirar (Raritan spelled backwards) in appreciation of the sacrifices made by the citizens of Raritan.": [
        "Social",
        "positive"
    ],
    "Raritan dignitaries launched the SS Natirar at Wilmington, Delaware, in .": [
        "Social",
        "positive"
    ],
    "U.S. President Warren G. Harding often visited his friend Sen. Joseph S. Frelinghuysen and his family and attended The Third Reform Church in Raritan.": [
        "Social",
        "positive"
    ],
    "It was not surprising that Harding and Frelinghuysen were playing a round of golf on July 2, , when Sen. Hale Kellogg, a messenger from Washington D.C., arrived with an important document requiring the president\u2019s signature.": [
        "Social",
        "positive"
    ],
    "The Knox-Porter Resolution, also known as the Treaty of Raritan, was signed by President Harding in the library of the Frelinghuysen home in Raritan on that day.": [
        "Social",
        "neutral"
    ],
    "The resolution officially ended World War I.": [
        "Social",
        "negative"
    ],
    "Once again, in , the United States went to war, and hundreds of Raritan\u2019s sons and daughters enlisted or were drafted into the service of their country.": [
        "Social",
        "negative"
    ],
    "One of these young men was Marine Gunnery Sgt.": [
        "Social",
        "neutral"
    ],
    "John Basilone.": [
        "None",
        "neutral"
    ],
    "Basilone was the first enlisted man to receive the Congressional Medal of Honor during World War II for his heroic action on Guadalcanal from October  through , .": [
        "Social",
        "positive"
    ],
    "A Japanese regiment of nearly 3, men attacked Basilone and his platoon, and Basilone wiped out the entire regiment almost single-handedly.": [
        "Social",
        "negative"
    ],
    "Rather than spend the rest of the war traveling throughout the United States encouraging people to buy war bonds, he elected to return to active duty.": [
        "Social",
        "neutral"
    ],
    "On February 19th, , Basilone was killed in action in the assault on Iwo Jima.": [
        "Social",
        "negative"
    ],
    "He was awarded the Navy Cross posthumously for his bravery during the battle.": [
        "Social",
        "positive"
    ],
    "A grateful and proud town erected a statue in Basilone\u2019s memory in  and has honored him with a parade since .": [
        "Social",
        "positive"
    ],
    "Although many years have passed since the first settlers set foot in this area, Raritan still retains its small town charm.": [
        "Environmental",
        "positive"
    ],
    "Walking along Somerset Street, one can still see original Colonial homes, stores, and churches, and three of the four original homes are still in use today.": [
        "Environmental",
        "positive"
    ],
    "For those of you who remember the Raritan of yesterday, enjoy this walk down memory lane.": [
        "Social",
        "positive"
    ],
    "We all must treasure the images of the past and remember to capture the images of today.": [
        "Environmental",
        "positive"
    ],
    "This is the way to preserve our heritage and culture for future generations.": [
        "Social",
        "neutral"
    ],
    "News & The Borough of Raritan, \r\n                             First Street\r\n                            Raritan,\r\n                            NJ,\r\n                            08869\r\n                        \nTel: \r\n                        \u00a9 The Borough of Raritan, NJ.": [
        "None",
        "neutral"
    ],
    "All Rights Reserved.": [
        "None",
        "neutral"
    ],
    "Developed by AlphaDog Solutions.": [
        "None",
        "positive"
    ],
    "If you have any trouble with accessing information contained within this website, please contact the Clerk\u2019s Office.": [
        "None",
        "negative"
    ],
    "\u00d7\nPlease ensure Javascript is enabled for purposes of": [
        "Social",
        "positive"
    ]
}