{
    "\nSea Bright | New Jersey - The Official Site of the Borough of     \n    \n  \nWelcome to Sea Bright!": [
        "Social",
        "positive"
    ],
    "Welcome to Sea Bright!": [
        "Social",
        "positive"
    ],
    "groups\r\n Meetings\r\n \nbeach_access\r\n Beach Info\r\n \nflood\r\n Flooding\r\n \npayments\r\n Pay Taxes\r\n \ndescription\r\n Forms\r\n \ndelete\r\n Trash &  The Official Site of the Borough of\u00a0Sea Bright, New Jersey \u00a0       Municipal  Ocean Avenue\r\nSea Bright, Monday through Friday\r\n8:30am - 4:--\n  \n Wed Jul  \n\r8: A.M. Council Workshop Meeting - See link under In The News for meeting access info.": [
        "Social",
        "positive"
    ],
    "Tue Jul  \n\r7: P.M.": [
        "None",
        "neutral"
    ],
    "Regular Council Meeting - See link under In The News for meeting access info.": [
        "Social",
        "neutral"
    ],
    "Click here for full monthly calendar.": [
        "None",
        "neutral"
    ],
    "Library & Cultural  Thu Jul  \n\r9: a.m. Zumba with Tatiana\r   \n   \u00a0\nClick here for full library calendar.": [
        "Social",
        "neutral"
    ],
    "There are currently no alerts for the Borough of Sea Bright!": [
        "Social",
        "positive"
    ],
    "Check back for more information.": [
        "None",
        "neutral"
    ],
    "Sign Up Sign Up    \nAgendas &     \r\nBEACH OFFICE HOURS\r\n\r\nThe Beach Office is open seven days a week,from 9: AM until 4: PM through Labor Day --\r\n\r\nSAND FENCING INFORMATION\r\n\r\nPlease DO NOT remove the sand fencing!": [
        "Social",
        "positive"
    ],
    "Click for \r\nFARMERS' MARKET\r\n\r\n1: to 6: PM on Wednesdays  \nlocated next to the Beach Pavilion on the basketball court\r\n\r\n FREE RABIES VACCINATIONS\r\n\r\nSaturday Oct. ,  : am \u0096 : pm \nSea Bright Firehouse  E. Ocean Ave. 07760\r\nClick for \r\nPAID PARKING IS IN EFFECT THROUGH SEPTEMBER 15th\r\n\r\n9: AM - 9: PM, $ per hour \nParking fees may be paid at kiosks using a credit card or cash.": [
        "Social",
        "positive"
    ],
    "(Quarters, $ and $ bills accepted.)": [
        "None",
        "neutral"
    ],
    "Parking may also be paid on your mobile device by downloading the mpay2park app.": [
        "Social",
        "neutral"
    ],
    "PARKING PASSES\r\n\r\nParking Passes are available at the Sea Bright Police Department.": [
        "Social",
        "positive"
    ],
    "PROPER ID REQUIRED.": [
        "None",
        "neutral"
    ],
    "Click for \r\nPOLL WORKERS NEEDED FOR GENERAL AND PRIMARY ELECTIONS\r\nClick for \r\n JUNIOR LIFEGUARD INFORMATION\r\n\r\nRegistration for the Junior  \nPLEASE NOTE: You must create an account prior to registering for a session.": [
        "Social",
        "positive"
    ],
    "You can create an account by clicking the link below.": [
        "None",
        "positive"
    ],
    "Find \"Sign Up\" on top right.": [
        "Social",
        "positive"
    ],
    "Click for \r\n REALTY DATA SYSTEMS INSPECTIONS\r\n\r\nThe Borough of Sea Bright is under contract with Realty Data Systems (RDS) to inspect a designated portion of all properties located in the Borough each year.": [
        "None",
        "positive"
    ],
    "Click link to find information from Sea Bright's Tax Assessor, Tim Anfuso.": [
        "Social",
        "neutral"
    ],
    "Click for \r\nNEW TAX PAYMENT INFORMATION\r\n\r\nYou can now create an account to store payment methods and schedule future payments.": [
        "Social",
        "positive"
    ],
    "Click on \"Pay Taxes\" and follow the instructions under \"New User\" to register.": [
        "None",
        "negative"
    ],
    "SEA BRIGHT - RUMSON BRIDGE PROJECT UPDATES\r\nClick for \r\nSHREWSBURY RIVERFRONT PARK MATCHING GRANT\r\nClick for \r\nSHORT TERM RENTAL ORDINANCE IN EFFECT\r\nClick for \r\nSCHOOL REGIONALIZATION JOINT MAYORS STATEMENT, \r\nClick for \r\nLETTER TO SEA BRIGHT RESIDENTS FROM RUMSON MAYOR JOSEPH K. HEMPHILL\r\nClick for \r\nSEA BRIGHT RIVER PROPERTIES REDEVELOPMENT\r\n\r\nClick \"More\" for redevelopment information.": [
        "Social",
        "positive"
    ],
    "Click for  \nNews & \r\nBEACH OFFICE HOURS\r\n\r\nThe Beach Office is open seven days a week,from 9: AM until 4: PM through Labor Day --\r\n\r\nSAND FENCING INFORMATION\r\n\r\nPlease DO NOT remove the sand fencing!": [
        "Environmental",
        "positive"
    ],
    "Click for  \nAgendas &        There are currently no alerts for the Borough of Sea Bright!": [
        "Social",
        "positive"
    ],
    "Sign Up Sign Up    \n   \n      \n   \nBorough of Sea Bright\u00a0\u00a0\n Ocean Avenue\r\nSea Bright, \r\nPhone: () - \u00a0\u00a0\r\nFax: () -\n   \n   \n  \n   \nTo find your zone, click on image.": [
        "Social",
        "positive"
    ],
    "Sea Bright Borough Hall \u00a0 |\u00a0 \u00a0\r\n\r\n Ocean Avenue,\u00a0Sea Bright, NJ\u00a007760 \u00a0 | \u00a0\u00a0\r\n\r\nPhone: () - \u00a0\u00a0Fax: () - \r\nSea Bright Borough Hall \n\u00a0  \r\n Ocean Avenue,\u00a0Sea Bright, NJ\u00a007760\r\n\r\nPhone: () - \u00a0\u00a0Fax: () - \r\n \nPowered by Websites made easy.": [
        "None",
        "positive"
    ],
    "www.zumu.": [
        "None",
        "neutral"
    ]
}