{
    "\nSpringfield Township Municipal Services - New Jersey - Burlington County -  \nExpand/HomeFrequently Asked QuestionsTownship Government\u00a0Boards/CommitteesAdministrative OfficesAgendas Minutes and FinancialsPoliceFireCommunity EventsReporting Outages / Pot Holes/ Road ConditionsPublic NoticesTrash / Recycling\u00a0RecyclingTrashApplications/FormsHistoryMaster PlanContact HomeFrequently Asked QuestionsTownship GovernmentAdministrative OfficesAgendas Minutes and FinancialsPoliceFireCommunity EventsReporting Outages / Pot Holes/ Road ConditionsPublic NoticesTrash / RecyclingApplications/FormsHistoryMaster PlanContact \u00a0\n \n \n SPRINGFIELD TWP.": [
        "Social",
        "neutral"
    ],
    "\u2014 Local officials are celebrating a recent over one of the nation\u2019s biggest housing developers, a win that keeps intact one of the most rural, lightly populated, and heavily agricultural areas in New Jersey.": [
        "Social",
        "positive"
    ],
    "Builder D.R.": [
        "None",
        "neutral"
    ],
    "Horton Inc. has a contract to Van Wagoner family farm, about  acres unfolding on either side of Arney\u2019s Mount-Birmingham Road.": [
        "Social",
        "neutral"
    ],
    "It wants to build nearly  homes, with  percent intended as \u201caffordable\u201d housing and as market rate.": [
        "Social",
        "neutral"
    ],
    "video link below:\n\u00a0\nSpringfield Twp fight against housing developer D.R.": [
        "Social",
        "negative"
    ],
    "Horton (courierpostonline.com)\n\u00a0  \n Springfield Township, Burlington County Press Release March , \n\u00a0\nOn March 7,  Jeanne Covert, Assignment Judge of the New Jersey Superior Court in Burlington County rendered a decision in the case of D.R.": [
        "None",
        "positive"
    ],
    "Horton vs.": [
        "None",
        "neutral"
    ],
    "Township.": [
        "None",
        "neutral"
    ],
    "The Court\u2019s decision upholds the principle that sound land use planning matters in New Jersey.": [
        "Environmental",
        "neutral"
    ],
    "The Court sustained the carefully-considered and decades-long efforts of Springfield Township,\nBurlington County, and the State to retain a viable agricultural industry and to keep contiguous blocks of prime farmland in the hands of working farmers.": [
        "Social",
        "negative"
    ],
    "These efforts prevailed even deep-pocketed national builder that tried to use the Mount Laurel doctrine to force a suburban housing development into the middle of farmland and environmentally sensitive areas where and the infrastructure needed to support it don\u2019t exist and should not be extended.": [
        "Environmental",
        "positive"
    ],
    "For decades Springfield has been committed, with its polices and pocketbook, to the retention of agriculture, the protection of environmentally sensitive lands, the preservation of farmland, provision of locally appropriate affordable housing in ways that are aligned with County and State land use priorities for the area.": [
        "Social",
        "positive"
    ],
    "In our densely populated and heavily developed State,\nSpringfield\u2019s land use planning objectives can only be achieved through deliberate and coordinated planning that involves every level of government.": [
        "Environmental",
        "neutral"
    ],
    "The residents of the Township their support of these policies with their overwhelming votes to approve local bond ordinances for farmland preservation, a local farmland preservation tax (in , and again last year), County open space and farmland preservation tax.": [
        "Social",
        "positive"
    ],
    "The taxpayers\u2019 approval of these levies demonstrates that the citizens of Springfield Township and the region place a high value on farmland space preservation.": [
        "Social",
        "positive"
    ],
    "The collective investments of tens of millions of dollars by State, County and local government in land preservation in Springfield, and the ongoing commitments to do even more,\nare because Springfield is at the center of a broader regional effort to create a large area of preserved rural farmlands to secure the long-term stability of the agricultural industry benefit of all citizens of the State.": [
        "Social",
        "positive"
    ],
    "Since , when the nation\u2019s largest homebuilder, D.R.": [
        "Social",
        "neutral"
    ],
    "Horton- a public company with billions of dollars in annual revenues- first approached Springfield demand that Horton be allowed to construct 1, residences on the  acre Van Wagoner farm on Arney\u2019s Mount-Birmingham Road, Springfield has resisted.": [
        "Social",
        "negative"
    ],
    "The proposal was not accepted Township\u2019s Mayor and Council, because it was clearly not consistent with the character of the area, would destroy prime soils and fragment the agricultural land base, would require the the highest point in southern New Jersey (Arney\u2019s Mount), would necessitate the wasteful extension of infrastructure from developed areas that are miles away, and would require small country handle traffic far beyond their capacity.": [
        "Environmental",
        "negative"
    ],
    "The proposal was inconsistent with sound land use planning at every level of government.": [
        "Environmental",
        "neutral"
    ],
    "D.R.": [
        "None",
        "neutral"
    ],
    "Horton then filed a builder\u2019s remedy lawsuit Township, the Township Council, the Mayor and the Planning Board seeking to use the Mount Laurel doctrine as a club to batter the Township into approval of Horton\u2019s inappropriate plans.": [
        "Social",
        "positive"
    ],
    "course of the litigation, D.R.": [
        "None",
        "negative"
    ],
    "Horton revised its proposal downward to  units, and then to  units, as wetlands, steep slopes and other environmental issues made it clear (even to Horton) large areas of the farm could not be developed.": [
        "Environmental",
        "positive"
    ],
    "Before the Court, Horton\u2019s argument relied upon its proposal to make % of the housing affordable and its willingness to spend unlimited money to achieve all of the permits and approvals that would be needed for the development.": [
        "Social",
        "negative"
    ],
    "The Court found that the Township had demonstrated that D.R.": [
        "None",
        "neutral"
    ],
    "Horton\u2019s proposal was the epitome of poor planning and that the proposed site is not appropriate or suitable for the they proposed.": [
        "Environmental",
        "negative"
    ],
    "Springfield Township has been and continues to be committed to providing for Springfield\u2019s fair share of affordable housing, but the Mayor and members of the Town Council do so in a responsible manner that respects sound planning, not as dictated by opportunistic, profit-seeking developers.": [
        "Social",
        "positive"
    ],
    "The New Jersey Turnpike Authority is undertaking a Program to construct grade-U-Turn Structures for maintenance vehicles and emergency responders on the southern portion of the Turnpike, from just north of Interchange 5 to the Delaware Memorial Bridge.": [
        "Social",
        "negative"
    ],
    "This Program is Design, with construction anticipated to begin in .": [
        "None",
        "neutral"
    ],
    "One new U-Turn is planned within the boundaries of Springfield Township, at Turnpike Milepost .1, approximately two miles Interchange 5.": [
        "Environmental",
        "neutral"
    ],
    "Use the links below for\u00a0 more information.": [
        "None",
        "neutral"
    ],
    "NJTA Capital Projects: Capital Projects | Virtual Room: New Jersey Turnpike Capacity Enhancements Program (aecomviz.com)  \n                    Print                 |\n \u00a9             \n                    Login                \nWeb Logout |\n\u2191": [
        "None",
        "neutral"
    ]
}