{
    "\nCME NAIL SPA - Updated July  -  Photos &  Reviews -  Mountain Ave, Springfield Township, New Jersey - Nail Salons - Phone Number - YelpYelp for BusinessWrite a ReviewStart a ProjectLog InSign UpRestaurantsDeliveryBurgersChineseItalianReservationsJapaneseMexicanThaiHome ServicesContractorsElectriciansHome CleanersHVACLandscapingLocksmithsMoversPlumbersAuto ServicesAuto RepairAuto DetailingBody ShopsCar WashCar DealersOil ChangeParkingTowingMoreDry CleaningPhone RepairBarsNightlifeHair SalonsGymsMassageShoppingMoreCME Nail Spa4.3 ( reviews)Unclaimed Nail SalonsOpen9: AM - 7: PMSee hoursSee all  photosLoading interface...Loading interface...Loading interface...Loading interface...Loading interface...Loading interface...Loading interface...Loading interface...Loading interface...Loading interface...Loading interface...Loading interface...Loading interface...Loading interface...Loading interface...Loading interface...Write a reviewAdd photoShareSaveReview Highlights\u201cI believe the owner's name is Maria - she and her staff are very friendly and accommodating.\u201d in 4 reviews\u201cShe fixed my nail up, my feet look great and the pedicure was relaxing ( Shea butter and hot stone massage).\u201d in 7 reviews\u201cRosa took care of me , took her time and did a wonderful job .\u201d in 2 reviewsLocation & HoursSuggest an edit223 Mountain AveSpringfield Township, NJ 07081Get directionsMon9: AM - 7: PMTue9: AM - 7: PMWed9: AM - 7: PMOpen nowThu9: AM - 7: PMFri9: AM - 7: PMSat9: AM - 6: PMSunClosedYou Might Also ConsiderSponsoredMaeve in June4.8 ( reviews)Juliana G. said\"It took me weeks of research to find someone that I could trust with coloring my hair because before moving to NYC I had only been to one stylist my whole life but Sahar is a master of balayage!": [
        "Social",
        "positive"
    ],
    "I don't like to get my hair colored\u2026\"read morein Hair SalonsHair Cuttery3.4 ( reviews)P S. said\"I went to this place for the first time and was in dilemma whether to cut my hair short as it got so damaged after straightening but AMY here was polite and understanding and heard patiently what my concerns were and gave me haircut\u2026\"read morein Men's Hair Salons, Hair Stylists, Hair SalonsRenew Body Wellness4.1 ( reviews)Arnie R. said\"Okay, so...": [
        "Environmental",
        "negative"
    ],
    "I have been hearing about this place for awhile now.": [
        "Social",
        "neutral"
    ],
    "From the mouths of the richest, snobbiest people I come across in my line of work everyday to the kinder, middle-class souls that I get to interact with every now and\u2026\"read morein MassageAmenities and MoreAccepts Credit CardsPrivate Lot ParkingFree Wi-FiAbout the BusinessWe specialize on gel, pedicure and manicure,\u2026Read moreAsk the CommunityAsk a questionYelp users haven\u2019t asked any questions yet about CME Nail Spa.People also searched forManicureEyebrow WaxingShellac ManicureGel PedicuresDip ManicureNail ExtensionsRecommended ReviewsYour trust is our top concern, so businesses can't pay to alter or remove their reviews.": [
        "Social",
        "positive"
    ],
    "Learn more about reviews.UsernameLocation00Choose a star rating on a scale of 1 to  star ratingNot good2 star ratingCould\u2019ve been better3 star ratingOK4 star ratingGood5 star ratingGreatSelect your ratingStart your review of CME Nail SpaOverall rating22 reviews5 stars4 stars3 stars2 stars1 starFilter by ratingSearch reviewsSearch reviewsMariand T.Flatiron, Manhattan, NY0161Dec , 2023Just had some extensions removed and had a manicure with dip powder.": [
        "None",
        "neutral"
    ],
    "My nail tech was excellent, saved two of my nails that were on the verge of breaking and did a beautiful job on my manicure.": [
        "Environmental",
        "positive"
    ],
    "Great attention to detail.": [
        "Governance",
        "positive"
    ],
    "Their prices are also great.": [
        "None",
        "positive"
    ],
    "I'm so happy they're down the street from where I live!Helpful 0Helpful 1Thanks 0Thanks 1Love this 0Love this 1Oh no 0Oh no 1Lauren K.Elite 24Millburn, NJ20339546Jan , 20232 photosCME nail spa is located in a convenient little strip in Springfield with a large adjoining parking lot.": [
        "Social",
        "positive"
    ],
    "I came in midday on a weekday after calling ahead and they encouraged me to come right in.": [
        "Social",
        "positive"
    ],
    "There were a few people getting manicures when I arrived, but they took me immediately for a pedicure and seem to have some nice Covid precautions still in place - asking me to wash my hands when I came in, and everyone working there was masked.": [
        "Social",
        "positive"
    ],
    "Doria did my pedicure and she was detailed, thorough, and gentle.": [
        "Social",
        "positive"
    ],
    "My nails looks great and I didn't feel rushed at all.": [
        "Social",
        "positive"
    ],
    "She gave me a brief massage while my nails were drying too.": [
        "Environmental",
        "neutral"
    ],
    "This was easily the cheapest nail salon I found in the area (prices in the attached photos), but the quality was amazing.": [
        "Environmental",
        "positive"
    ],
    "They even have a rewards program with $5 off after 7 visits.Pricing sheetPricing sheetHelpful 1Helpful 2Thanks 0Thanks 1Love this 0Love this 1Oh no 0Oh no 1Amy G.San Francisco, CA061Mar 4, 2024Lovely salon, lots of colors and not very busy on week days.": [
        "Social",
        "negative"
    ],
    "I enjoy that they're open late so I can go after work and have had a great experience each time I go!Helpful 0Helpful 1Thanks 0Thanks 1Love this 0Love this 1Oh no 0Oh no 1Ashley M.NJ, NJ176Jul , 20232 photosI don't know how I haven't come to this place sooner!": [
        "Social",
        "positive"
    ],
    "It is a very nice, small, and clean place.": [
        "Environmental",
        "positive"
    ],
    "All the workers are very nice/kind.": [
        "Social",
        "neutral"
    ],
    "I got acrylics and a gel pedicure and both were really great and everyone was so gentle with my hands.": [
        "Social",
        "positive"
    ],
    "One of the best experiences I've had.": [
        "Social",
        "positive"
    ],
    "Definitely  service, I would recommend this place.Acrylic Nails - French TipsAcrylic Nails - French TipsHelpful 0Helpful 1Thanks 0Thanks 1Love this 0Love this 1Oh no 0Oh no 1Katie G.Elite 24Hollywood, FL38166448Jul , 20216 photosIn town visiting from FL and this place is around the corner from my grandmas house.": [
        "Environmental",
        "positive"
    ],
    "All the ladies working here are so nice and accommodating.": [
        "Social",
        "positive"
    ],
    "The presentation on their dip colors was nicely laid out, the salon was clean, and very reasonably priced.": [
        "Environmental",
        "positive"
    ],
    "I was taken immediately as a walk in.": [
        "Social",
        "neutral"
    ],
    "Thank you CME nail spa!See all photos from Katie G. for CME Nail SpaHelpful 1Helpful 2Thanks 0Thanks 1Love this 0Love this 1Oh no 0Oh no 1Evelyn H.San Francisco, CA01Oct 6, 2023So I made and appointment for me and my niece to get pedicures for 1:15pm .": [
        "Social",
        "negative"
    ],
    "We arrived there about  min early and waited.": [
        "Social",
        "neutral"
    ],
    "Another clients walks in and says they just called.": [
        "Social",
        "neutral"
    ],
    "That client gets a seat in the pedicure seat.": [
        "Social",
        "neutral"
    ],
    "Why do my niece and I have to wait with our feet soaking from 1: til 1: .": [
        "Environmental",
        "neutral"
    ],
    "I just asked for a towel and told them do my nieces feet.": [
        "Environmental",
        "neutral"
    ],
    "There was not going to be enough time to do both.": [
        "None",
        "neutral"
    ],
    "Horrible customer service... definitely would not be back...": [
        "None",
        "negative"
    ],
    "I will drive  min to clifton where I usually go.Helpful 0Helpful 1Thanks 0Thanks 1Love this 0Love this 1Oh no 0Oh no 1Von K.Bloomfield, NJ1789168Sep 1, 20211 photoI was a little hesitant to try a new nail salon but I have had enough of my old one, and the reviews for this place were good.": [
        "Social",
        "positive"
    ],
    "I called randomly in the middle of the week and was able to get an appt right away.": [
        "Social",
        "neutral"
    ],
    "I went in for a pedicure and acrylic fill in.": [
        "Environmental",
        "neutral"
    ],
    "Ok first that pedicure it was really nothing to write home about.": [
        "Social",
        "positive"
    ],
    "The tech was nice but didn't really give me the nice foot rub and scrub I'm used to.": [
        "Environmental",
        "positive"
    ],
    "I would say it's a 3 out of 5.": [
        "None",
        "neutral"
    ],
    "If I went back I would just get my nails done.": [
        "None",
        "neutral"
    ],
    "Ok so the nail tech was nice a bit heavy handed with the machine but did a really good job with my nails.": [
        "Environmental",
        "positive"
    ],
    "She was bit slow but I think that is because she really wanted to do a good job which she did.": [
        "Social",
        "positive"
    ],
    "I wish she a bit faster but I would ho back to her again because of the quality of her work.Helpful 1Helpful 2Thanks 0Thanks 1Love this 0Love this 1Oh no 0Oh no 1Monica P.Spring, TX369Sep , 20211 photoThey got me in the same day I called and did a fantastic job fixing my UV nails.": [
        "Social",
        "positive"
    ],
    "Their pricing is significantly more affordable than other places in the area.": [
        "Social",
        "neutral"
    ],
    "I'll definitely be back ^__^Helpful 0Helpful 1Thanks 0Thanks 1Love this 1Love this 2Oh no 0Oh no 1Risa G.Summit, NJ403396Dec , 20213 photosFirst time here today.": [
        "None",
        "negative"
    ],
    "Salon was clean.": [
        "Environmental",
        "positive"
    ],
    "Masks required to enter.": [
        "None",
        "neutral"
    ],
    "I was asked to wash my hands when I arrived.": [
        "Social",
        "neutral"
    ],
    "I  made a pedicure appointment,  but I liked it so much I asked if I could also get a manicure, too.": [
        "Social",
        "positive"
    ],
    "I brought my own tools and polish, but everything looked clean/sanitized.": [
        "Environmental",
        "neutral"
    ],
    "Rosa did a fabulous job and gave a great massage.Helpful 0Helpful 1Thanks 1Thanks 2Love this 0Love this 1Oh no 0Oh no 1J\u00e9ssenia P.Sayreville, NJ271Jun , 2022I don't normally post reviews but I'm super impressed !": [
        "Social",
        "positive"
    ],
    "I've recently moved to Springfield and didn't have a nail spot in the area and was traveling to East Brunswick for my pedicures .": [
        "Social",
        "neutral"
    ],
    "Today I decided to try a place nearby and this place did an amazing job !": [
        "Social",
        "positive"
    ],
    "Rosa took care of me , took her time and did a wonderful job .": [
        "Social",
        "positive"
    ],
    "I will continue coming here and will be spreading the good word on this hidden gem.Helpful 0Helpful 1Thanks 0Thanks 1Love this 0Love this 1Oh no 0Oh no 11231 of  other reviews that are not currently recommendedOther Nail Salons NearbySponsoredUnimited Nail & Spa3.8 ( reviews)Micaela M. said\"I've been coming to Unimited for the past year and a half.": [
        "Environmental",
        "negative"
    ],
    "They do an exceptional job each and every time.": [
        "Social",
        "neutral"
    ],
    "They are a bit expensive, but worth it for the work they produce.": [
        "Environmental",
        "positive"
    ],
    "The salon is in pristine condition and they are constantly\u2026\"read morein Nail SalonsSummer Nail Studio4.3 ( reviews)Kimberly K. said\"I've been coming here for the past couple months and have had nothing but amazing experiences and customer service!": [
        "Social",
        "negative"
    ],
    "I'm extremely picky about my nails so you know it's a good place when I like it.": [
        "Social",
        "positive"
    ],
    "I recommend making an appointment,\u2026\"read morein Nail SalonsPhone number() -2193Get Directions223 Mountain Ave Springfield Township, NJ 07081Suggest an editIs this your business?Claim your business to immediately update business information, respond to reviews, and more!Verify this businessExplore benefitsYou Might Also ConsiderSponsoredGolden Tree Nails & Spa3.4 ( reviews)\"OK so here is the thing -- I love their manis and pedis; staff is very welcoming\u2026\"read moreMontclair Concierge Medicine: Kelly DiStefano, MD4.5 ( reviews)\"Felt that I had to make this right so I am updating my review.": [
        "Social",
        "positive"
    ],
    "The bruising I\u2026\"read morePeople Also ViewedNail Club46$$ModerateNail SalonsLovely Nails48$$ModerateNail Salons, WaxingMiu Miu Nail Spa45$$ModerateNail SalonsNail Flower42$$ModerateNail SalonsClassic Nails13Nail SalonsLovely Nails Studio35$InexpensiveNail SalonsLusso Nails77$$ModerateNail SalonsVital Tips99$$ModerateNail Salons, WaxingGlady\u2019s Nails50$$ModerateNail SalonsTop Nails38$$ModerateNail SalonsBrowse NearbyThings to DoPedicureCoffeeShoppingManicureSushiEyebrow ThreadingOther Nail Salons NearbyFind more Nail Salons near CME Nail SpaPeople found CME Nail Spa by searching for\u2026Nail Powder Dip Springfield TownshipBest Gel Nail in Springfield TownshipBest Mani Pedi in Springfield TownshipBest Nails Salon And Spa in Springfield TownshipGel Extension Nails in Springfield Township, New JerseyNail Salon Spa in Springfield Township, New JerseyNail Salons in Springfield Township, New JerseySns Nails in Springfield Township, New JerseyTop  Acrylic Nails in Springfield TownshipTop  Dip Powder Nails in Springfield TownshipTop  Foot Callus in Springfield TownshipTop  Uv Gel Nails in Springfield TownshipAboutAbout YelpCareersPressInvestor RelationsTrust & SafetyContent GuidelinesAccessibility StatementTerms of ServicePrivacy PolicyAd ChoicesYour Privacy ChoicesDiscoverYelp Project Cost GuidesCollectionsTalkEventsYelp BlogSupportYelp MobileDevelopersRSSYelp for BusinessYelp for BusinessBusiness Owner LoginClaim your Business PageAdvertise on YelpYelp for Restaurant OwnersTable ManagementBusiness Success StoriesBusiness SupportYelp Blog for BusinessYelp Data for B2BYelp Data for B2CLanguagesEnglishCitiesExplore a CityAustinBaltimoreCharlotteChicagoColorado SpringsColumbusDallasDenverDetroitEl PasoFort WorthHoustonIndianapolisJacksonvilleLas VegasLos AngelesMiamiNashvilleNew YorkOklahoma CityPhiladelphiaPhoenixPortlandSacramentoSan AntonioSan DiegoSan FranciscoSan JoseSeattleWashingtonAboutBlogSupportTermsPrivacy PolicyYour Privacy ChoicesCopyright \u00a9 \u2013 Yelp Inc. Yelp, ,   and related marks are registered trademarks of Yelp.": [
        "Social",
        "positive"
    ]
}