{
    "\nSpringfield Township Municipal Services - New Jersey - Burlington County -  \nExpand/HomeFrequently Asked QuestionsTownship Government\u00a0Boards/CommitteesAdministrative OfficesAgendas Minutes and FinancialsPoliceFireCommunity EventsReporting Outages / Pot Holes/ Road ConditionsPublic NoticesTrash / Recycling\u00a0RecyclingTrashApplications/FormsHistoryMaster PlanContact HomeFrequently Asked QuestionsTownship GovernmentAdministrative OfficesAgendas Minutes and FinancialsPoliceFireCommunity EventsReporting Outages / Pot Holes/ Road ConditionsPublic NoticesTrash / RecyclingApplications/FormsHistoryMaster PlanContact \u00a0\n Tax Collector  \n Melissa Chesla -- Ext.": [
        "Social",
        "neutral"
    ],
    "or --\nOffice hours: Every Wednesday 9 a.m. - 3 p.m.\nDuring each tax Quarter - 1st throught 10th day of the month in February, May, August and November 9 am -  pm.": [
        "Social",
        "neutral"
    ],
    "Tax payments can be made in the tax office during the hours listed above, by using the drop box outside the municipal building at all other times or online.": [
        "Social",
        "negative"
    ],
    "In the event you receipt or amount due please be sure to come during the hours listed above.": [
        "None",
        "positive"
    ],
    "Please be advised that deposits made in the drop box after 3 p.m. will be posted to the next business day.": [
        "None",
        "positive"
    ],
    "Senior Freeze Extension (PTR)\n\u00a0\nIf you need a PTR 1 or PTR 2 filled out, please call the tax office and provide which form you need and it will be sent to you.": [
        "Social",
        "positive"
    ],
    "This form can also be emailed if preferred.": [
        "None",
        "neutral"
    ],
    "The begin mailing PTR applications in early March .": [
        "None",
        "neutral"
    ],
    "The deadline to file the application is October , .": [
        "None",
        "neutral"
    ],
    "Check if you\u2019re eligible today:\u00a0https://www.state.nj.us/treasury/taxation/relief.If you have any questions, you can call the Tax Office at --.": [
        "None",
        "neutral"
    ],
    "Or you can email us at\u00a0  \n The Tax Collector's Office is responsible for the following:\n\u00a0\nBilling and collection of Veteran and  ft. \u00a0  TAX PAYMENTS ARE NOW BEING ACCEPTED ONLINE OR BY ACH AUTOMATIC WITHDRAWAL.": [
        "Social",
        "positive"
    ],
    "SEE BELOW FOR MORE INFORMATION AND CLICK THE LINK BELOW FOR\u00a0MAKING ONLINE PAYMENTS.": [
        "None",
        "neutral"
    ],
    "FEES AS FOLLOWS:\n\u00a0\nIf you pay by ACH or e-check, there is a $ convenience fee.": [
        "None",
        "negative"
    ],
    "If you pay by Visa personal debit card, there is a $ convenience fee.": [
        "None",
        "negative"
    ],
    "The fee for all other debit and credit card payments approximately % of your total bill.": [
        "None",
        "positive"
    ],
    "Click below to make payment.": [
        "None",
        "neutral"
    ],
    "https://wipp.edmundsassoc.com/Wipp/?wippid=\n\u00a0\nACH check withdrawal can be set up by completing the attached form below and returning to the Tax Collector.": [
        "Social",
        "neutral"
    ],
    "There is no fee associated with this option.": [
        "None",
        "negative"
    ],
    "ACH Direct Withdrawals.pdf Adobe Acrobat document [.9 KB]             \n \n New Jersey Division of Taxation's Property Tax Relief Program \u00a0\nhttps://www.state.nj.us/treasury/taxation/relief.shtml  PROPERTY TAX REIMBURSEMENT (SENIOR FREEZE) INFORMATION:\n\u00a0\nTo ask questions: -- (8: am to 4: pm, Mon-Fri, except holidays)\nTo check status of a filed Application: --\nTo listen to information or to order an application: --\nIn-person assistance at Taxation Regional Offices (8: am to 4: pm, Mon-Fri. except holidays): www.state.nj.us/treasury/taxation/ot1.shtml\u00a0\nOnline information: www.state.nj.us/treasury/taxation/ptr/buffer.Text Telephone Service (TTY/TDD) for Hard-of-Hearing Users: -- or --\nTaxation email address for general tax questions: \u00a0\n\u00a0\nForms are available on the Springfield Township website under Tax Collector in the Application/Forms tab  \n PROPERTY \u00a0\nThe property assessment cards are informational in nature and should not be used for income tax purposes.": [
        "None",
        "positive"
    ],
    "annual\u00a0tax bill is for billing purposes and is the accurate accounting of the amount of taxes\u00a0 paid on a property during the year.": [
        "None",
        "neutral"
    ],
    "Print                 |\n \u00a9             \n                    Login                \nWeb Logout |\n\u2191": [
        "None",
        "neutral"
    ]
}