{
    "\nHome Renovation & Remodeling Contractor | Springfield Township & Mountainside Township, Follow  \n \n!HomeInterior SevicesKitchen RenovationsBasement RenovationsBathroom RenovationsCabinetryCountertopsLight InstallationFlooring InstallationPaintingTub to  \n () -Give Your Kitchen a Fresh Call us about kitchen renovations in Springfield Township & Mountainside Township,  \nWatch Your Dream Home Come Turn to the experts for home renovation services in Springfield Township & Mountainside Township, Have you been dreaming of a custom home complete with all the design features you want?": [
        "Social",
        "positive"
    ],
    "You don't have to move to a new home to get the upgrades and features on your must-have list.": [
        "Social",
        "neutral"
    ],
    "When you turn to Matthews General Contractors for home renovation services in Springfield Township & Mountainside Township, NJ, we can transform your current home into the home of your dreams.": [
        "Social",
        "positive"
    ],
    "Just sit back and relax while we transform your living space.Reach out today to speak with a talented remodeling contractor and handyman.": [
        "Social",
        "positive"
    ],
    "Make your bathroom more comfortable and functional.": [
        "Environmental",
        "positive"
    ],
    "Bring your kitchen design dreams to life.": [
        "Social",
        "positive"
    ],
    "Turn your basement into the ultimate man cave or game room.": [
        "None",
        "neutral"
    ],
    "Take a look at our work.": [
        "Social",
        "neutral"
    ],
    "Why choose Matthews General Contractors?": [
        "Social",
        "neutral"
    ],
    "When it comes to choosing the right remodeling contractor in Springfield Township & Mountainside Township, NJ, you don't want to hire an inexperienced crew.": [
        "Social",
        "negative"
    ],
    "You'll be pleased to learn that Matthews General Contractors:Has over  years of remodeling experienceHandles every renovation from start to finishProvides both residential and commercial servicesOffers comprehensive plumbing servicesDoes top-quality quality work on every jobWe specialize in kitchen, bathroom and basement renovations for residents of Springfield Township, NJ.": [
        "Social",
        "positive"
    ],
    "Stop dreaming about your customized home and make it a reality.custom cabinet installation | flooring installation | tub to shower conversion\u00a0| painting services | countertop installation | light installationDid you know that Steven had a major contract with a cable television channel but decided not to take because of the extensive traveling involved and wanted to spend more time with his family?": [
        "Social",
        "negative"
    ],
    "In turning down this offer, Steven really focuses on each project as if it were his own home.": [
        "Social",
        "neutral"
    ],
    "Call now to schedule home renovation services.": [
        "Social",
        "neutral"
    ],
    "Turn Your Basement Into a Learn more by consulting a A renovation could Whether your home or office needs a complete overhaul or just some updates here and there, you can count on Matthews General Contractors in Springfield Township & Mountainside Township, NJ\u00a0to do the job.": [
        "Social",
        "neutral"
    ],
    "Our remodeling contractor can handle everything from the design plans to pulling permits and scheduling inspections.In addition to boosting employee morale and making your working space more comfortable, a commercial renovation project might also attract new customers to your place of business.Contact us today to discuss your renovation needs with an experienced remodeling contractor.": [
        "Social",
        "positive"
    ],
    "Welcome to beautiful Springfield, New Jersey.": [
        "Social",
        "positive"
    ],
    "Here's our latest progress video of a full basement renovation.": [
        "Social",
        "positive"
    ],
    "It's around  ft.\u00b2 of living space and around  square-foot total.When finished it will have a full laundry room with a toilet and sink.": [
        "Environmental",
        "neutral"
    ],
    "Two closets.": [
        "Social",
        "neutral"
    ],
    "A TV room and a small office.We will post the finished video when complete.Thanks for watching \u270c??": [
        "Social",
        "neutral"
    ],
    "?We take care of all permits/designs layouts/inspections.": [
        "Social",
        "positive"
    ],
    "This is our life.": [
        "None",
        "neutral"
    ],
    "HomeInterior SevicesKitchen RenovationsBasement RenovationsBathroom RenovationsCabinetryCountertopsLight InstallationFlooring InstallationPaintingTub to  Matthews               Springfield Township,             \nCall UsPhone: () - Mon: 7:00AM-4:00PMTue: 7:00AM-4:00PMWed: 7:00AM-4:00PMThu: 7:00AM-4:00PMFri: 7:00AM-4:00PMSat: 7:00AM-4:00PMSun: Closed  \n \n \nCopyright \u00a9  Matthews General Contractors, all rights reserved.": [
        "None",
        "neutral"
    ],
    "Kew Drive, \u00a0Springfield Township,\u00a0NJ\u00a007081\u00a0\u00a0\n                () -": [
        "None",
        "neutral"
    ]
}