{
    "\nSparta Township, NJ |  \nSkip to Create a Website Account - Manage notification subscriptions, save form progress and more.": [
        "Social",
        "positive"
    ],
    "Website  \n \n \n \nGovernmentBusinessCommunityHow Do I...\n \n \n \n \n \n \nAgendas &  \n \nNotify Me\u00ae\n \n \nSolid Waste  \n \n \nNews & View the latest press releases  \n  \n \n \nNotice of Truck Mounted ULV Spraying \n\r\nOffice of Mosquito Control will Be Conducting A Truck Mounted ULV Application FOR ADULT MOSQUITOES Wednesday, July , \t\t\t\tRead on...\nSparta Institute International Conference  \n\r\nSparta, New Jersey, was selected by the Sparta Institute of Greece as the site of an international conference of municipalities named after the Greek city.": [
        "Social",
        "negative"
    ],
    "Together with our Greek sister city, Sparta NJ is forming a joint committee to organize the event.": [
        "Social",
        "neutral"
    ],
    "Read on...\nSussex County Mass Notification System \n\r\nGet alerted about emergencies and other important community news!": [
        "Social",
        "positive"
    ],
    "Signup for The Sussex County Mass Notification System\u00ad - ReGroup\t\t\t\tRead on...\nSparta Open Space and Recreation Plan Public Survey \n\r\nThe Land Conservancy of New Jersey is updating Sparta Township's Open Space and Recreation Plan.": [
        "Social",
        "neutral"
    ],
    "In order to identify goals and recommendation for the plan, we are gathering input from the community.": [
        "Social",
        "neutral"
    ],
    "Read on...\nNJDOT to install temporary bridge on Route  southbound over Rockaway River \n\r\nNJDOT has developed an aggressive plan to construct a temporary bridge that will restore Route  southbound travel over the Rockaway River by July , , just six weeks after the plan was created.": [
        "Environmental",
        "positive"
    ],
    "Read on...\nNOTICE TO SPARTA RESIDENTS \n\r\nPetitions for candidates running for the Sparta Township Council in the November 5,  Municipal Election must be filed by 4: pm, Thursday, August ,  in the Township Clerk\u2019s office.": [
        "Social",
        "neutral"
    ],
    "Read on...\nView /CivicAlerts.July \n\r\nSun\r\n\r\nMon\r\n\r\nTue\r\n\r\nWed\r\n\r\nThu\r\n\r\nFri\r\n\r\n    \n\n\n\n\n\n\n\n\n\n\n\n\n\n\n\n\n\n\n\n\n\n  Wed, Jul.": [
        "None",
        "neutral"
    ],
    "Sparta Business Development Wed, Jul.": [
        "None",
        "neutral"
    ],
    "Zoning Board of Thu, Jul.": [
        "Social",
        "neutral"
    ],
    "Municipal Court (Sparta/Hamburg)\nThu, Jul.": [
        "None",
        "neutral"
    ],
    "Environmental View /Calendar.": [
        "Environmental",
        "neutral"
    ],
    "Sparta Township Municipal Building65 Main StreetSparta Township, NJ 07871Phone: --\n \n  \n \nCenter for Prevention & /QuickLinks.": [
        "Social",
        "neutral"
    ],
    "/QuickLinks.": [
        "None",
        "neutral"
    ],
    "Government Websites by CivicPlus\u00ae\n \n \n \n\r\n\t\t\t\tLoading\r\n\t\t\t\nDo Not []\nSlideshow Slideshow": [
        "Social",
        "neutral"
    ]
}