{
    "\nSparta Map - Town - Sparta Township, New Jersey, New JerseySkylandsSussex Sparta is a township in Sussex County in the U.S. state of New Jersey.": [
        "None",
        "neutral"
    ],
    "As of the  United States census, the township's population was ,, a decrease of  from the  census count of ,, which in turn reflected an increase of 1, from the , counted in the  census.": [
        "None",
        "positive"
    ],
    "Tap on themap spartanj.orgWikipediaPhoto: Zeete, CC BY-SA 4.0.": [
        "None",
        "neutral"
    ],
    "Type: Town with , Description: township in Sussex County, New Jersey, Postal code: Notable Places in Sparta Sparta High School is a four-year comprehensive community public high school serving students\u2026\nLocalities in Photo: Zeete, CC BY-SA 4.0.": [
        "Social",
        "positive"
    ],
    "Lake Mohawk is an unincorporated residential development and census-designated place split between Byram Township and Sparta Township, in Sussex County, in the U.S. state of New Jersey.": [
        "None",
        "neutral"
    ],
    "Lake Mohawk is situated 2 miles southwest of Sparta.": [
        "None",
        "neutral"
    ],
    "Pinkneyville is an unincorporated community located within Andover Township in Sussex County, in the U.S. state of New Jersey.": [
        "Social",
        "neutral"
    ],
    "Pinkneyville is situated 3 miles west of Sparta.": [
        "None",
        "neutral"
    ],
    "Sparta is a township in Sussex County in the U.S. state of New Jersey.": [
        "None",
        "neutral"
    ],
    "Ackerson is situated 3\u00bd miles northwest of Sparta.": [
        "None",
        "neutral"
    ],
    "Categories: township of New Jersey Location: Sparta Township, Sussex County, Skylands, New Jersey, Mid-Atlantic, United States, View on Open\u00adStreet\u00adLatitude41.04016\u00b0 or \u00b0\u00a02'\u00a0\" northLongitude-.63101\u00b0 or \u00b0\u00a0'\u00a0\" westPopulation19,300Elevation748 feet ( metres)United Nations Location CodeUS SZAOpen Location Code87H729R9+3HOpen\u00adStreet\u00adMap IDnode 158811047Open\u00adStreet\u00adMap Featureplace=\u00adtownGeo\u00adNames ID5104882Wiki\u00adThanks for contributing to our open data sources.": [
        "Social",
        "positive"
    ],
    "This page is based on OpenStreetMap, GeoNames, Wikidata, Wikimedia Commons and Wikipedia.": [
        "None",
        "neutral"
    ],
    "Edit Sparta \u00a9 OpenStreetMap, Mapbox Also Chinese: Chinese: Danish: English: Sparta, English: Sparta Township, English: Finnish: Haitian: Sparta, Italian: Japanese: Kazakh: Kirghiz: Persian: \u0627\u0633\u067e\u0627\u0631\u062a\u0627\u060c Spanish: Municipio Spanish: Municipio de Sparta (Nueva Jersey)\nUkrainian: Welsh: Sparta Township, Other Places IspartaTurkeySpartaGreeceSpartaKentucky, United StatesSpartaWisconsin, United StatesEast SpartaOhio, United StatesSpartaMichigan, United StatesSpartaTown in Illinois, United StatesSpartaVillage in Georgia, Localities in Upper MohawkHamlet, 2 MaholaHamlet, 2 Houses CornerHamlet, 2\u00bd Woodruffs GapHamlet, 2\u00bd Sparta JunctionHamlet, 2\u00bd Landmarks in First Sparta Post Sparta Digiplex Sparta Popular Destinations in Discover Newton, Stanhope, Montague and Vernon.": [
        "Social",
        "positive"
    ],
    "A journey is best measured in friends, rather than miles.": [
        "Social",
        "positive"
    ],
    "-\u00a0Escape to a Discover other destinations in the world.": [
        "Social",
        "positive"
    ],
    "Colonia San About Mapcarta.": [
        "None",
        "neutral"
    ],
    "Thanks to Mapbox for providing amazing maps.": [
        "Social",
        "positive"
    ],
    "Data \u00a9\u00a0OpenStreetMap contributors and available under the Open Database License.": [
        "None",
        "neutral"
    ],
    "Text is available under the CC BY-SA 4.0 license, excluding photos, directions and the map.": [
        "None",
        "neutral"
    ],
    "Description text is based on the Wikipdia page Sparta.": [
        "None",
        "neutral"
    ],
    "Photo: Zeete, CC BY-SA 4.0.": [
        "None",
        "neutral"
    ]
}