{
    "\nForms | Sparta Township,  \nSkip to Create a Website Account - Manage notification subscriptions, save form progress and more.": [
        "Social",
        "positive"
    ],
    "Website  \n \n \n \nGovernmentBusinessCommunityHow Do I...\n \n \n \n \n \n \n\r\n\r\nForms\t\t\n   Parks &  Planning &  Tax &  Building\u00a0\nNew Jersey Lead-Safe Certification (PDF)\nConstruction Forms - State Website\u00a0 (LINK)\u00a0 \u00a0 \u00a0 \u00a0 \u00a0 \u00a0 \u00a0 \u00a0 \u00a0 \u00a0 \u00a0 \u00a0 \u00a0 \u00a0 \u00a0 \u00a0 \u00a0 \u00a0 \u00a0 \u00a0 \u00a0 \u00a0 \u00a0 \u00a0\nNot Available\u00a0 \u00a0 \u00a0 \u00a0 \u00a0 \u00a0 \u00a0 \u00a0 \u00a0 \u00a0\u00a0\nNJ DCA Construction Permit Application Jacket\u00a0(PDF)\nCertificate-of-Occupancy-Form\u00a0(PDF)\nDemolition Checklist\u00a0(PDF)\nRequest for Property Tax Status\u00a0(PDF)\nCOMING SOON !": [
        "Social",
        "neutral"
    ],
    "Small Construction Permit\u00a0(PDF)\nPermit Update\u00a0(PDF)\nBuilding Subcode Technical Section\u00a0(PDF)\nElectrical Subcode Technical Section\u00a0(PDF)\nPlumbing Subcode Technical Section\u00a0(PDF)\nFire Subcode Technical Section\u00a0(PDF)\nMechanical Inspector Technical Section\u00a0(PDF)\nPet License Application\u00a0\u00a0(PDF)\u00a0\nOnline Form (New !)": [
        "None",
        "negative"
    ],
    "Absentee \u00a0\nSussex\u00a0Application for Certified Vital Record\u00a0(PDF)\nCOMING SOON !": [
        "Social",
        "positive"
    ],
    "Bingo License Application Form\u00a0(PDF)\nCOMING SOON !": [
        "None",
        "neutral"
    ],
    "Committee Appointment Application\u00a0 (PDF)\nValley Bank Community Bulletin Board Request (PDF)\nDomestic Partnership Information\u00a0(PDF)\n\u00a0\nEntering into Marriage or Civil Union\u00a0(PDF)\nCOMING SOON !": [
        "Social",
        "neutral"
    ],
    "New Jersey Website (Vital Records)\nFarmer's Market Vendor License Application\u00a0(PDF)\nCOMING SOON !": [
        "Social",
        "neutral"
    ],
    "Landlord Registration Form\u00a0(PDF)\nCOMING SOON !": [
        "None",
        "neutral"
    ],
    "Marriage License Application (English)\u00a0(PDF)\nCOMING SOON !": [
        "None",
        "neutral"
    ],
    "Marriage License Application (Spanish)\u00a0(PDF)\nCOMING SOON !": [
        "None",
        "neutral"
    ],
    "Peddler's Permit\u00a0(PDF)\nCOMING SOON !": [
        "Environmental",
        "neutral"
    ],
    "Raffle License Application\u00a0(PDF)\nCOMING SOON !": [
        "None",
        "neutral"
    ],
    "Records Request (OPRA)\u00a0(PDF)\nCOMING SOON !": [
        "Social",
        "neutral"
    ],
    "Temporary Food License\u00a0(PDF)\nCOMING SOON !": [
        "Social",
        "neutral"
    ],
    "Sparta Township Employment Application (PDF)\u00a0\nSparta \u00a0\n\u00a0\n\u00a0\n \n Parks & Community Sign Request Form\u00a0(PDF)\nOnline Summer Day Camp Online Camper Registration Form-Sparta Recreation Day Camp at Online Permit Application - Outdoor Facility Usage\u00a0(PDF)\nCOMING SOON !": [
        "Social",
        "neutral"
    ],
    "Planning & Fee Schedule (PDF)\nMajor Subdivision Checklist (PDF)\nFinal Major Subdivision Checklist (PDF)\nMinor Subdivision Check List\u00a0(PDF)\nPrimary Site Checklist (PDF)\nSite Plan Waiver (PDF)\nPlanning Board Application (PDF)\nHighlands Exemption Determination Application (PDF)\nHighlands Map (PDF)\nZoning Board Application Package (PDF)\nZoning Permit Application (PDF)\nZoning Setbacks and Bulk Requirements (PDF)\nHome Occupation Permit (PDF)\nApplication for portable Advertisement Sign (PDF)\nTree Permit (PDF)\nSparta Township Road Opening Permit\u00a0(PDF)\nSeptic Setback Guidelines and Application (PDF)\u00a0\n\u00a0Upper Delaware Conservation District Request for Determination of Non-Applicability (PDF)\n \n Alarm Registration\u00a0(PDF)\nFirearms Application Procedure\u00a0(PDF)\nNJ Vacant Home Property Check\u00a0(PDF)\n \n Tax & Senior Citizen & Disabled Person Deduction\u00a0 (Fillable PDF)\u00a0\nSupplemental Form for Peacekeeping Missions for Veteran Application\u00a0 (Fillable PDF)\nSupplemental Income Form for Senior Disabled Person\u00a0 (Fillable PDF)\nVeteran's Deduction Application\u00a0 (Fillable PDF)\nFinal Reading (Water Meter)\u00a0\u00a0(Fillable PDF)\nOnline Request Form\u00a0 (New!)": [
        "None",
        "positive"
    ],
    "Sparta Water Final Reading - Tenant (Water Meter)\u00a0 (Fillable PDF)\nOnline Request Form\u00a0 (New!)": [
        "Environmental",
        "neutral"
    ],
    "Sparta Water  \n \n \n \n \n \nBusiness Recreation Salute Sparta Agendas & BID(s) / Spatial Data Parks & Sparta Recreation Day Camp at Planning & Body Firearms ID Card/Sussex County Mass Sparta / Hamburg / Ogdensburg - Tax & Annual Tax Rates & Water & Billing Current Recent Notices & Tips on Ordinances & Sparta How Can You Help in Environmental Licenses &  \n \nAgendas &  \n \nNotify Me\u00ae\n \n \nReport  \n \n \n \n \n  \n \n    \n \n \n  \n \nSparta Township Municipal Building65 Main StreetSparta Township, NJ 07871Phone: --\n \n  \n \nCenter for Prevention & /QuickLinks.": [
        "Environmental",
        "positive"
    ],
    "/QuickLinks.": [
        "None",
        "neutral"
    ],
    "Government Websites by CivicPlus\u00ae\n \n \n \n\r\n\t\t\t\tLoading\r\n\t\t\t\nDo Not []\nSlideshow Slideshow": [
        "Social",
        "neutral"
    ]
}