{
    "\nSalon Di Panache & Medi Spa - Sparta Township, NJ 07871 - Services  \nSkip  \nBest Beauty Salons  \nMenu \n \nSalon Di Panache & March , \nIn  \u00a0\u00a05.0 \u2013  reviews\u00a0\u00a0 \u2022   Social Profile: \nSalon Di Panache & Medi Spa is our second location located in the New North Village Plaza.": [
        "Social",
        "positive"
    ],
    "We are a full service salon and med spa catering to every beauty need.": [
        "Social",
        "positive"
    ],
    "We are a family owned business with 5 generations in the beauty industry .": [
        "Social",
        "positive"
    ],
    "We strive to give the best customer service in our county.": [
        "None",
        "positive"
    ],
    "HoursMonday(Washington\u2019s Birthday)\u202fAM\u20135\u202fPMHours might differTuesday9\u202fAM\u20139:\u202fPMWednesday9\u202fAM\u20139:\u202fPMThursday9\u202fAM\u20139:\u202fPMFriday9\u202fAM\u20137\u202fPMSaturday9\u202fAM\u2013ServicesBeauty SalonAcrylic nailsBalayageBlowoutsBody waxingBraidsBrazilian waxingBrow laminationEyebrow beautificationEyebrow shapingEyebrow threadingEyelash extensionsHair extensionsHaircutHairstylingLaser hair removalMakeup servicesManicureMassageMicrobladingPedicureShampoo & conditioningWaxingAveda Botanical RepairBang TrimBarber CutBotox and FillersBrow ServicesCareer OpportunitiesChemical ServiceColor MeltingDay SpaFace FramingFull BalayageFull Foil HighlightsFull Service SalonGel PolishGloss Or TonerHair ColorHair Color SpecialistHair CuttingHair MenuHair TreatmentsLash Lift & TintLashes HybridMassage ServicesMedical Grade FacialsMedical SpaNail EnhancementNailsOlaplex TreatmentPanache SalonPartial BalayagePartial Foil HighlightsPermanent MakeupPermanet makeupSalon And SpaShampoo & Blow DryShampoo, Cut & StyleSingle Process RetouchSkin Care & FacialsSmoothing TreatmentSpecialized Treatmentsfacialsmassagesmicroneedling\u2026 Address and Address: \n N Village Blvd Suite A, Sparta Township, Phone: () - \nWebsite: http://www.salondipanache.com/\nView Last UpdatesThis is for Tomorrow Only  5 days ago Lashes Lashes Lashes Full Sets $ Feb 9,   Min Swedish Massage $ Feb 9,  Dr Anita will be in our Medi Spa this upcoming Friday 2/3 -5pm for free consults, bot\u2026  Feb 1,  Introducing Kristen to our team!": [
        "Social",
        "positive"
    ],
    "She would like to introduce herself with % off\u2026  Jan ,  Dr. Anita and Nurse Eric are here this week!": [
        "Social",
        "positive"
    ],
    "Call for appointments on Wednesday\u2026  Jan 3,  Dr Anita are here every week in our Medi Spa for injectables and consultations!": [
        "Social",
        "neutral"
    ],
    "Nov ,  Dr Anita has something for you !": [
        "Social",
        "neutral"
    ],
    "!": [
        "None",
        "neutral"
    ],
    "Don\u2019t miss out and call for your consultation in our Medi Spa Nov 8,  New lasher in our Sparta location!": [
        "Social",
        "negative"
    ],
    "Check out her introductory offer!": [
        "Social",
        "neutral"
    ],
    "Sep 6,  \nRelated Web ResultsHair Color Specialist | Salon di panache & Medi SpaFull Service Salon and Medical Spa offering a wide range of services to accommodate everyone !Medi Spa Menu \u2013 Salon Di PanacheMeet Dr Anita Dormer, MD.": [
        "Social",
        "neutral"
    ],
    "Dr. Anita is a pioneer in the field of aesthetic medicine.": [
        "Social",
        "neutral"
    ],
    "A longtime celebrity go-to and secret weapon, patients seek out Dr.SERVICES \u2013 Salon Di PanacheSalon Di Panache Newton, NJ & Sparta, NJ.": [
        "Social",
        "negative"
    ],
    "blonde hair \u00b7 Hair Salon.": [
        "Environmental",
        "neutral"
    ],
    "service menu.": [
        "None",
        "neutral"
    ],
    "Red Nail Polish.": [
        "Environmental",
        "neutral"
    ],
    "Nail Salon.": [
        "None",
        "neutral"
    ],
    "Healing Stones.": [
        "Environmental",
        "neutral"
    ],
    "Day Spa\u00a0\u2026\nReviewsK LHaving moved to Lake Mohawk in August  and desparately needing a hair check up, I googled local hair salon reviews and tried a couple of high rated salons in Sparta.. After leaving these appointments i just felt like my hair looked okay, not the wow factor I had hoped.. I\u2019ve never been overly fussy, but I know when someone is an experienced color artist.": [
        "Social",
        "neutral"
    ],
    "Being a regular at Shop Rite, I saw the grand opening signs at this salon, I was unable to find it when I did my initial search (new salon).": [
        "Social",
        "positive"
    ],
    "I went for a consultation with Nicole and followed up with my appointment today.": [
        "Social",
        "neutral"
    ],
    "Nicole is a great listener with a ton of experience.": [
        "Social",
        "positive"
    ],
    "I\u2019ve been getting my hair colored for  years, and I have not met anyone that could color and cut like NIcole.": [
        "Environmental",
        "positive"
    ],
    "Years ago, I would have to venture to Manhattan to get this quality.": [
        "Social",
        "neutral"
    ],
    "I highly recommend.": [
        "Governance",
        "positive"
    ],
    "Don\u2019t waste your time anywhere else, I\u2019ve done that for you!\u2026 moreBonnie TadrickI love coming to the salon!": [
        "Social",
        "positive"
    ],
    "Shana is my stylist and she is so talented.": [
        "Social",
        "positive"
    ],
    "I enjoy my time with her and love how she always knows exactly how to make my hair look fabulous!": [
        "Social",
        "positive"
    ],
    "Shana takes the time to listen to me and offers her expertise and the collaboration is always perfect.": [
        "Social",
        "positive"
    ],
    "The ladies at the front desk and Colleen, who shampoos my hair, are wonderful.\u2026 moreLeslie PintoI had a manicure and pedicure and they are fantastic.": [
        "Social",
        "positive"
    ],
    "The young lady who did the work was so genuinely pleasant, not polite small talk, but instead a refreshing young person who could hold a conversation \u2013 so wonderful, and the quality of the work is top notch.": [
        "Social",
        "positive"
    ],
    "Also, she has a calming effect on those around her, so makes for the whole experience an extremely pleasant one.": [
        "Social",
        "positive"
    ],
    "Thank you!\u2026 moreSue SaccocciaI am a new customer and felt very welcomed at the salon.": [
        "Social",
        "positive"
    ],
    "Everyone was professional and friendly.": [
        "Social",
        "positive"
    ],
    "Sara is truly amazing and so talented!": [
        "Social",
        "positive"
    ],
    "She listened and totally understood what I wanted out of my color and cut.": [
        "Social",
        "negative"
    ],
    "I love my new hair!!!": [
        "Social",
        "positive"
    ],
    "Thank you\u00a0Hairstyling,\u00a0Shampoo & conditioning\u2026 moreLisa JustusI took my dad in for his first pedicure at  years old!": [
        "Social",
        "positive"
    ],
    "He absolutely loved it!!": [
        "Social",
        "positive"
    ],
    "Jana was so awesome with him & from excellent care of him.": [
        "Social",
        "positive"
    ],
    "He had a blast & is looking forward to coming back again in a month!": [
        "Social",
        "neutral"
    ],
    "Thanks Jana!": [
        "None",
        "positive"
    ],
    "Pedicure\u2026 moreHeather D\u2019Amore MaselliAbsolutely beautiful atmosphere down to the smallest of details.": [
        "Environmental",
        "positive"
    ],
    "The employees are so friendly and give off such a welcoming energy.": [
        "Social",
        "positive"
    ],
    "The family who owns the establishment has really put so much love into the business and you can absolutely tell.": [
        "Social",
        "positive"
    ],
    "Love this salon and highly recommend!": [
        "Social",
        "positive"
    ],
    "!\u2026 moreJessica FaberKim has been doing my nails for years, I will not go to anyone else!": [
        "Social",
        "neutral"
    ],
    "My nails always look perfect and they last, I never have any issues.": [
        "Social",
        "positive"
    ],
    "She rocks!": [
        "Social",
        "neutral"
    ],
    "Kelly at the front desk is always friendly and welcoming and she is always able to accommodate.": [
        "Social",
        "positive"
    ],
    "Love Salon Di Panache!!": [
        "Social",
        "positive"
    ],
    "Acrylic nails\u2026 moreMargaret dioguardiFrom the minute I walked thru the door as a 1st time patron I was treated like I was the most important person in the salon!": [
        "Environmental",
        "positive"
    ],
    "My stylist Sara was exactly who I\u2019ve been looking for.": [
        "Social",
        "neutral"
    ],
    "She took the time to look at pictures of what my idea of a new cut was for me.": [
        "Social",
        "negative"
    ],
    "She offered expert opinion, which I welcomed.": [
        "Social",
        "positive"
    ],
    "She made me feel like we knew each other forever while I was in her chair.": [
        "Social",
        "positive"
    ],
    "All the time making me feel welcome yet paying great attention to my hair and making meticulous minor adjustments until my hair was perfect!": [
        "Social",
        "positive"
    ],
    "Sara did a great job both as a Stylist.": [
        "Social",
        "positive"
    ],
    "I highly recommend Sara and salon di panache in Sparta!\u2026 moreStephanie ShamyI have had wonderful experiences here!": [
        "Social",
        "positive"
    ],
    "I always feel well taken care of.": [
        "Social",
        "positive"
    ],
    "Time is taken to get to know me and my needs and preferences.": [
        "Social",
        "neutral"
    ],
    "I had never had a lash lift and tint prior to working with Bri.": [
        "Social",
        "neutral"
    ],
    "She worked with me until we found just the right roller size and my lashes came out so beautifully.": [
        "Social",
        "positive"
    ],
    "As someone with blonde eyelashes, it was AMAZING not having to put on mascara every day!\u2026 moreMaria M.Kristen is amazing!": [
        "Social",
        "positive"
    ],
    "Personable, a little bit shy and a true hair professional.": [
        "None",
        "positive"
    ],
    "She did the most beautiful shade of blond highlights on my hair, following by amazing cut and styling.": [
        "Social",
        "positive"
    ],
    "Highly recommend!": [
        "None",
        "positive"
    ],
    "Haircut,\u00a0Balayage,\u00a0Hairstyling\u2026 more\u2026  \nCategories Beauty salon Tags Sparta Township, NJ \nThe Professional Hair Leave a Comment  Save my name, email, and website in this browser for the next time I comment.": [
        "Social",
        "positive"
    ],
    "\u0394 \nSearch for:\nPlush Beneficial Health Lia Expressions Hair By Carolina Valentine Salon & Jana\u2019s Ancient Blue\u2019s Bare to Wax, Joe\u2019s A New Self Image Floyds  Barbershop North Aesthetics by The Health and G-Organics Handcrafted Soap (Online Operated)\nO P Nails & Jay,s Hair Salon /  Barber shop (,)\nBeauty ()\nBeauty salon (,)\nDay spa (7,)\nElectrolysis hair removal service ()\nEyebrow bar (1,)\nEyelash salon (3,)\nFacial spa (4,)\nFoot massage parlor ()\nHair care ()\nHair extension technician ()\nHair removal service (2,)\nHair replacement service ()\nHair salon (,)\nHair transplantation clinic ()\nHairdresser (2,)\nHealth and beauty shop (2,)\nHealth spa (1,)\nHome hairdresser ()\nLaser hair removal service (1,)\nMassage ()\nMassage spa (,)\nMassage therapist (,)\nMedical spa (,)\nMobile hairdresser ()\nNail salon (,)\nSauna store ()\nSkin care clinic (9,)\nSpa (,)\nTanning salon (8,)\nTattoo artist ()\nTattoo removal service ()\nTattoo shop (2,)\nTeeth whitening service ()\nThai massage (1)\nWaxing hair removal service (6,)\nWeight loss service ()\nAlbuquerque, NM ()\nAtlanta, GA ()\nAustin, TX ()\nCharlotte, NC ()\nChicago, IL ()\nCincinnati, OH ()\nColorado Springs, CO ()\nColumbus, OH ()\nDallas, TX ()\nDenver, CO ()\nFort Worth, TX ()\nHouston, TX ()\nIndianapolis, IN ()\nLas Vegas, NV ()\nLos Angeles, CA ()\nLouisville, KY ()\nMiami, FL ()\nNew York, NY ()\nOrlando, FL ()\nPhiladelphia, PA ()\nPhoenix, AZ ()\nPittsburgh, PA ()\nPortland, OR ()\nSacramento, CA ()\nSan Antonio, TX ()\nSan Diego, CA ()\nSan Francisco, CA ()\nSeattle, WA ()\nSt. Louis, MO ()\nTampa, FL () \nFood & Terms   \n  \n  \n  \n\u00a9  SalonDiscover.": [
        "Environmental",
        "positive"
    ]
}