{
    "\nSkip to content \n \nSend an iMessage OR use chat below  (non-urgent requests, allow some time for response)\n(allow up to  hours) \n \nDurable Vaccines COVID- Vaccine Consent Form-General Vaccine Consent Form-COVID- Vaccine Consent Form-General Vaccine Consent Form-Join our Team!": [
        "Social",
        "positive"
    ],
    "Durable Vaccines COVID- Vaccine Consent Form-General Vaccine Consent Form-COVID- Vaccine Consent Form-General Vaccine Consent Form-Join our Team!": [
        "Social",
        "positive"
    ],
    "Want to get your prescription filled at Sparta Pharmacy?": [
        "Social",
        "positive"
    ],
    "Have your doctor send the prescription directly to us (have your pharmacy reverse any old unfilled claims).": [
        "Social",
        "neutral"
    ],
    "We will process your prescription within  hours and reach out to you via text even  if there is an issue (if you don't hear back from us after  hours, send us a message or call) \nCurrent estimated availability IN STOCK as of 6/Ozempic 0.25mg/0.5mg, 1mg, 2mgWegovy 0.25mg, 0.5mg, 1mg, 1.7mg, 2.4mgMounjaro 2.5mg, 5mg, 7.5mg, .5mgZepbound 2.5mg, 7.5mg, 10mg, Current estimated availability OUT OF STOCK as of 6/Mounjaro LIMITED SUPPLY - 10mg, 15mg WE ARE WORKING OFF OF A WAIT LIST, HAVE YOUR RX SENT TO Mounjaro - If you are NOT diabetic, have your doctor send Zepbound if you pay the $Zepbound - 5mg, .5mg LIMITED SUPPLY - WE ARE WORKING OFF OF A WAIT LIST, HAVE YOUR RX SENT TO Zepbound - Please email savings card ID# (click here) to  with your name/date of birth)\n \n__________________________________Saxenda (Unknown) \nCustomer Pricing Notice (Effective March 1, ) A service charge of 3.5% will be applied to all credit card purchases.": [
        "None",
        "negative"
    ],
    "Customers may avoid this fee by paying with cash or using your debit card.": [
        "None",
        "negative"
    ],
    "We are sorry for the inconvenience.": [
        "Social",
        "negative"
    ],
    "Sparta Pharmacy does NOT compound any GLP or Covid Vaccine Form Pfizer/Moderna 5yr+\nNo insurance/not covered for COVID Vaccine?": [
        "Social",
        "negative"
    ],
    "Click here to visit covidaccess.General Vaccine Form (Flu, Pneumonia, Shingles, RSV, etc)\n \n\t\t\t\t\t\tOpen 7 days a week\t\t\t\t\t\n\t\t\t\t\t\tWeekdays: 9: am to 8: Saturday: 9: am to 5: Sunday: 9: am to 2: pm\t\t\t\t\t\n \n\t\t\t\t\t\tfast Local delivery(NJ/NY/PA/CT)\n\t\t\t\t\t\n\t\t\t\t\t\tOur Delivery service offers you the option of convenient service right to your doorstep.": [
        "Social",
        "neutral"
    ],
    "*Delivery Fees may apply\t\t\t\t\t\n \n \n\t\t\t\t\t\tour address\t\t\t\t\t\n\t\t\t\t\t\t Sparta AvenueSparta, NJ 07871\t\t\t\t\t\nThe Best Pharmacy Value Without Compromising the Quality of Care \nWe are a family owned and operated business specializing in old fashioned customer care.": [
        "Social",
        "positive"
    ],
    "We strive to deliver the best pharmacy value without compromising the quality of care, prized by our patients.": [
        "Social",
        "positive"
    ],
    "With a high priority on pharmaceutical care, one-on-one patient counseling and medication management, our goal is to deliver quality health care to our patients \u2013 from long-term care residents to infants.We offer highly competitive prices for medications that may not be covered by insurance.": [
        "Social",
        "positive"
    ],
    "Our pharmacists are always available to answer all your questions and concerns by phone, text, fax or email.": [
        "None",
        "neutral"
    ],
    "Free $ gift card \n\t\t\t\t\t\t\t\tTo spend on anything in our store, when you transfer three prescriptions.": [
        "Social",
        "positive"
    ],
    "Free $ gift card \n\t\t\t\t\t\t\tTo spend on anything in our store, when you transfer three prescriptions.": [
        "Social",
        "positive"
    ],
    "GET IT NOW\t\t\t\t\t\t\nNow Offering \n \nDispill\u00ae \nThe hassle-free solution to organizing your medicationsAsk us about pricing \nTell  \n\t\t\t\t\t\tfor patients \n\t\t\t\t\t\tWe partner with patients as well as health care providers to ensure your prescription programs are accurate and effective.": [
        "Social",
        "positive"
    ],
    "for facilities \n\t\t\t\t\t\tWe specialize in serving assisted living facilities, long-term care facilities, home health agencies and our community.": [
        "Social",
        "positive"
    ],
    "for physicians \n\t\t\t\t\t\tOur staff is here to help you with medication choices and dosages for your patients, avoiding adverse prescription interactions.": [
        "Social",
        "negative"
    ],
    "We Accept All Major Insurance Plans IncludingPAAD, Medicaid and Medicare Part D  \n \n            Kristin Popelka  February ,     Great product selection and excellent prices.": [
        "Social",
        "positive"
    ],
    "Very accommodating and professional staff.": [
        "Social",
        "neutral"
    ],
    "Super nice humans at this family-owned Pharmacy.": [
        "Social",
        "positive"
    ],
    "?": [
        "None",
        "neutral"
    ],
    "???": [
        "None",
        "neutral"
    ],
    "Sharon Cook  February 9,     Sparta Pharmacy is consistent, kind, responsive and reliable.": [
        "Social",
        "positive"
    ],
    "Delivery service is fantastic.": [
        "None",
        "positive"
    ],
    "I highly recommend!": [
        "Social",
        "positive"
    ],
    "Linda Love  February 9,     Absolute perfection the pharmacy staff and pharmacists are truly professionals!": [
        "Social",
        "positive"
    ],
    "The delivery was amazing even the packaging was perfection!": [
        "None",
        "positive"
    ],
    "michelle dwyer  February 8,     Great customer service,the best.": [
        "Social",
        "positive"
    ],
    "Load more     Google rating score: 4.8 of 5, based on  reviews      \n \nSend us or call/text now to speak with US \n..": [
        "Social",
        "neutral"
    ],
    "Prescription (Rx) Inquires:  \nBusiness Inquires:  \n\u00a9  Sparta Pharmacy.": [
        "Social",
        "neutral"
    ],
    "All Rights Reserved.": [
        "None",
        "neutral"
    ],
    "Sparta Avenue Sparta, NJ 07871 | P: ..\u00a0| F: ..": [
        "None",
        "neutral"
    ]
}