{
    "\nSenior Services | Sparta Township,  \nSkip to Create a Website Account - Manage notification subscriptions, save form progress and more.": [
        "Social",
        "positive"
    ],
    "Website  \n \n \n \nGovernmentBusinessCommunityHow Do I...\n \n \n \n \n \n \n\r\n\r\nSenior Services\t\t\nRecreation Programs for Seniors:Needle Arts GroupGrab your needles and share your talents with other group members.": [
        "Social",
        "positive"
    ],
    "Create something new for our annual Needlework Art Exhibit in February!": [
        "Social",
        "positive"
    ],
    "New members are always welcome!": [
        "Social",
        "positive"
    ],
    "We meet each Friday from  am to Noon at the Village Caf\u00e9 at Knolls Heights.MahjongJoin the fun of learning and playing this challenging game.": [
        "Social",
        "positive"
    ],
    "Every Friday from Noon to 3 pm in the Village Caf\u00e9 at Knoll Heights Village.LuncheonMeets on a chosen Thursday at :00pm.": [
        "Social",
        "neutral"
    ],
    "This program features lunch, social time and a dynamic speaker.": [
        "Social",
        "positive"
    ],
    "New members and guests are always welcome!": [
        "Social",
        "positive"
    ],
    "Come join us!": [
        "None",
        "positive"
    ],
    "Registration required.": [
        "None",
        "neutral"
    ],
    "BingoMeets once monthly throughout the summer on a Monday from :30pm-2:30pm.": [
        "Social",
        "neutral"
    ],
    "Registration is required.": [
        "None",
        "neutral"
    ],
    "Cost: $5CraftsMeets once monthly on a Monday at :30pm-2:30pm.": [
        "Social",
        "neutral"
    ],
    "Each session offers a new opportunity to tap into your creative side.": [
        "Social",
        "positive"
    ],
    "All materials are provided.": [
        "None",
        "neutral"
    ],
    "Cost: $20Services for Seniors:Senior Surrey ServiceFree transportation service for Sparta Seniors over  years of age is available on weekdays.": [
        "Social",
        "neutral"
    ],
    "Reservations can be made up to 1 week in advance for doctors appointments and reservations are necessary at least  hrs.": [
        "Social",
        "neutral"
    ],
    "in advance for shopping, beauty and other appointments.": [
        "Social",
        "positive"
    ],
    "The Surrey makes regularly scheduled trips to Newton each Monday, Wednesday, and Friday mornings for doctor's appointments, the hospital or even some shopping at the local stores.": [
        "Social",
        "neutral"
    ],
    "The van leaves Sparta by 9: am and returns everyone home by noon.": [
        "Social",
        "neutral"
    ],
    "Local grocery shopping, banking, hair appointments, etc.": [
        "Social",
        "neutral"
    ],
    "are accommodated on afternoons.": [
        "Social",
        "neutral"
    ],
    "Riding the van is the easiest way to get out and around.": [
        "Social",
        "positive"
    ],
    "Call -- on weekdays between 9am and 3 pm and a van volunteer will schedule your ride.": [
        "Social",
        "neutral"
    ],
    "The surrey is equipped with a wheelchair lift to transport disabled or handicapped clients.Good Morning ProgramThis is a wonderful comfort for your families and friends and a great protection for you.": [
        "Social",
        "positive"
    ],
    "The Sparta Police Department has a call-in program.": [
        "Social",
        "neutral"
    ],
    "To participate, you must first complete a registration form and then you call in every morning; if you don't call in, someone from the Police Department will attempt to contact you by phone.": [
        "None",
        "neutral"
    ],
    "If this is unsuccessful after a few attempts, a patrol car will be dispatched to your home to check on your welfare.": [
        "Social",
        "negative"
    ],
    "Forms are available at the Recreation Office.": [
        "Social",
        "neutral"
    ],
    "--.Senior HandymanThe Senior Advisory committee has compiled a list of contractors who have agreed to perform services for seniors in a timely fashion, at a \"going\" reasonable rate, satisfaction guaranteed.": [
        "Social",
        "positive"
    ],
    "When contacting one of these individuals, please tell them that you received their name from the Senior Advisory Committee Handyman Project, please give us feedback on your level of satisfaction.": [
        "Social",
        "positive"
    ],
    "* indicates positive feedback.": [
        "None",
        "positive"
    ],
    "More than one is even better!": [
        "None",
        "positive"
    ],
    "Stop by Sparta Recreation Office and pick up a list of contractors.": [
        "Social",
        "negative"
    ],
    "Senior Handy Man ListState Health Insurance Program (SHIP)SHIP provides assistance in filing bills with Medicare/Medicaid and secondary insurance companies.": [
        "Social",
        "neutral"
    ],
    "It also helps determine your \"Part D\" needs.": [
        "Social",
        "positive"
    ],
    "SHIP will be available at the Sparta Sr. Center.": [
        "None",
        "neutral"
    ],
    "Call --, ext.": [
        "None",
        "neutral"
    ],
    ".": [
        "None",
        "neutral"
    ],
    "You must have an appointment.Senior Freeze (Property Tax Reimbursement)Senior Exercise Programs:Events:\n \n \n \n \nView Map \n Lower Level of Sparta,  Woodport Road Lower Level of the Library Sparta Phone: --\nFax: --\nHoursMonday through Friday8:30am to 4:  \n \n \nDocuments Senior /QuickLinks.": [
        "Social",
        "negative"
    ],
    "Spring  \n \n \n \nSpatial Data Parks & Sparta Recreation Day Camp at Planning & Body Firearms ID Card/Sussex County Mass Sparta / Hamburg / Ogdensburg - Tax & Annual Tax Rates & Water & Billing Current Recent Notices & Tips on  \n \nAgendas &  \n \nNotify Me\u00ae\n \n \nReport  \n \n \n \n \n  \n \n    \n \n \n  \n \nSparta Township Municipal Building65 Main StreetSparta Township, NJ 07871Phone: --\n \n  \n \nCenter for Prevention & /QuickLinks.": [
        "Social",
        "neutral"
    ],
    "/QuickLinks.": [
        "None",
        "neutral"
    ],
    "Government Websites by CivicPlus\u00ae\n \n \n \n\r\n\t\t\t\tLoading\r\n\t\t\t\nDo Not []\nSlideshow Slideshow": [
        "Social",
        "neutral"
    ]
}