{
    "Cranky Noodles | Best ramen in Sparta, NJHomeMenuOur StoryWe're HiringGift CardsHomeMenuOur StoryWe're HiringGift CardsHomeMenuOur StoryWe're HiringGift CardsMoreOrder OnlineBest ramen in SpartaNoodle Time, All the TimeOrder OnlineTry our most popular itemsTreat yourself to our must-try list that has everyone talkingView Full MenuShoyu Broth Beef Short Rib, Vegetable, Egg sauce.": [
        "Social",
        "positive"
    ],
    "Noodles contain egg & glutenAdd ItemMazemenLo Mein Noodles, Brothless, Bacon, Scallion, Vegetable, EggAdd ItemRamen Dog (1)Beef Hotdog, Crunchy Ramen, Kimchi, Gochujang mayoAdd Item \ud83c\udf5c Cranky Noodles is your go-to spot for delicious Ramen, soft serve ice Cream, warm made to order donut holes and fantastic coffee drinks in a casual, laid-back setting.": [
        "Environmental",
        "positive"
    ],
    "Here's why you should make us your next dining destination:Yummy Eats for All ComersIf you're longing for a cozy bowl of savory goodness or a flavorful blend of spices and veggies- our menu features a tempting variety of options to please your palate and keep you wanting more.": [
        "Social",
        "positive"
    ],
    "Bones simmering for days to make the most savory broth.": [
        "Environmental",
        "neutral"
    ],
    "We make our own ice cream bases and use only the best ingredients to ensure the most delicious soft serve ice creams.": [
        "Environmental",
        "positive"
    ],
    "Our newest addition-hand-made fresh made to order donut holes will blow your mind!": [
        "Social",
        "positive"
    ],
    "!Easy Ordering, Convenient OptionsWe understand that life can get busy, which is why we've made ordering from Cranky Noodles a breeze.": [
        "Social",
        "positive"
    ],
    "Whether you prefer delivery straight to your doorstep or quick and easy takeout, we've got you covered.": [
        "Social",
        "positive"
    ],
    "Simply visit our website or give us a call to place your order \u2013 it's that simple!": [
        "Social",
        "neutral"
    ],
    "Stream Side Dining VibesAt Cranky Noodles, we offer more than just great food \u2013 we offer a unique dining experience.": [
        "Social",
        "positive"
    ],
    "With outdoor seating available, you can soak up the sunshine and enjoy your meal with a view of the stream.": [
        "Environmental",
        "positive"
    ],
    "It's the perfect setting for a casual meal with friends or a relaxing dinner with family.": [
        "Social",
        "positive"
    ],
    "Join Us at Cranky Noodles Today!Whether you're a local looking for your new favorite hangout spot or a visitor in search of authentic Asian flavors, Cranky Noodles welcomes you with open arms.": [
        "Social",
        "positive"
    ],
    "Come on over and see for yourself why our customers keep coming back for more.": [
        "Social",
        "neutral"
    ],
    "Order online or stop by for pickup \u2013 the choice is yours!": [
        "Social",
        "negative"
    ],
    "We can't wait to serve you a delicious meal with a side of smiles.": [
        "Social",
        "positive"
    ],
    "See you soon at Cranky Noodles!": [
        "Social",
        "neutral"
    ],
    "\ud83c\udf5cOrder HereOrder From Our WebsiteOrder directly from our website to save money in fees, get faster service, earn free food via our rewards program, and support local business.Order NowWhat our customers are sayingCheck out our most recent reviews!Hidden Ramen shop CRANKING out super professional Ramen !": [
        "Social",
        "positive"
    ],
    "!": [
        "None",
        "neutral"
    ],
    "I love this place , the ramen is delicious.": [
        "Social",
        "positive"
    ],
    "I tried the beef shoyu which had tender beef short rib with fresh veggies and perfectly cooked egg and the special of the day coconut curry with shrimp.": [
        "Environmental",
        "positive"
    ],
    "Both were amazing.": [
        "None",
        "positive"
    ],
    "Broth was flavorful.": [
        "Environmental",
        "neutral"
    ],
    "Matcha green tea was delicious too.": [
        "Environmental",
        "positive"
    ],
    "Friendly fast service , had a few stools to sit inside and a couple tables outside , nice for a quick noodle stop or take out spot.": [
        "Social",
        "positive"
    ],
    "Will be back to try other items for sure.Shawn\u2019s H.Great hidden gem for some delicious food!": [
        "Social",
        "positive"
    ],
    "I took their recommendations on both food and drink and it did not disappoint!Shay S.Short rib ramen was amazing.": [
        "Social",
        "positive"
    ],
    "This is a much needed addition to the Sparta restaurant landscape.": [
        "Social",
        "neutral"
    ],
    "Great noodles, excellent broth, short rib was perfectly cooked, the portion was super generous and it was very welcoming shop to pop into.": [
        "Environmental",
        "positive"
    ],
    "/10Mike B.Eyes Feast FirstGet ready to be inspired, intrigued, and inevitably hungry as you explore the Cranky Noodles Flavor Gallery.FeaturingDeliveryTakeout Cranky Noodles RewardsJoin our rewards program to earn points, get free items, and stay up to date with us.LoyaltyFrequently asked questionsWhat areas do you serve?We serve the following areas:\u00a0Sparta, Lake Mohawk, Ogdensburg, Jefferson, Franklin, Andover, Lafayette, Sussex County, Morris County.What are you known for?We are known for the following:\u00a0Takeout, Lunch, Delivery, Dinner.Our locationCranky Noodles\u00a0 Sparta, NJGet DirectionsAddress85 Main Street1Sparta, NJ 07871Contacts()  AM - 3: PM11: AM - 3: PMMondayClosedClosedTuesdayClosedClosedWednesday11: AM - 8: PM11: AM - 8: PMThursday11: AM - 8: PM11: AM - 8: PMFriday11: AM - 8: PM11: AM - 8: PMSaturday11: AM - 8: PM11: AM - 8: PMOpens at : AMSee hoursSee infoHide hoursOrder NowHomeOur StoryWe're HiringGift CardsOrder NowOrder TermsTerms of UsePrivacy PolicyAccessibility StatementCranky Noodles  All Rights ReservedMade with Owner": [
        "Social",
        "positive"
    ]
}