{
    "\nSparta Vacation Rentals & Homes - New Jersey, United States | AirbnbSkip to contentWe\u2019re sorry, some parts of the Airbnb website don\u2019t work properly without JavaScript enabled.Some info has been automatically translated.": [
        "Social",
        "positive"
    ],
    "Show original languageAirbnb your placeAirbnb your placeVacation rentals in SpartaFind and book unique accommodations on AirbnbLocationWhen results are available, navigate with up and down arrow keys or explore by touch or swipe gestures.Check inCheck outSearchTop-rated vacation rentals in SpartaGuests agree: these stays are highly rated for location, cleanliness, and more.0 of 0 items showing1 of 3 pages1 of 3 pages1 / 3__Guest favoriteGuest favoriteCabin in Vernon Township4.": [
        "Social",
        "positive"
    ],
    "out of 5 average rating,   reviews4.": [
        "None",
        "neutral"
    ],
    "()Mountain Creek Views Guest SuiteGuest suite/private side entry.": [
        "Social",
        "neutral"
    ],
    "Host lives upstairs.": [
        "Social",
        "neutral"
    ],
    "If you would like to have the host absent, there is a fee of $ per night.": [
        "None",
        "positive"
    ],
    "Escape to our modern mountain retreat with breathtaking views and easy access to - 2min to the - 8min to - 10min to Warwick drive-in - Hiking trails all over \nAnd when you're ready to relax, you'll have a comfortable and inviting space to call home.": [
        "Social",
        "positive"
    ],
    "We take pride in providing exceptional hospitality.Guest favoriteGuest favoriteCottage in Jefferson4.": [
        "Social",
        "positive"
    ],
    "()Lakeview Cozy Cottage w/ 2 bedrooms & 1 bathStart your morning with a fresh cup of coffee while watching the sunrise over the lake.": [
        "Environmental",
        "positive"
    ],
    "Less than 1 hour from NYC, enjoy your staycation in this updated cottage in a peaceful lake community.": [
        "Social",
        "positive"
    ],
    "Relax on the patio while enjoying the tranquility of nature and creating wonderful memories.": [
        "Social",
        "positive"
    ],
    "Less than 5 minute drive to swimming, watersports, boating, farms, wineries, and lots of great restaurants & bars.": [
        "Social",
        "positive"
    ],
    "Less than  mins to Hopatcong State Park,  mins from Rockaway Mall, and  mins to Mountain Creek.Guest favoriteGuest favoriteHome in Jefferson4.": [
        "Social",
        "neutral"
    ],
    "()Adorable quiet & cozy lakefront studio on dead endWelcome to your next getaway!": [
        "Social",
        "negative"
    ],
    "This charming, lakefront studio views will wow you.": [
        "None",
        "positive"
    ],
    "Let the sound of the lake be your next therapy session!": [
        "None",
        "neutral"
    ],
    "Perfect for a weekend getaway or long-term stay.": [
        "Social",
        "positive"
    ],
    "Bring your work or leave it all behind.": [
        "Social",
        "negative"
    ],
    "House sits at the end of a dead end street uninterrupted by traffic.": [
        "Social",
        "negative"
    ],
    "Short trip from NYC.": [
        "None",
        "neutral"
    ],
    "Enjoy access to kayaks, fishing, gazebo, charcoal BBQ & equipped with kitchen essentials.": [
        "Social",
        "positive"
    ],
    "Great eateries & close to hiking trails or shopping centers.": [
        "Social",
        "positive"
    ],
    "You won't be disappointedGuest favoriteGuest favoriteCondo in Vernon Township4.": [
        "Social",
        "neutral"
    ],
    "()Perfect Retreat!": [
        "Social",
        "positive"
    ],
    "Water park, hot tub, bike races.Gorgeous second floor unit at the Appalachian Lodge at Mountain Creek.": [
        "None",
        "neutral"
    ],
    "Steps from ski lifts, waterpark and  year round outdoor pool / hot tubs.": [
        "Environmental",
        "neutral"
    ],
    "Ski locker, indoor garage.": [
        "Environmental",
        "neutral"
    ],
    "Skiing/snow tubing to mountain biking/horseback riding/farms/hiking/golf/water park & more!": [
        "Social",
        "neutral"
    ],
    "The Appalachian is your perfect base to explore Vernon, Sussex and nearby Warwick, NY.": [
        "None",
        "positive"
    ],
    "Renovated 1 bdr condo w/king bed, sleeper sofa, balcony, gas fireplace - the perfect getaway for a couple or small family.": [
        "Social",
        "positive"
    ],
    "1 hr to EWR or LGA.Guest favoriteGuest favoriteCottage in Vernon Township4.": [
        "Social",
        "neutral"
    ],
    "()Rustic Chic Lake view cottage   miles from NYCCozy lake view cottage  miles from NYC.": [
        "None",
        "positive"
    ],
    "Nestled in nature with swimming, fishing , hiking and biking with beautiful lake views.": [
        "Social",
        "positive"
    ],
    "5 beaches to choose from.": [
        "Social",
        "neutral"
    ],
    "Lovely walking or jogging around the lake, Appalachian trail nearby.": [
        "Environmental",
        "positive"
    ],
    "Highland Lakes is a very scenic, peaceful area easily accessible.": [
        "Environmental",
        "positive"
    ],
    "3 of the best golf courses in the US , Mountain Creek water park and resort minutes away.Apple and pumpkin picking comes fall.": [
        "Social",
        "positive"
    ],
    "Beautiful village of Warwick NY is nearby with restaurants and shopping .SuperhostSuperhostRental unit in Hopatcong4.": [
        "None",
        "positive"
    ],
    "()Amazing View Lake Retreat with dock/kayak/pedalboaForget your worries in this spacious and serene space.": [
        "Environmental",
        "positive"
    ],
    "Be immersed in nature and watch the swans, ducks on the lake as you are on the couch, in the kitchen or working in the bedroom .": [
        "Environmental",
        "neutral"
    ],
    "Visit nearby skiing places,\nEnjoy the sunrise from the patio with amazing views of the lake, fish from our dock, enjoy our 2 kayaks or float around in our pedal boat.": [
        "Environmental",
        "positive"
    ],
    "Train to NYC is within two miles.": [
        "Social",
        "neutral"
    ],
    "EV charging.": [
        "None",
        "neutral"
    ],
    "Enjoy the amazing restaurants and bars on the lake.": [
        "Environmental",
        "positive"
    ],
    "Or rent a pontoon and use the dock.Guest favoriteGuest favoriteHome in Jefferson4.9 out of 5 average rating,   reviews4.9 ()Lake House, Kayaks, Paddleboards,  Min From NYCCome relax, spend some time and make memories at our beautifully renovated, lakefront home on the eastern shores of Lake Hopatcong.": [
        "Social",
        "positive"
    ],
    "Conveniently located  minutes from Route  and only  minutes from Mountain Creek.": [
        "None",
        "neutral"
    ],
    "With a modern interior, open living space, and your own private dock.": [
        "Social",
        "neutral"
    ],
    "Enjoy the lake with our complimentary two paddle boards, two kayaks and a canoe.": [
        "Environmental",
        "positive"
    ],
    "We are minutes away from all there is to do on Lake Hopatcong, you'll be longing to extend your stay at the lake.Guest favoriteGuest favoriteGuest suite in Sparta Township4.": [
        "Social",
        "positive"
    ],
    "()Serene Surroundings: Guest Suite in SpartaDiscover a hidden gem!": [
        "Social",
        "neutral"
    ],
    "Escape to our private guest suite, offering a peaceful retreat with its own entrance and serene pond views.": [
        "Social",
        "positive"
    ],
    "Perfect for enjoying a quiet getaway, visiting family, or exploring the best the area has to offer.": [
        "Social",
        "positive"
    ],
    "Located just a five-minute drive from the picturesque Lake Mohawk and a short walk to the exciting Tomahawk Lake Water Park.": [
        "Environmental",
        "positive"
    ],
    "Close to great restaurants, charming pubs, quaint boutique shops, popular wedding venues and scenic hiking and biking trails.Guest favoriteGuest favoriteGuest suite in Columbia5 out of 5 average rating,   reviews5 ()Private DWG Country Mountain Oasis-Frog Pond View**PRIVATE in-law suite built for relaxing comfort & views of nature.": [
        "Social",
        "positive"
    ],
    "**LOCATION- 2 miles from the Delaware Water Gap - Mount Tammany & **WALK to a private brook side trail & **DECK & PATIO - Grill & enjoy s'mores and roasted marshmallows by the pond.": [
        "Environmental",
        "positive"
    ],
    "**INCLUDES - Bread, eggs, pancake mix, coffee, tea, milk, bananas and s'mores kit.": [
        "None",
        "neutral"
    ],
    "(See photo) \n**EXPERIENCED HOSTS - #1 Most Hospitable Host in NJ  - Airbnb.": [
        "Environmental",
        "neutral"
    ],
    "**Little or no interaction - your choice.SuperhostSuperhostHome in Hopatcong4.": [
        "None",
        "negative"
    ],
    "()Lakefront Hopatcong w/dock kayaks fishing near NYC3840 sqt 4b 2.5b, stunning lakefront house on the largest lake in NJ.": [
        "None",
        "positive"
    ],
    "open lake views from every room.": [
        "Environmental",
        "neutral"
    ],
    "Sunrise coffee at bedroom balcony.": [
        "Environmental",
        "neutral"
    ],
    "Grill in the sunset at the spacious patio, fishing off the private dock.": [
        "None",
        "neutral"
    ],
    "two spacious living rm.": [
        "Social",
        "neutral"
    ],
    "well equipped kitchen, large washer dryer, 3 kayaks, fishing rods, grill, everything you need for your family and group to have a comfortable getaway and make some beautiful memories.": [
        "Social",
        "positive"
    ],
    "1 hr to NYC.Guest favoriteGuest favoriteHome in Vernon Township4.": [
        "Social",
        "neutral"
    ],
    "()Mountain Retreat Luxury Condo - Golfing + More!Newly renovated upper level 2 bedroom 2 full bath condo located in Great Gorge Village in Vernon, NJ.": [
        "None",
        "positive"
    ],
    "Enjoy the beautiful views and create memories in our cozy condo.": [
        "Social",
        "positive"
    ],
    "In close proximity to Mountain Creek resort where there is skiing, snowboarding, waterparks/rides, and mountain biking.": [
        "Environmental",
        "neutral"
    ],
    "Close to Crystal Spring as well with award winning golf courses.": [
        "Social",
        "positive"
    ],
    "Up the road from Minerals Resort.Guest favoriteGuest favoriteGuesthouse in Morristown4.": [
        "Environmental",
        "neutral"
    ],
    "()Private Guest HousePrivate  square foot guest house on side of owners home.": [
        "Social",
        "neutral"
    ],
    "Private entrance.": [
        "Social",
        "neutral"
    ],
    "Recently renovated with all new bedding, furnishings, bathroom, appliances and fixtures.": [
        "None",
        "neutral"
    ],
    "Located just 1 mile from center of Morristown.": [
        "None",
        "neutral"
    ],
    "Walking distance to many restaurants, parks and shopping.": [
        "Social",
        "neutral"
    ],
    "1 mile from Morristown Train Station, direct to NYC.": [
        "None",
        "neutral"
    ],
    "Plenty of parking, pet friendly.Vacation rentals for every styleGet the amount of space that is right for youHotelsStylish accommodations and amenitiesUnique staysSpaces that are more than just a place to sleepHomesComfortable places with all the essentialsPopular amenities for Sparta vacation rentalsKitchenWifiPoolFree parking on premisesAir conditioningStay near Sparta's top sightsTomahawk Lake14 locals recommendSterling Hill Mining Museum18 locals recommendLake Mohawk Country Club3 locals recommendMohawk House22 locals recommendShopRite of Franklin7 locals recommendBlack Bear Golf Club5 locals recommendOther great vacation rentals in SpartaGuest favoriteGuest favoriteRental unit in Hopatcong4.": [
        "Social",
        "positive"
    ],
    "()This is La Vie Lakefront \nW/Boat slip availableGuest favoriteGuest favoriteHome in Sparta5 out of 5 average rating,   reviews5 ()The luxury modern home with pool in Sparta.SuperhostSuperhostHome in Sparta4.": [
        "None",
        "neutral"
    ],
    "()Lovely Lake Mohawk RetreatGuest favoriteGuest favoriteRental unit in Lafayette5 out of 5 average rating,   reviews5 ()King Suite, Luxe Studio Apartment\u20141hr from NYCGuest favoriteGuest favoriteRental unit in Bloomingdale4.": [
        "Social",
        "neutral"
    ],
    "()Spacious Retreat Close to NatureGuest favoriteGuest favoriteFarm stay in Mount Olive4.": [
        "Social",
        "positive"
    ],
    "()Cozy cottage, serene with viewsGuest favoriteGuest favoriteGuest suite in Jefferson5 out of 5 average rating,   reviews5 ()Cozy Lakefront Suite w/ Heated Floors & 2 KayaksGuest favoriteGuest favoriteTower in Rockaway Township4.": [
        "Social",
        "positive"
    ],
    "()The Tower at UnderhillShow allQuick stats about vacation rentals in SpartaTotal rentals20 propertiesNightly prices starting at$ before taxes and feesTotal number of reviews520 reviewsFamily-friendly rentals10 properties are a good fit for familiesRentals with dedicated workspaces10 properties have a dedicated workspaceWifi availability20 properties include access to wifiDestinations to exploreNearby destinationsOther types of staysUnique staysTravel tips & inspirationNew City\u00a0Vacation rentalsLong Island\u00a0Vacation rentalsNewark\u00a0Vacation rentalsPocono Mountains\u00a0Vacation rentalsWashington\u00a0Vacation rentalsDeep Creek Lake\u00a0Vacation rentalsPhiladelphia\u00a0Vacation rentalsJersey City\u00a0Vacation rentalsNew York\u00a0Vacation rentalsThe Hamptons\u00a0Vacation rentalsBoston\u00a0Vacation rentalsCape Cod\u00a0Vacation rentalsShow moreMonthly Rentals\u00a0SpartaCabins\u00a0United StatesTreehouses\u00a0United StatesGlamping\u00a0United StatesTiny Houses\u00a0United StatesBeach Houses\u00a0United StatesCampers and RVs\u00a0United StatesLakehouses\u00a0United StatesYurt Rentals\u00a0United StatesYurt Rentals\u00a0United KingdomCastle Rentals\u00a0United StatesHouseboats\u00a0United StatesHoliday Caravans\u00a0United KingdomPrivate Island Rentals\u00a0United StatesFarm Houses\u00a0United StatesFarm Cottages\u00a0United KingdomCabin Rentals\u00a0AustraliaLuxury Cabins\u00a0United KingdomLuxury Cabins\u00a0United StatesHoliday Chalets\u00a0United KingdomCottage Rentals\u00a0United StatesHoliday Cottages\u00a0United KingdomMansion Rentals\u00a0United StatesVilla Rentals\u00a0United KingdomHoliday Bungalows\u00a0United KingdomBungalow Rentals\u00a0United StatesCondo Rentals\u00a0United StatesHoliday Apartments\u00a0AustraliaHoliday Houses\u00a0United StatesHoliday Houses\u00a0United KingdomPrivate Holiday Rentals\u00a0United KingdomBig House Rentals\u00a0United StatesBig Cottages\u00a0AustraliaLarge Villas\u00a0United KingdomHouse Rentals with a Pool\u00a0United StatesCabin Rentals with a Pool\u00a0United StatesVillas with a Pool\u00a0United KingdomApartments with a Hot Tub\u00a0United StatesHoliday Cottages with a Hot Tub\u00a0United KingdomBeach Cabins\u00a0United StatesBeach Condos\u00a0United StatesBeachfront Rentals\u00a0United StatesBeach Houses\u00a0United KingdomBeach Villas\u00a0United KingdomCoastal Cottages\u00a0United KingdomPet-Friendly Vacation Rentals\u00a0United StatesPet-Friendly Beach Rentals\u00a0United StatesPet-Friendly Cabin Rentals\u00a0United StatesDog-Friendly Cottages\u00a0United KingdomLuxury Dog-Friendly Cottages\u00a0United KingdomShow moreFamily travel hub\u00a0Tips and inspirationFamily budget travel\u00a0Get there for lessVacation ideas for any budget\u00a0Make it special without making it spendyTravel Europe on a budget\u00a0How to take the kids to Europe for lessOutdoor adventure\u00a0Explore nature with the familyBucket list national parks\u00a0Must-see parks for family travelKid-friendly state parks\u00a0Check out these family-friendly hikesAirbnb \u203a  \u203a United States \u203a  \u203a New Jersey \u203a  \u203a Sussex County \u203a  \u203a Sparta\u00a9  Airbnb, Inc. All rights reservedPrivacyTermsSite Map": [
        "Social",
        "positive"
    ]
}