{
    "\nParks & Recreation | Sparta Township,  \nSkip to Create a Website Account - Manage notification subscriptions, save form progress and more.": [
        "Social",
        "positive"
    ],
    "Website  \n \n \n \n \n \nCircle of  \n \n \n \nSparta  \n \n \n  \n \n \nSparta Parks and RecreationMission StatementSparta Township Parks and Recreation exists to provide and facilitate access to parks, recreation, cultural opportunities, and open space.": [
        "Social",
        "positive"
    ],
    "Our staff members are committed to delivering the benefits of parks and recreation services including:Leisure time benefits of\u00a0providing a wide variety of quality and introductory programs at affordable costsPersonal benefits\u00a0of strengthening self-esteem and self-image, improving health and fitness, and reducing stress in an enjoyable atmosphereSocial benefits of building stronger families, creating community spirit, promoting opportunities to develop new friendships, and providing positive alternatives for all segments of the communityEnvironmental benefits of protecting and rehabilitating natural areas and open space, and contributing to overall community livabilityWe strive to provide parks and facilities which are safe and attractive and offer recreation programs that are enjoyable and meaningful.": [
        "Social",
        "positive"
    ],
    "We look forward to working with other area agencies and departments to help enhance the overall quality of life.": [
        "Social",
        "positive"
    ],
    "We believe in being honest, positive, and responsive to the needs and interests of the public.No Trash Cans at the FacilitiesThere are no garbage cans at Sparta Recreation\u2019s parks facilities, due to the escalating bear issue with the garbage.": [
        "Social",
        "positive"
    ],
    "We are carry in and carry out until further notice.": [
        "None",
        "neutral"
    ],
    "Please do not leave any garbage bags in the park.": [
        "Social",
        "positive"
    ],
    "Thank you.": [
        "None",
        "positive"
    ],
    "Parks &  Lower Level of Sparta, Phone: --\nFax: --\n  \n \n  \nDocuments What to know Commemorative Tree and Commemorative Tree and Bench Program Information \n/QuickLinks.July \n\r\nSun\r\n\r\nMon\r\n\r\nTue\r\n\r\nWed\r\n\r\nThu\r\n\r\nFri\r\n\r\n    \n\n\n\n\n\n\n\n\n\n\n\n\n\n\n\n\n\n\n\n\n\n  Mon, Jul.": [
        "None",
        "negative"
    ],
    "Recreation Advisory Tue, Jul.": [
        "Social",
        "neutral"
    ],
    "Recreation Advisory View /Calendar.": [
        "None",
        "neutral"
    ],
    "Notice of Truck Mounted ULV Spraying \n\r\nOffice of Mosquito Control will Be Conducting A Truck Mounted ULV Application FOR ADULT MOSQUITOES Wednesday, July , \t\t\t\tRead on...\nSparta Institute International Conference  \n\r\nSparta, New Jersey, was selected by the Sparta Institute of Greece as the site of an international conference of municipalities named after the Greek city.": [
        "Social",
        "neutral"
    ],
    "Together with our Greek sister city, Sparta NJ is forming a joint committee to organize the event.": [
        "Social",
        "neutral"
    ],
    "Read on...\nSussex County Mass Notification System \n\r\nGet alerted about emergencies and other important community news!": [
        "Social",
        "positive"
    ],
    "Signup for The Sussex County Mass Notification System\u00ad - ReGroup\t\t\t\tRead on...\nView /CivicAlerts.": [
        "Social",
        "neutral"
    ],
    "Sparta Township Parks & RecreationLower Level of the Sparta Public Library22 Woodport RoadSparta Township, NJ 07871Phone: --\n \n  \n \nDocuments & /QuickLinks.": [
        "Social",
        "neutral"
    ],
    "/QuickLinks.": [
        "None",
        "neutral"
    ],
    "Government Websites by CivicPlus\u00ae\n \n \n \n\r\n\t\t\t\tLoading\r\n\t\t\t\nDo Not []\nSlideshow Slideshow": [
        "Social",
        "neutral"
    ]
}