{
    "\nSandyston Township NJ - Sandyston Monday - 8: - 2:() -3520133 Route 645Sandyston, NJ\u00a0 07826 \nHomeGovernmentContact UsMunicipal ClerkPublic DocumentsPublic NoticesSussex County Public RecordsTownship CodeTownship CommitteeDepartmentsAnimal ControlBoard of HealthClean CommunitiesConstructionEmergency ManagementFinanceFire Prevention/Fire OfficialLand Use/Planning BoardRoad DepartmentTax CollectorTax AssessorZoningOrganizationsBlue Ridge Rescue SquadSandyston Township Historical SocietySandyston Township RecreationSandyston Township Volunteer Fire DepartmentResidentsCOVID- InformationFormsHistoryKittatinny Regional High SchoolMost WantedNew ResidentsNo National ParkRecyclingSandyston-Walpack Consolidated SchoolStormwater ManagementTextMyGovView & Pay Tax BillVolunteerOur TownBusinessesParks, Schools, HomeGovernmentContact UsMunicipal ClerkPublic DocumentsPublic NoticesSussex County Public RecordsTownship CodeTownship CommitteeDepartmentsAnimal ControlBoard of HealthClean CommunitiesConstructionEmergency ManagementFinanceFire Prevention/Fire OfficialLand Use/Planning BoardRoad DepartmentTax CollectorTax AssessorZoningOrganizationsBlue Ridge Rescue SquadSandyston Township Historical SocietySandyston Township RecreationSandyston Township Volunteer Fire DepartmentResidentsCOVID- InformationFormsHistoryKittatinny Regional High SchoolMost WantedNew ResidentsNo National ParkRecyclingSandyston-Walpack Consolidated SchoolStormwater ManagementTextMyGovView & Pay Tax BillVolunteerOur TownBusinessesParks, Schools, \n\t\tSep\t\nSandyston \n6: \n\t\tOct\t\nSandyston \n6: \n\t\tNov\t\nSandyston \n6: Soccer Field DirectionsAndover\u00a0Bodhi Andover BoroughAndover Boro Field\u00a0- Parking lot @ top of hill, field Byram/LenapeC.O.": [
        "Social",
        "positive"
    ],
    "HamptonHampton High LenapeMohawk NewtonMemory ParkPark and RidePine OgdensburgBridge Street FieldPlant Street Field\u00a0(a/k/a Bridge St. Field)\nSussexClifton E. Lawrence SchoolNo item found!Our MissionSandyston Township Recreation Committee are a group of dedicated volunteers that work hard to provide opportunitis for athletics and family activities for the residents of Sandyston.": [
        "Social",
        "positive"
    ],
    "We are always in need of donations and volunteers to help with our progams and costs.": [
        "Social",
        "positive"
    ],
    "What do we do?": [
        "None",
        "neutral"
    ],
    "Used Book Easter Town Wide Garage Sales (May)\nSandyston Day (June)\nGobble Hobble 5K Fundraiser (Nov)\nTrunk or Treat (Oct)\nSanta Breakfast (Dec)\nDeck the Homes (Home Decorating Contest) (Dec)\nFundraiser InformationUsed Book Sandyston Township Recreation hosts the Used Book Sale Fundraiser several times a year and is always in need of good quality current books in good condition.": [
        "Social",
        "positive"
    ],
    "If you are looking to donate books to Sandyston Township Recreation please follow the following guidelines:\nPlease contact Sandyston Recreation and advise them that you wish to donate books and the type of books you have to donate.": [
        "Social",
        "positive"
    ],
    "You may contact them via email at [email\u00a0protected]Please do not drop off books at the municipal building without first checking with Sandyston Recreation.": [
        "Social",
        "positive"
    ],
    "We appreciate your donations, but volunteers are limited and we do not always have people to bring in donations and put them away,\u00a0 Always contact Sandyston Recreation first.January  - ,  will be the next date for the Used Book Sale.": [
        "Social",
        "negative"
    ],
    "Please check our website, calendar and Facebook page for updated information dates for drop off and books accepted.We have a beautiful walking path and now would love to add unique and personalized bricks to enhance our path!": [
        "Social",
        "positive"
    ],
    "So many options for you to consider and participate to leave a lasting memory for your family or of a loved one:\nYour family name;\nIn memory or in honor of your family who lives in Sandyston or once lived in Sandyston;\nIn memory of a loved one;\nIn honor or memory of family, friends, neighbors or pets;\nIn honor or memory of teacher, former teacher, coach, mentor, etc;\nIn honor or memory of community leaders (municipal, county, state)\nIn honor of service of friend or family (military, fire, ems, police, etc);\nYour Business!": [
        "Social",
        "positive"
    ],
    "Order online by CLICKING HERE.": [
        "None",
        "neutral"
    ],
    "Print form accessible by\u00a0CLICKING HERE.": [
        "None",
        "neutral"
    ],
    "If you have already ordered a brick - We have your order; however, you are welcome to contact [email\u00a0protected] to confirm.": [
        "Social",
        "positive"
    ],
    "We are looking toward to  for install the bricks!": [
        "Environmental",
        "neutral"
    ],
    "So get your order in!!!": [
        "None",
        "neutral"
    ],
    "Recreation Contact InformationJennifer Lubeck, Beth Greene, Victoria Browne, Mailing Address:  Route , Sandyston, NJ, 07826Sandyston Recreation WebsiteBeautiful PlaygroundWalking PathForms & DocumentsMeetingsPlease consider joining Sandyston Recreation on the fourth Monday of each month at 6: pm (unless otherwise noted) at the Sandyston Township Municipal Building.Visit Us Accessibility\u00a0| Website Terms\u00a0| Social Municipal Management Software and Websites by\u00a0Spatial \u00a0\u00a9 Copyright.": [
        "Social",
        "neutral"
    ],
    "All Rights Reserved.": [
        "None",
        "neutral"
    ],
    "HomeGovernmentContact UsMunicipal ClerkPublic DocumentsPublic NoticesSussex County Public RecordsTownship CodeTownship CommitteeDepartmentsAnimal ControlBoard of HealthClean CommunitiesConstructionEmergency ManagementFinanceFire Prevention/Fire OfficialLand Use/Planning BoardRoad DepartmentTax Blue Ridge Rescue SquadSandyston Township Historical SocietySandyston Township RecreationSandyston Township Volunteer COVID- InformationFormsHistoryKittatinny Regional High SchoolMost WantedNew ResidentsNo National ParkRecyclingSandyston-Walpack Consolidated SchoolStormwater ManagementTextMyGovView & Pay Tax BusinessesParks, Schools,": [
        "Social",
        "positive"
    ]
}