{
    "\nRoselle, New Jersey - Simple English Wikipedia, the Jump move \t\t\t\nMain pageSimple startSimple talkNew changesShow any pageHelpContact usGive to  Create account \t\tPages for logged out editors move Toggle the table Roselle,  \u0627\u0644\u0639\u0631\u0628\u064a\u0629Asturianu\u062a\u06c6\u0631\u06a9\u062c\u0647\u95a9\u5357\u8a9e / B\u00e2n-l\u00e2m-g\u00faCatal\u00e0CebuanoCymraegDagbanliDeutschEnglishEspa\u00f1olEuskara\u0641\u0627\u0631\u0633\u06ccFran\u00e7aisItaliano\u049a\u0430\u0437\u0430\u049b\u0448\u0430KiswahiliKrey\u00f2l ayisyen\u041a\u044b\u0440\u0433\u044b\u0437\u0447\u0430LadinNederlands\u041d\u043e\u0445\u0447\u0438\u0439\u043dNorsk bokm\u00e5lO\u02bbzbekcha / \u045e\u0437\u0431\u0435\u043a\u0447\u0430PolskiPortugu\u00eas\u0421\u0440\u043f\u0441\u043a\u0438 / srpskiSrpskohrvatski / \u0441\u0440\u043f\u0441\u043a\u043e\u0445\u0440\u0432\u0430\u0442\u0441\u043a\u0438\u0422\u0430\u0442\u0430\u0440\u0447\u0430 / ReadChangeChange move \t\nReadChangeChange \t\t\t\nWhat links hereRelated changesUpload fileSpecial pagesPermanent linkPage informationCite this pageGet shortened URLDownload QR \t\tPrint/\t\nMake a bookDownload as PDFPage \t\tIn \t\nmove From Simple English Wikipedia, the Roselle (/ro\u028a\u02c8z\u025bl/, row-ZELL) is a borough located in Union County in the state of New Jersey, United States.": [
        "Social",
        "positive"
    ],
    "As of the  United States Census, the borough's population was ,.": [
        "Social",
        "positive"
    ],
    "[1]\nReferences[change | change source]\n\u2191 \"QuickFacts: Roselle borough, New Jersey\".": [
        "Social",
        "neutral"
    ],
    "United States Census Bureau.": [
        "None",
        "positive"
    ],
    "Retrieved February , .": [
        "None",
        "neutral"
    ],
    "vteMunicipalities and communities of Union County, New Jersey, United StatesCounty seat: Map of New Jersey highlighting  This short article about a\u00a0place or feature in the United States can be made longer.": [
        "Social",
        "positive"
    ],
    "You can help Wikipedia by adding to it.": [
        "Social",
        "positive"
    ],
    "Retrieved from \"https://simple.wikipedia.org/w/index.php?title=Roselle,_New_Jersey&oldid=9357361\"\nCategory: Boroughs in New JerseyHidden category: United States  This page was last changed on  February , at :.": [
        "None",
        "positive"
    ],
    "Text is available under the Creative Commons Attribution-ShareAlike License and the GFDL; additional terms may apply.": [
        "None",
        "positive"
    ],
    "See Terms of Use for details.": [
        "None",
        "neutral"
    ],
    "Code": [
        "None",
        "neutral"
    ]
}