{
    "\nS.B.H.S.": [
        "None",
        "neutral"
    ],
    "Web If a business listed on this page has a web site       internet, a direct link may have been provided.": [
        "None",
        "neutral"
    ],
    "By clicking on the underlined name       window will open to that business web site.": [
        "None",
        "neutral"
    ],
    "When you are finished browsing that       simply close that window and you will return to this page.": [
        "Environmental",
        "neutral"
    ],
    "To obtain a direct link       business website contact the Chamber of Commerce Office at --.": [
        "None",
        "neutral"
    ],
    ".": [
        "None",
        "neutral"
    ],
    "Saddle Brook Saddle River TownshipSaddle Brook is one of townships in Bergen County.": [
        "Social",
        "neutral"
    ],
    "The area was first settled by the Dutch as part of New Amsterdam.": [
        "None",
        "neutral"
    ],
    "After the English takeover in the early 's, it of New Barbadoes.": [
        "None",
        "neutral"
    ],
    "Barbadoes is an island in the Indies, and New Barbadoes was the name chosen by the English settlers in that area.)": [
        "None",
        "neutral"
    ],
    "New Barbadoes had as its boundaries the Hackensack and to the east and west, and Sussex County and Newark Bay north and south.": [
        "None",
        "neutral"
    ],
    "Most of the history of the township is, of course, the history of Saddle River Township, which is one of the oldest townships in Bergen County.": [
        "None",
        "neutral"
    ],
    "Historians do not always agree on the dates in history, but quite a few of them write that the township was created in March of .": [
        "Social",
        "positive"
    ],
    "In , the township seceded from New Barbadoes.": [
        "Social",
        "neutral"
    ],
    "As time passed, towns were carved from Saddle River Township until it 2.7 square miles it is today.": [
        "Environmental",
        "neutral"
    ],
    "Among the towns that were part original community were Ridgewood, Ho-Ho-Kus, Franklin, Garfield, East Paterson, and Fair Lawn.": [
        "None",
        "positive"
    ],
    "many parts of New Jersey, our township felt the marching feet Revolutionary heroes on its soil.": [
        "Environmental",
        "positive"
    ],
    "What is today Outwater Lane,\nbut was then called Tours Lane, was used by our army to march to the Passaic River, there to ford the river.": [
        "Environmental",
        "neutral"
    ],
    "A stone monument stands there today to attest fact that our soldiers crossed the river at that point.": [
        "Environmental",
        "neutral"
    ],
    "known as Post's Ford.": [
        "None",
        "neutral"
    ],
    "Around , our township was known for the very fine and large crops of melons and strawberries it produced.": [
        "Environmental",
        "positive"
    ],
    "In , it potatoes and produced many fine crops.": [
        "Environmental",
        "positive"
    ],
    "Agriculture predominated in the first half of the twentieth century.": [
        "Environmental",
        "neutral"
    ],
    "There were poultry farms, four greenhouses, three pasteurizing plants, a plant where a ice cream was manufactured, a celluloid novelty factory, tulip farm.": [
        "Environmental",
        "neutral"
    ],
    "In the early 's, Saddle River Township's population was growing rapidly; and the town fathers wanted to establish a post office to private homes and attract new business.": [
        "Social",
        "positive"
    ],
    "A Post was formed by the Chamber of Commerce in , and its that a name change was necessary since there were two other towns with similar names County (Upper Saddle River and Saddle River).": [
        "None",
        "neutral"
    ],
    "The citizens change the name of the township November 8, .": [
        "None",
        "neutral"
    ],
    "Brook Township Post Office was dedicated January 9, .": [
        "Social",
        "positive"
    ],
    "During the early part of its history, Saddle Brook was primarily an agricultural community.": [
        "Social",
        "neutral"
    ],
    "the twentieth century, the township has undergone with the rest of the county.": [
        "None",
        "neutral"
    ],
    "Industries and businesses have found homes in the community, and in recent years a cluster of high rise buildings that forms a conference center for northern New Jersey.": [
        "Social",
        "neutral"
    ],
    "population of Saddle Brook Township has grown from 2, in  to more than ,.": [
        "Social",
        "neutral"
    ],
    "Many of the streets in Saddle Brook Township, however, tree-lined residential avenues.": [
        "Social",
        "neutral"
    ],
    "[\u00a0Home\u00a0] [\u00a0Accommodations\u00a0] [\u00a0Area\u00a0Chambers\u00a0] [\u00a0Around\u00a0Town\u00a0] [\u00a0Attractions\u00a0] [\u00a0Chamber\u00a0Members\u00a0] [\u00a0Civic-Service\u00a0Orgs.\u00a0]": [
        "Social",
        "positive"
    ],
    "[\u00a0Dining\u00a0] [\u00a0Education\u00a0] [\u00a0Events\u00a0] [\u00a0Government\u00a0] [\u00a0Health\u00a0Services\u00a0] [\u00a0History\u00a0] [\u00a0Library\u00a0] [\u00a0Message\u00a0Board\u00a0] [\u00a0Realtors\u00a0] [\u00a0Recreation\u00a0] [\u00a0Shopping\u00a0] [\u00a0Town\u00a0Memorials\u00a0] [\u00a0Worship\u00a0] [\u00a0Web\u00a0Links\u00a0]\n\ufffdCopyright -4,Greater Chamber        North Saddle Brook, N.J.       () - (temporary office #)All       \u00a0\n\u00a0Files (.pdf) used on \n      this website       only with Adobe Acrobat Reader.": [
        "Social",
        "positive"
    ],
    "You may download a free copy at:\nPresented by the I.A.W.M.": [
        "None",
        "positive"
    ],
    "Comments to [email\u00a0protected]": [
        "Social",
        "neutral"
    ]
}