{
    "\nJamros-Baker-Schneider American Legion Post  - Township of Saddle Brook \u00a0\n \n Toggle Departments \nFire Health Department & Registrar\u2019Saddle Brook Office of Saddle Brook Chamber Emergency Saddle Brook Houses Saddle Brook Saddle Brook Access Saddle Brook Saddle Brook Saddle Brook Woman\u2019Mayor\u2019s Saddle Brook Chapter Saddle Meetings Saddle Brook Mayor Township Frequently Asked Questions (FAQs)\nTownship Storm Water and Outfall Drawing Planning Zoning Saddle Brook Jamros-Baker-Schneider American Legion Post \nPost  of the Jamros-Baker-Schneider American Legion was chartered in .": [
        "Social",
        "negative"
    ],
    "Located at  Midland Avenue, the Legion does not stand alone.": [
        "None",
        "positive"
    ],
    "It is a family which consists of the Ladies Auxiliary and the Sons of the American Legion which are critical parts of its organization.": [
        "Social",
        "negative"
    ],
    "Their participation is the Post\u2019s future.": [
        "None",
        "neutral"
    ],
    "The American Legion sponsors sending girls to Girls\u2019 State and boys to Boys\u2019 State.": [
        "Social",
        "neutral"
    ],
    "This is a program in which children learn and participate in state government.": [
        "Social",
        "neutral"
    ],
    "It sponsors a Night of Bingo at the Paramus Veterans\u2019 Home in Paramus.": [
        "Social",
        "neutral"
    ],
    "The Post provides cake and juice after the games.": [
        "Environmental",
        "neutral"
    ],
    "The Post also runs several fund raising functions, like Atlantic City bus rides, scholarship dinner dances, car washes, Chinese auctions, and pasta and beefsteak dinners.": [
        "Social",
        "positive"
    ],
    "The Post is then able to donate money to the Fire Department, the Police Department, and the Ambulance Corps.": [
        "Social",
        "negative"
    ],
    "It delivers food baskets to needy families in town for the Thanksgiving, Christmas and Easter holidays, and helps stock a food pantry.": [
        "Social",
        "positive"
    ],
    "The words \u201cAmerican Legion\u201d demand \u201cthat the wearer shall ever guard the sanctity of home and country and free institutions .": [
        "Social",
        "positive"
    ],
    ".": [
        "None",
        "neutral"
    ],
    ".\u201d\u00a0 There shines the emblem of the American Legion.": [
        "Environmental",
        "neutral"
    ],
    "It is its badge of pride and distinction of honor and service.": [
        "Social",
        "positive"
    ],
    "Robert Paterson is the present commander.": [
        "Social",
        "neutral"
    ],
    "Jamros-Baker-Schneider American Legion Post \n Saddle Brook, () -\nAmerican Legion Copyright information from American Legion published materials, with permission of Commander Paterson.": [
        "Social",
        "neutral"
    ],
    "Saddle Brook Emergency Houses First St. Philip the Holy Apostles Eastern Church of the Saddle Brook Saddle Brook Mayor\u2019s Saddle Brook Saddle Brook Woman\u2019Saddle Brook Chapter Saddle TOWN HALL MAILING ADDRESS Township of Saddle Brook\r\n Mayhill Street\r\nSaddle Brook, Departments \nFire Health Department & Registrar\u2019Saddle Brook Office of Saddle Brook Chamber Emergency Saddle Brook Houses Saddle Brook Saddle Brook Access Saddle Brook Saddle Brook Saddle Brook Woman\u2019Mayor\u2019s Saddle Brook Chapter Saddle Meetings Saddle Brook Mayor Township Frequently Asked Questions (FAQs)\nTownship Storm Water and Outfall Drawing Planning Zoning Saddle Brook  \n \nAddress \r\nTownship of Saddle Brook,  Mayhill Street, Saddle Brook, NJ  07663\r\nTown Hall:\n() -\nWater Department:\n() -\nFree Public Library:\n() -\nHealth Department & Registrar\u2019Fire Department & Fire Saddle Brook Emergency Houses Saddle Brook Saddle Brook Mayor\u2019s Saddle Brook Saddle Brook Woman\u2019Saddle Saddle A Brief History of Saddle Brook Mayor Planning Zoning Flood Saddle Saddle Brook Township Frequently Asked Questions (FAQs)\n\u00a9 - | www.saddlebrook.Designed & Developed by : JKO": [
        "Social",
        "negative"
    ]
}