{
    "\nTownship Frequently Asked Questions (FAQs) - Township of Saddle Brook \u00a0\n \n Toggle Departments \nFire Health Department & Registrar\u2019Saddle Brook Office of Saddle Brook Chamber Emergency Saddle Brook Houses Saddle Brook Saddle Brook Access Saddle Brook Saddle Brook Saddle Brook Woman\u2019Mayor\u2019s Saddle Brook Chapter Saddle Meetings Saddle Brook Mayor Township Frequently Asked Questions (FAQs)\nTownship Storm Water and Outfall Drawing Planning Zoning Saddle Brook Frequently Township Frequently Asked Questions (FAQs)\n\t\tSearch FAQs:\n\t\n\t\t\t\tCan I pay for my dog license on line?": [
        "Social",
        "negative"
    ],
    "Licenses cannot be purchased online.": [
        "None",
        "neutral"
    ],
    "We take cash, checks or money orders as payment.": [
        "None",
        "neutral"
    ],
    "https://saddlebrooknj.us/health-department-and-registrar/home/\n\u00a0\n\t\tBack to \t\t\t\tCan I put out bushes and tree limbs as Yard Waste?": [
        "Environmental",
        "negative"
    ],
    "Yes,\u00a0 bushes must be tied and placed at the curb neatly.": [
        "Social",
        "positive"
    ],
    "Tree limbs must be cut in 4\u2032 lengths and tied and placed at the curb or in a barrel.": [
        "Environmental",
        "negative"
    ],
    "Back to \t\t\t\tCan I throw dirt in with the lawn & leaf debris?": [
        "Environmental",
        "negative"
    ],
    "Dirt should not be put with lawn and leaf debris.": [
        "Environmental",
        "negative"
    ],
    "Only grass clippings, leaves, branches (cut and tied), and shrubbery are acceptable.": [
        "Environmental",
        "positive"
    ],
    "Back to \t\t\t\tCan lawn and leaf debris be put in the Eco-Friendly plastic bags that they sell at Shop Rite?": [
        "Environmental",
        "neutral"
    ],
    "Lawn and leaf debris can only be placed in garbage cans or paper bags.": [
        "Environmental",
        "neutral"
    ],
    "These bags can be purchased at Lowes, Home Depot, Costco, etc.": [
        "Environmental",
        "neutral"
    ],
    "Back to \t\t\t\tDo I have to come in person to fill out a marriage application?": [
        "Social",
        "neutral"
    ],
    "Yes you do.": [
        "None",
        "positive"
    ],
    "You, your fianc\u00e9 and a witness must make an appointment to come in.": [
        "Governance",
        "neutral"
    ],
    "https://saddlebrooknj.us/health-department-and-registrar/home/\n\t\tBack to \t\t\t\tDo you give out lawn bags in Spring and Fall?": [
        "Social",
        "neutral"
    ],
    "No.": [
        "None",
        "negative"
    ],
    "Currently we only give them out in the Fall (November) .": [
        "None",
        "neutral"
    ],
    "We will post an announcement on the Saddle Brook webiste and Social Meida pages.": [
        "Social",
        "neutral"
    ],
    "Back to \t\t\t\tHow do I apply for a hot water heater permit so I can get a rebate from the state?": [
        "Environmental",
        "neutral"
    ],
    "Please call the Building Department at -- for information on permits.": [
        "Social",
        "positive"
    ],
    "Back to \t\t\t\tIf I miss a lawn & leaf pick up will the DPW come and pick it up on another day?": [
        "None",
        "negative"
    ],
    "If you miss your lawn and leaf day,\u00a0 pickup will be the following week.": [
        "None",
        "negative"
    ],
    "Yard Waste The Township is divided by four sections.": [
        "Environmental",
        "negative"
    ],
    "*Please remove all cars from roadways between 7: a.m. to 3: p.m. for Street Sweeper.": [
        "Social",
        "neutral"
    ],
    "Section 1 \u2013 Every Monday :\nAll streets from Wilson Street south to Colonial Avenue; from Fairlawn Parkway west to North Midland Avenue.": [
        "None",
        "neutral"
    ],
    "Section 2 \u00a0\u2013 Every Tuesday :\u00a0\nAll streets from South Broadway south from Fairlawn Parkway east to Saddle River Road including Jamros Terrace, Kuhn Drive, Bell Avenue, Birk St. and Section 3 \u2013 Every Wednesday :\u00a0\nAll Streets from Market Street, Southside of Market Street only, south to Outwater Lane, from Hollywood Avenue west to Section 4 \u2013 Every Thursday :\nAll Streets from Pehle Avenue south to Market Street (north side of Market Street only), from Saddle \u00a0\n\u00a0\n\t\tBack to \t\t\t\tIf I want to install a pool what do I need to do?": [
        "None",
        "positive"
    ],
    "You must call the building department for a permit application at () -\nBuilding \t\tBack to \t\t\t\tIs overnight street parking allowed in Saddle Brook?": [
        "Social",
        "neutral"
    ],
    "Yes, vehicles can be parked overnight on the street provided there is no specific \u201cNo Parking\u201d sign.": [
        "Social",
        "positive"
    ],
    "Street parking is also suspended during snowfall that is more than 2 inches to allow for plowing of the Township streets.": [
        "Environmental",
        "negative"
    ],
    "Back to \t\t\t\tWhat days of the week is there trash pickup in Saddle Brook\t\t\t\nTrash pickup is every Wednesday and Saturday for the entire Township.": [
        "Social",
        "neutral"
    ],
    "If there is not to be\u00a0 trash pickup due to a Holiday or Emergency,\u00a0 the Township will post the modified pickup schedule on the Saddle Brook website and Social Media Pages.": [
        "Social",
        "neutral"
    ],
    "To look up trash, recycling, and special pickups for your street go to: https://saddlebrooknj.us/dpw/look-trash-recycling-special-pickups-street/\nFor further information, please call the Saddlle Brook DPW at --\n\t\tBack to \t\t\t\tWhat do I do with railroad ties?": [
        "Environmental",
        "positive"
    ],
    "Trash haulers do not take railroad ties.": [
        "None",
        "neutral"
    ],
    "Call the BCUA (--) for more information.": [
        "None",
        "neutral"
    ],
    "Back to \t\t\t\tWhat if I receive an \u201cAdvice \u201c or \u201cTaxpayer \u201c copy of my tax bill?": [
        "Social",
        "neutral"
    ],
    "This is for your records only.": [
        "None",
        "neutral"
    ],
    "The information was forwarded to your mortgage company for payment.": [
        "None",
        "neutral"
    ],
    "Back to \t\t\t\tWhat is the weight limit that the DPW will pick up?": [
        "None",
        "neutral"
    ],
    "lbs.": [
        "None",
        "neutral"
    ],
    "Back to \t\t\t\tWhen can I get leaf bags?": [
        "Environmental",
        "neutral"
    ],
    "Leaf bags are given out in the fall (October, November) \u00a0 bags to a house.": [
        "Environmental",
        "neutral"
    ],
    "Back to \t\t\t\tWhen do you begin to pick up lawn and leaf debris?": [
        "Environmental",
        "neutral"
    ],
    "We pick up lawn and leaf debris all year except when it snows.": [
        "Environmental",
        "neutral"
    ],
    "After snow removal is complete, lawn and leaf pickup is resumed.": [
        "Environmental",
        "neutral"
    ],
    "Back to \t\t\t\tWhen will my lawn and leaf debris be picked up if the DPW is off?": [
        "Environmental",
        "neutral"
    ],
    "If it\u2019s holiday Monday -Thursday and the DPW is off, we will pick up your lawn & leaf debris on Friday.": [
        "Environmental",
        "positive"
    ],
    "https://saddlebrooknj.us/dpw/\n\t\tBack to \t\t\t\tWhere can I get Building Permits in Saddle Brook?": [
        "Social",
        "neutral"
    ],
    "Building permits can be downloaded from the Building Department or General Forms pages (See below for the links).": [
        "None",
        "neutral"
    ],
    "Building \t\tBack to \t\t\t\tWhere is the Saddle Brook Police Department located and what is their telephone number?": [
        "Social",
        "positive"
    ],
    "The Saddle Brook Police Department is located at  Market Street, Saddle Brook, NJ.": [
        "Social",
        "neutral"
    ],
    "The telephone number is: () -\nFor emergencies, always dial \n\t\tBack to \t\t\t\tWhere is Town Hall located?": [
        "Social",
        "positive"
    ],
    "Town Hall is located at  Market Street, Saddle Brook, NJ.": [
        "None",
        "neutral"
    ],
    "Back to \t\t\t\tWhy didn\u2019t the trash haulers take my tires?": [
        "Environmental",
        "neutral"
    ],
    "Trash haulers do not take tires.": [
        "Environmental",
        "neutral"
    ],
    "There is some information on the BCUA website\u00a0 (See below).": [
        "None",
        "neutral"
    ],
    "To dispose of tires, inquire at a tire facility.": [
        "None",
        "neutral"
    ],
    "There may be a fee to dispose of them.": [
        "None",
        "neutral"
    ],
    "BCUA Telephone: () -\nBCUA Website: https://www.bcua.org/\n\u00a0\n\u00a0\n\t\tBack to \t\t\t\tWhy is the garbage pick-up late today?": [
        "None",
        "neutral"
    ],
    "They might have changed their normal routine.": [
        "Social",
        "neutral"
    ],
    "They have until 5: pm to pick up your garbage.": [
        "Social",
        "neutral"
    ],
    "https://saddlebrooknj.us/dpw/look-trash-recycling-special-pickups-street/\n\t\tBack to Top\t\nSaddle Brook Emergency Houses First St. Philip the Holy Apostles Eastern Church of the Saddle Brook Saddle Brook Mayor\u2019s Saddle Brook Saddle Brook Woman\u2019Saddle Brook Chapter Saddle TOWN HALL MAILING ADDRESS Township of Saddle Brook\r\n Mayhill Street\r\nSaddle Brook, Departments \nFire Health Department & Registrar\u2019Saddle Brook Office of Saddle Brook Chamber Emergency Saddle Brook Houses Saddle Brook Saddle Brook Access Saddle Brook Saddle Brook Saddle Brook Woman\u2019Mayor\u2019s Saddle Brook Chapter Saddle Meetings Saddle Brook Mayor Township Frequently Asked Questions (FAQs)\nTownship Storm Water and Outfall Drawing Planning Zoning Saddle Brook  \n \nAddress \r\nTownship of Saddle Brook,  Mayhill Street, Saddle Brook, NJ  07663\r\nTown Hall:\n() -\nWater Department:\n() -\nFree Public Library:\n() -\nHealth Department & Registrar\u2019Fire Department & Fire Saddle Brook Emergency Houses Saddle Brook Saddle Brook Mayor\u2019s Saddle Brook Saddle Brook Woman\u2019Saddle Saddle A Brief History of Saddle Brook Mayor Planning Zoning Flood Saddle Saddle Brook Township Frequently Asked Questions (FAQs)\n\u00a9 - | www.saddlebrook.Designed & Developed by : JKO": [
        "Social",
        "negative"
    ]
}