{
    "\nSouth Brunswick, New Jersey - Simple English Wikipedia, the Jump move \t\t\t\nMain pageSimple startSimple talkNew changesShow any pageHelpContact usGive to  Create account \t\tPages for logged out editors move Toggle the table South Brunswick,  CymraegDeutschEnglishEspa\u00f1ol\u0641\u0627\u0631\u0633\u06ccFran\u00e7aisItaliano\u049a\u0430\u0437\u0430\u049b\u0448\u0430KiswahiliKrey\u00f2l ayisyen\u041a\u044b\u0440\u0433\u044b\u0437\u0447\u0430Polski\u0ba4\u0bae\u0bbf\u0bb4\u0bcdReadChangeChange move \t\nReadChangeChange \t\t\t\nWhat links hereRelated changesUpload fileSpecial pagesPermanent linkPage informationCite this pageGet shortened URLDownload QR \t\tPrint/\t\nMake a bookDownload as PDFPage \t\tIn \t\nmove Coordinates: \u00b0\u2032\u2033N \u00b0\u2032\u2033W\ufeff / \ufeff.384695\u00b0N .522762\u00b0W\ufeff / .384695; -.From Simple English Wikipedia, the South Brunswick, New JerseyTownshipDavidson's Mill Pond on the Lawrence Brook, site of the former grist mill[1][2]Location of South Brunswick within Middlesex County, highlighted in pinkCensus Bureau map of South Brunswick, New JerseySouth BrunswickLocation in Middlesex CountyShow map of Middlesex County, New JerseySouth BrunswickLocation in New JerseyShow map of New JerseySouth BrunswickLocation in the United StatesShow map of the United StatesCoordinates: \u00b0\u2032\u2033N \u00b0\u2032\u2033W\ufeff / \ufeff.384695\u00b0N .522762\u00b0W\ufeff / .384695; -.522762[3][4]Country\u00a0United StatesState\u00a0New JerseyCountyMiddlesexEarliest mentionFebruary , 1778IncorporatedFebruary , 1798Government[5]\u00a0\u2022\u00a0TypeMayor\u2013Council (Faulkner Act)\u00a0\u2022\u00a0BodyTownship CouncilArea[3]\u00a0\u2022\u00a0Total41.": [
        "Environmental",
        "positive"
    ],
    "sq\u00a0mi (.\u00a0km2)\u00a0\u2022\u00a0Land40.": [
        "None",
        "neutral"
    ],
    "sq\u00a0mi (.\u00a0km2)\u00a0\u2022\u00a0Water0.": [
        "Environmental",
        "neutral"
    ],
    "sq\u00a0mi (\u00a0km2) \u00a0%\u00a0\u2022\u00a0Rank51st of  in state2nd of  in county[3]Elevation[6]\u00a0ft (\u00a0m)Population\u00a0()[7][8]\u00a0\u2022\u00a0Total47,\u00a0\u2022\u00a0Rank43rd of  in state9th of  in county[9]\u00a0\u2022\u00a0Density1,.3/sq\u00a0mi (.2/km2)\u00a0\u00a0\u2022\u00a0Rank366th of  in state24th of  in county[9]Time zoneUTC\u2212: (Eastern (EST))\u00a0\u2022\u00a0Summer (DST)UTC\u2212: (Eastern (EDT))ZIP Codes08810 \u2013 Dayton[]08824 \u2013 Kendall Park[]08852 \u2013 Monmouth Junction[]08540 \u2013 Kingston[][]Area code(s) and []FIPS code3402368790[3][][]GNIS feature ID0882162[3][]Websitewww.southbrunswicknj.South Brunswick, New Jersey is a township of New Jersey.": [
        "None",
        "neutral"
    ],
    "History[change | change source]\nSouth Brunswick Township was created by an act of the New Jersey Legislature on February , .": [
        "Social",
        "positive"
    ],
    "[] In the 18th and 19th centuries, the community was mostly agricultural.": [
        "Social",
        "neutral"
    ],
    "[] It was named after the city of Braunschweig (called Brunswick in the Low German language), in the state of Lower Saxony, in Germany.": [
        "None",
        "negative"
    ],
    "[][]\nGeography[change | change source]\nAccording to the United States Census Bureau, in , South Brunswick had a total area of  square miles (.": [
        "None",
        "positive"
    ],
    "km2).": [
        "None",
        "neutral"
    ],
    "This included  square miles (.": [
        "Environmental",
        "neutral"
    ],
    "km2) of land and  square miles (\u00a0km2) of water (%).": [
        "Environmental",
        "neutral"
    ],
    "[3]\nUnincorporated areas in South Brunswick Township include:[][]\nDayton ( Census population of 8,)\nHeathcote (7,)\nKendall Park (9,)\nKingston (1,)\nMonmouth Junction (8,)\nDemographics[change | change source]\nAt the\u00a0 United States Census, there were , people living in South Brunswick.": [
        "Social",
        "positive"
    ],
    "[7]\nTransportation[change | change source]\nSouth Brunswick hosts U.S. Route 1, U.S. Route , Route , Route , and Interstate  (the New Jersey Turnpike).": [
        "None",
        "neutral"
    ],
    "References[change | change source]\n\u2191 Davidson's Mill Pond Pond Park, Middlesex County, New Jersey.": [
        "Social",
        "neutral"
    ],
    "Accessed May , .": [
        "None",
        "neutral"
    ],
    "\u2191 Local History Archived - at the Wayback Machine, South Brunswick Public Library.": [
        "Social",
        "neutral"
    ],
    "\u2191 3.0 3.1 3.2 3.3 3.4 3.5  Census Gazetteer Files: New Jersey Places, United States Census Bureau.": [
        "Social",
        "positive"
    ],
    "Accessed February , .": [
        "None",
        "neutral"
    ],
    "\u2191 \"US Gazetteer files: , , and \".": [
        "None",
        "neutral"
    ],
    "United States Census Bureau.": [
        "None",
        "positive"
    ],
    "February , .": [
        "None",
        "neutral"
    ],
    "Retrieved April , .": [
        "None",
        "neutral"
    ],
    "\u2191  New Jersey Legislative District Data Book, Rutgers University Edward J. Bloustein School of Planning and Public Policy, March , p. .": [
        "Social",
        "neutral"
    ],
    "\u2191 U.S. Geological Survey Geographic Names Information System: Township of South Brunswick, Geographic Names Information System.": [
        "Social",
        "neutral"
    ],
    "Accessed September , .": [
        "None",
        "neutral"
    ],
    "\u2191 7.0 7.1 QuickFacts South Brunswick township, Middlesex County, New Jersey, United States Census Bureau.": [
        "Social",
        "positive"
    ],
    "\u2191 Total Population: Census  - Census  New Jersey Municipalities, New Jersey Department of Labor and Workforce Development.": [
        "Social",
        "neutral"
    ],
    "Accessed December 1, .": [
        "None",
        "neutral"
    ],
    "\u2191 9.0 9.1 Population Density by County and Municipality: New Jersey,  and , New Jersey Department of Labor and Workforce Development.": [
        "Social",
        "neutral"
    ],
    "Accessed March 1, .": [
        "None",
        "neutral"
    ],
    "\u2191 Look Up a ZIP Code for Dayton, NJ, United States Postal Service.": [
        "None",
        "positive"
    ],
    "Accessed November , .": [
        "None",
        "neutral"
    ],
    "\u2191 Look Up a ZIP Code for Kendall Park, NJ, United States Postal Service.": [
        "None",
        "positive"
    ],
    "\u2191 Look Up a ZIP Code for Monmouth Junction, NJ, United States Postal Service.": [
        "None",
        "positive"
    ],
    "\u2191 Look Up a ZIP Code for Kingston, NJ, United States Postal Service.": [
        "None",
        "positive"
    ],
    "\u2191 Cheslow, Jerry.": [
        "None",
        "neutral"
    ],
    "\"If You're Thinking of Living In/South Brunswick; A Sprawling Town Reining In Growth\", The New York Times, November , .": [
        "Social",
        "neutral"
    ],
    "\"Nowhere in South Brunswick is the rapid growth felt more profoundly than in the 8,-student school system, which grew by  students last year.": [
        "Social",
        "positive"
    ],
    "It consists of nine elementary schools, Crossroads Middle School, for Grades 7 and 8, and the 1,-student South Brunswick High School, where enrollment has doubled in the past decade.\"": [
        "Social",
        "neutral"
    ],
    "\u2191 Area Code Lookup \u2013 NPA NXX for South Brunswick, NJ, Area-Codes.com.": [
        "Social",
        "neutral"
    ],
    "\u2191 U.S. Census website, United States Census Bureau.": [
        "Social",
        "positive"
    ],
    "Accessed September 4, .": [
        "None",
        "neutral"
    ],
    "\u2191 Geographic Codes Lookup for New Jersey, Missouri Census Data Center.": [
        "Social",
        "neutral"
    ],
    "Accessed April 1, .": [
        "None",
        "neutral"
    ],
    "\u2191 \"US Board on Geographic Names\".": [
        "None",
        "neutral"
    ],
    "United States Geological Survey.": [
        "Social",
        "positive"
    ],
    "October , .": [
        "None",
        "neutral"
    ],
    "Retrieved -.": [
        "None",
        "neutral"
    ],
    "\u2191 Snyder, John P. The Story of New Jersey's Civil Boundaries: \u2013, Bureau of Geology and Topography; Trenton, New Jersey; .": [
        "Social",
        "neutral"
    ],
    "p. .": [
        "None",
        "neutral"
    ],
    "\u2191 History Archived - at the Wayback Machine, Township of South Brunswick.": [
        "Social",
        "neutral"
    ],
    "\u2191 Hutchinson, Viola L. The Origin of New Jersey Place Names, New Jersey Public Library Commission, May .": [
        "Social",
        "neutral"
    ],
    "Accessed October 7, .": [
        "None",
        "neutral"
    ],
    "\u2191 Gannett, Henry.": [
        "None",
        "neutral"
    ],
    "The Origin of Certain Place Names in the United States, p. .": [
        "None",
        "positive"
    ],
    "United States Government Printing Office, .": [
        "None",
        "positive"
    ],
    "\u2191 Clerk Archived - at the Wayback Machine, Township of South Brunswick.": [
        "Social",
        "neutral"
    ],
    "vteMunicipalities and communities of Middlesex County, New Jersey, United StatesCounty seat: Map of New Jersey highlighting Farrington John J Lawrence Lincoln Park (Edison)\nLincoln Park (New Brunswick)\nLittle Menlo Phoenix (Edison)\nPhoenix (Sayreville)\nSand Hills (Edison/Woodbridge)\nSand Hills (South Brunswick)\nShore South South Thomas J William  This short article about a\u00a0place or feature in the United States can be made longer.": [
        "Social",
        "positive"
    ],
    "You can help Wikipedia by adding to it.": [
        "Social",
        "positive"
    ],
    "Retrieved from \"https://simple.wikipedia.org/w/index.php?title=South_Brunswick,_New_Jersey&oldid=9390340\"\nCategories: Townships in New JerseyMiddlesex County, New Jersey1798 establishments in the United States1790s establishments in New JerseyHidden categories: Webarchive template wayback linksCoordinates on WikidataPages using infobox settlement with possible area code listUnited States  This page was last changed on 2 March , at :.": [
        "Social",
        "positive"
    ],
    "Text is available under the Creative Commons Attribution-ShareAlike License and the GFDL; additional terms may apply.": [
        "None",
        "positive"
    ],
    "See Terms of Use for details.": [
        "None",
        "neutral"
    ],
    "Code": [
        "None",
        "neutral"
    ]
}