{
    "\nTHE BEST  Restaurants in SAN FRANCISCO, CA - Last Updated July  - YelpYelp for BusinessWrite a ReviewLog InSign UpRestaurantsDeliveryBurgersChineseItalianReservationsJapaneseMexicanThaiHome ServicesContractorsElectriciansHome CleanersHVACLandscapingLocksmithsMoversPlumbersAuto ServicesAuto RepairAuto DetailingBody ShopsCar WashCar DealersOil ChangeParkingTowingMoreDry CleaningPhone RepairBarsNightlifeHair SalonsGymsMassageShoppingMore1 filterRestaurantsClear allPrice$$$$$$$$$$SuggestedOpen Now\u00a0--:--ReservationsOffers Online WaitlistOffers DeliveryOffers TakeoutGood for DinnerCategoryRestaurantsNew AmericanItalianFrenchAmericanSteakhousesSee allFeaturesHot and NewOutdoor SeatingGood for LunchGood for KidsGood for GroupsDogs AllowedSee allDistanceBird's-eye ViewDriving (5 mi.": [
        "None",
        "positive"
    ],
    ")Biking (2 mi.": [
        "None",
        "neutral"
    ],
    ")Walking (1 mi.": [
        "None",
        "neutral"
    ],
    ")Within 4 blocksRestaurantsTop  Best Restaurants Near San Francisco, CaliforniaSort:Recommended 1AllPriceOpen NowReservationsOffers Online WaitlistOffers DeliveryOffers Takeout1.": [
        "Social",
        "positive"
    ],
    "Bottega4.3 (1.1k reviews)ItalianPasta ShopsPizza$$MissionThis is a placeholderOutdoor seatingLocally owned & operatedLive wait time: 0 mins\u201cNice service very friendly staff and food was awesome I love it and plan on coming back\u201d\u00a0moreDeliveryTakeoutStart Order2.": [
        "Social",
        "positive"
    ],
    "Bettola4.5 ( reviews)ItalianInner RichmondThis is a placeholderOpened 6 weeks ago\u201cOh my gosh.": [
        "Social",
        "neutral"
    ],
    "What a fun experience!!": [
        "Social",
        "positive"
    ],
    "First, the wait staff are so kind and wanted to talk about SF life and sports.": [
        "Social",
        "positive"
    ],
    "Don't be afraid to flag them down\u2026\u201d\u00a0moreDeliveryTakeout3.": [
        "Social",
        "neutral"
    ],
    "Fog Harbor Fish House4.4 (.6k reviews)SeafoodWine BarsCocktail Bars$$Fisherman's WharfThis is a placeholderFamily-owned & operatedFull barLive wait time: 1 -  mins\u201cI recently came here last weekend for my mom's Birthday and it was magnificent!": [
        "Social",
        "positive"
    ],
    "Great staff and and our server Shakura was the best server I've\u2026\u201d\u00a0moreOutdoor seatingDeliveryTakeoutFind a Table4.": [
        "Social",
        "positive"
    ],
    "The Hungry Spot4.9 ( reviews)Comfort FoodSaladSandwichesNoPaThis is a placeholderWomen-owned & operatedOutdoor seatingOpened 7 weeks ago\u201cI wasn't on planning a review but the lazy pizza was soooo delicious.": [
        "Social",
        "positive"
    ],
    "The bread was perfectly crunchy on the outside and soft on the inside.": [
        "Environmental",
        "positive"
    ],
    "The\u2026\u201d\u00a0moreDeliveryTakeoutFind a Table5.": [
        "Social",
        "neutral"
    ],
    "Little Original Joe\u2019s4.3 ( reviews)ItalianPizzaSandwichesMarina/Cow HollowThis is a placeholder\u201cSuch a welcoming and enjoyable atmosphere.": [
        "Environmental",
        "positive"
    ],
    "The staff is very knowledgeable, the food is delicious and it's going to be our new staple in the Marina!\u201d\u00a0more6.": [
        "Social",
        "positive"
    ],
    "Santeria4.4 ( reviews)MexicanCocktail Bars$$CastroThis is a placeholder\u201cThis place was hip hopping on a Monday!": [
        "Social",
        "neutral"
    ],
    "Great outdoor space, quick and friendly service, yummy food.": [
        "Social",
        "positive"
    ],
    "Can't beat that.": [
        "None",
        "neutral"
    ],
    "We were looking for a place to\u2026\u201d\u00a0moreOutdoor seatingDeliveryTakeoutFind a Table7.": [
        "Social",
        "neutral"
    ],
    "The Snug4.0 ( reviews)Cocktail BarsNew American$$Pacific HeightsThis is a placeholderLocally owned & operatedTakes reservations\u201cSome of the best cocktails in the city!": [
        "Social",
        "positive"
    ],
    "Friday night, the boyf and I are browsing yelp.... where can we have good food and good drinks without\u2026\u201d\u00a0moreOutdoor seatingDeliveryTakeout8.": [
        "Social",
        "positive"
    ],
    "Horsefeather4.0 ( reviews)Cocktail BarsNew American$$Alamo SquareThis is a placeholder\u201c3 stars purely for the food -- it's absolutely phenomenal; the service however Went here to celebrate a coworker's birthday while visiting\u2026\u201d\u00a0moreOutdoor seatingDeliveryTakeout9.": [
        "Social",
        "positive"
    ],
    "Memento SF4.8 ( reviews)New AmericanCocktail BarsBreakfast & BrunchNoe ValleyThis is a placeholderWaitlist opens at 5: pm\u201cAmazing place!": [
        "Social",
        "neutral"
    ],
    "Staff is super friendly especially Alfred and Raf.": [
        "Social",
        "positive"
    ],
    "Food is very clean and delicious and cocktails are out of this world.": [
        "Environmental",
        "positive"
    ],
    "Totally\u2026\u201d\u00a0moreOutdoor seatingDeliveryTakeout10.": [
        "Social",
        "neutral"
    ],
    "Marufuku Ramen4.5 (5.2k reviews)Ramen$$JapantownThis is a placeholderHappy hour specialsKid friendlyWaitlist is closed\u201cDelicious!": [
        "Social",
        "neutral"
    ],
    "This was my first time tasting ramen and I'm hooked!": [
        "Social",
        "neutral"
    ],
    "Very fast service as well.": [
        "None",
        "positive"
    ],
    "Highly recommend!\u201d\u00a0moreOutdoor seatingDeliveryTakeoutStart Order123456789Next PageCan't find the business?Adding a business to Yelp is always free.Add businessGot search feedback?": [
        "Social",
        "neutral"
    ],
    "Help us improve.Related Searches in San Francisco, CAAll You Can Eat Sushi in San Francisco, CAAsian Food in San Francisco, CAAyce Sushi in San Francisco, CABanh Mi in San Francisco, CABirria in San Francisco, CABirria Tacos in San Francisco, CABottomless Mimosas in San Francisco, CABreakfast in San Francisco, CABurrito in San Francisco, CAChicken Sandwich in San Francisco, CAChicken Wings in San Francisco, CAChilaquiles in San Francisco, CAChinese Bbq in San Francisco, CAChinese Food in San Francisco, CAClam Chowder in San Francisco, CACrab in San Francisco, CAFood in San Francisco, CAGluten Free Pizza in San Francisco, CAJapanese Food in San Francisco, CAKbbq in San Francisco, CAKimbap in San Francisco, CAKorean in San Francisco, CAKorean Bbq in San Francisco, CAKorean Bbq All You Can Eat in San Francisco, CAKorean Fried Chicken in San Francisco, CALobster Roll in San Francisco, CALunch in San Francisco, CAMexican Food in San Francisco, CAOmakase in San Francisco, CAOyster Bars in San Francisco, CAPancakes in San Francisco, CAPizza in San Francisco, CAPizza Delivery in San Francisco, CAPizza by the Slice in San Francisco, CASalad in San Francisco, CASandwiches in San Francisco, CASeafood Boil in San Francisco, CASoup in San Francisco, CASushi in San Francisco, CATacos in San Francisco, CATaqueria in San Francisco, CAThai Food in San Francisco, CAVietnamese Food in San Francisco, CAVietnamese Sandwich in San Francisco, CATrending Searches in San Francisco, CAAhi TunaAirport LoungesBars to Watch SoccerBeach Front RestaurantBison BurgerBistroCasual RestaurantsCelebrity RestaurantsClassy RestaurantsCold NoodlesComfort FoodDiners Drive Ins and DivesDinner CruiseDinner TakeoutFarm to Table RestaurantsFoodie RestaurantsHawaiian FoodHistoric RestaurantsIce Cream & Frozen YogurtIntimate RestaurantsJames Beard AwardKids RestaurantsNew AmericanNice RestaurantOystersPier RestaurantsRestaurantsRoof Top RestaurantSandwichesSoccer BarsSoft Serve Ice CreamSteak SaladWatch SoccerWaterfront RestaurantsMore NearbyAmericanBarsBreakfast & BrunchBurgersGastropubsItalianMexicanNew AmericanSeafoodSouthernBrowse \"Restaurants\" near LandmarksRestaurants Near  San Francisco ZooRestaurants Near  Twin PeaksRestaurants Near  Alcatraz IslandRestaurants Near  Ocean BeachRestaurants Near  Mission DistrictRestaurants Near  Mission Dolores ParkRestaurants Near  San Francisco Botanical GardenRestaurants Near  California Academy of SciencesRestaurants Near  De Young MuseumRestaurants Near  Golden Gate ParkSearch restaurants in popular locationsNearby citiesAlameda, CABerkeley, CABurlingame, CAConcord, CADaly City, CAFremont, CANapa, CAOakland, CAPalo Alto, CARedwood City, CASacramento, CASan Bruno, CASan Jose, CASan Leandro, CASan Mateo, CASan Ramon, CASanta Clara, CASouth San Francisco, CAWalnut Creek, CANeighborhoodsChinatown, San Francisco, CAFinancial District, San Francisco, CAInner Richmond, San Francisco, CALower Pacific Heights, San Francisco, CAMarina/Cow Hollow, San Francisco, CAMission, San Francisco, CANorth Beach/Telegraph Hill, San Francisco, CAOuter Sunset, San Francisco, CASoMa, San Francisco, CAUnion Square, San Francisco, CAFrequently Asked Questions and AnswersWhat are the best restaurants with outdoor seating?These are the best restaurants with outdoor seating in San Francisco, CA:Fog Harbor Fish HouseSotto MareHog Island OysterSurisanTony's Pizza NapoletanaPeople also liked: Restaurants For Lunch, Vegan Friendly Restaurants What did people search for similar to restaurants in San Francisco, CA?People also searched for these in San Francisco:FoodTakeoutBreakfast & BrunchPizzaLunchSee more restaurants in San Francisco.": [
        "Social",
        "positive"
    ],
    "What are people saying about restaurants in San Francisco, CA?This is a review for restaurants in San Francisco, CA:\"I recently came here last weekend for my mom's Birthday and it was magnificent!": [
        "Social",
        "positive"
    ],
    "Great staff and and our server Shakura was the best server I've actually had in a long time !": [
        "Social",
        "positive"
    ],
    "The pasta was possibly the best I've ever had!": [
        "Social",
        "positive"
    ],
    "And that scenery was gorgeous, I'll definitely be back:) !": [
        "Social",
        "positive"
    ],
    "\"See more reviews for this business.What are the best restaurants for lunch?These are the best restaurants for lunch in San Francisco, CA:Fog Harbor Fish HouseMarufuku RamenHog Island OysterSurisanSan TungPeople also liked: Restaurants With Outdoor Seating, Vegan Friendly Restaurants What are the best vegan friendly restaurants?These are the best vegan friendly restaurants in San Francisco, CA:Shizen Vegan Sushi Bar & IzakayaCrepevine RestaurantsChisme CantinaCha-Ya San FranciscoSunflower Authentic Vietnamese RestaurantPeople also liked: Restaurants With Outdoor Seating, Restaurants For Lunch AboutAbout YelpCareersPressInvestor RelationsTrust & SafetyContent GuidelinesAccessibility StatementTerms of ServicePrivacy PolicyAd ChoicesYour Privacy ChoicesDiscoverYelp Project Cost GuidesCollectionsTalkEventsYelp BlogSupportYelp MobileDevelopersRSSYelp for BusinessYelp for BusinessBusiness Owner LoginClaim your Business PageAdvertise on YelpYelp for Restaurant OwnersTable ManagementBusiness Success StoriesBusiness SupportYelp Blog for BusinessYelp Data for B2BYelp Data for B2CLanguagesEnglishCitiesExplore a CityAustinBaltimoreCharlotteChicagoColorado SpringsColumbusDallasDenverDetroitEl PasoFort WorthHoustonIndianapolisJacksonvilleLas VegasLos AngelesMiamiNashvilleNew YorkOklahoma CityPhiladelphiaPhoenixPortlandSacramentoSan AntonioSan DiegoSan FranciscoSan JoseSeattleWashingtonAboutBlogSupportTermsPrivacy PolicyYour Privacy ChoicesCopyright \u00a9 \u2013 Yelp Inc. Yelp, ,   and related marks are registered trademarks of Yelp.Some Data": [
        "Social",
        "positive"
    ]
}