{
    "\nSouth Bound Brook, New Jersey (NJ 08880) profile: population, maps, real estate, averages, homes, statistics, relocation, travel, jobs, hospitals, schools, crime, moving, houses, news,  More \nSex Offenders Building Permits FiledCity GuidesTourist Covid-\nCrimeWork and JobsHouses, ApartmentsU.S.": [
        "Social",
        "negative"
    ],
    "Jump to a detailed profile, search site with google or try   New Jersey, NJ smaller cities, NJ South Bound Brook, NJ South Bound Brook,  \n \n \nSouth Bound Brook, South Bound Brook: South Bound Brook house and tree in the fall.": [
        "Social",
        "neutral"
    ],
    "The fall colors give a special appeal to the city and its architecture.": [
        "Environmental",
        "positive"
    ],
    "Submit your own pictures of this borough and show them to Please wait while loading the map...\nCurrent weather forecast for South Bound Brook, Population in : 4, (% urban, 0% rural).": [
        "Environmental",
        "positive"
    ],
    "Population change since : +7.6%\r\n\u00a0\nMales: 2,\u00a0\u00a0(.6%)Females: 2,\u00a0\u00a0(.4%)\nMedian resident age:.1 yearsNew Jersey median age:.Zip codes: 08880.": [
        "Social",
        "neutral"
    ],
    "Estimated median household income in : $, (it was $, in )\nSouth Bound Brook:$,172NJ:$,\nEstimated per capita income in : $, (it was $, in )\nSouth Bound Brook borough income, earnings, and Estimated median house or condo value in : $, (it was $, in )\r\nSouth Bound Brook:$,580NJ:$,\nMean prices in : all housing units: $,; detached houses: $,; townhouses or other attached units: $,; in 2-unit structures: $,; in 3-to-4-unit structures: $,; in 5-or-more-unit structures: $,; mobile homes: $,\nMedian gross rent in : $1,.": [
        "None",
        "negative"
    ],
    "March  cost of living index in South Bound Brook: .3 (more than average, U.S. average is )\nSouth Bound Brook, NJ residents, houses, and Percentage of residents living in poverty in : 7.9%\r\n(.6% for White Non-Hispanic residents, 0.1% for Black residents, 5.9% for Hispanic or Latino residents, 9.4% for other race residents, 1.3% for two or more races residents)\nDetailed information about poverty and poor residents in South Bound Brook, Compare current foreclosures near South Bound Brook, NJ:\nBeds / #South Bound Brook, 1,640sq.": [
        "Social",
        "negative"
    ],
    "-- #South Bound Brook, 1,348sq.": [
        "Social",
        "neutral"
    ],
    "-- #W South Bound Brook, 1,515sq.": [
        "None",
        "neutral"
    ],
    "-- #South Bound Brook, -sq.": [
        "None",
        "neutral"
    ],
    "-- #South Bound Brook, 1,386sq.": [
        "Social",
        "neutral"
    ],
    "-- #South Bound Brook, 1,222sq.": [
        "None",
        "neutral"
    ],
    "-- #Sharon Woodbridge, 1,000sq.": [
        "None",
        "neutral"
    ],
    "$,\n #New Brunswick, 465sq.": [
        "None",
        "neutral"
    ],
    "$,\n #South Amboy, 2,266sq.": [
        "None",
        "neutral"
    ],
    "$,\n #\nColonia, 1,930sq.": [
        "None",
        "neutral"
    ],
    "$,\n Beds / #\nSouth Amboy, 2,708sq.": [
        "None",
        "neutral"
    ],
    "$,\n #\nSouth Bound Brook, -sq.": [
        "None",
        "neutral"
    ],
    "-- #\nSouth Bound Brook, -sq.": [
        "None",
        "neutral"
    ],
    "-- #\nPatriots Path # \nSouth Bound Brook, -sq.": [
        "Environmental",
        "neutral"
    ],
    "-- #\nMiddlesex, -sq.": [
        "None",
        "neutral"
    ],
    "$,\n #\nN Princeton, 2,572sq.": [
        "None",
        "neutral"
    ],
    "#\nEast Brunswick, 1,200sq.": [
        "None",
        "neutral"
    ],
    "#\nIselin, 1,354sq.": [
        "None",
        "neutral"
    ],
    "#\nMiddlesex, 1,444sq.": [
        "None",
        "neutral"
    ],
    "#\nEdison, 832sq.": [
        "None",
        "neutral"
    ],
    "Beds / #\nMorristown, 444sq.": [
        "None",
        "neutral"
    ],
    "#\nFords, 1,075sq.": [
        "None",
        "neutral"
    ],
    "#\nArthur Staten Island, 1,800sq.": [
        "Social",
        "neutral"
    ],
    "#\nRahway, 1,986sq.": [
        "None",
        "neutral"
    ],
    "#\nRoselle Park, 1,885sq.": [
        "None",
        "neutral"
    ],
    "#\nW Roselle Park, 1,974sq.": [
        "None",
        "neutral"
    ],
    "#\nMorristown, 1,632sq.": [
        "None",
        "neutral"
    ],
    "#\nCarteret, 1,110sq.": [
        "None",
        "neutral"
    ],
    "#\nEdison, 1,392sq.": [
        "None",
        "neutral"
    ],
    "#\nSayreville, 1,976sq.": [
        "Social",
        "neutral"
    ],
    "Beds / #\nBlue Plainfield, 3,100sq.": [
        "None",
        "neutral"
    ],
    "#\nRoselle, 1,334sq.": [
        "None",
        "neutral"
    ],
    "#\nSomerset, 974sq.": [
        "None",
        "neutral"
    ],
    "#\nAvenel, 876sq.": [
        "None",
        "neutral"
    ],
    "#\nMorning Old Bridge, 1,793sq.": [
        "None",
        "neutral"
    ],
    "#\nNorth Brunswick, 2,276sq.": [
        "None",
        "neutral"
    ],
    "#\nSouth Amboy, 1,786sq.": [
        "None",
        "neutral"
    ],
    "#\nSpotswood, 1,176sq.": [
        "None",
        "neutral"
    ],
    "#\nSayreville, 2,250sq.": [
        "Social",
        "neutral"
    ],
    "#\nRingoes, 3,006sq.": [
        "None",
        "neutral"
    ],
    "Beds / #\nEdison, 2,470sq.": [
        "None",
        "neutral"
    ],
    "#\nRoselle, 1,174sq.": [
        "None",
        "neutral"
    ],
    "#\nWaverly Edison, 1,947sq.": [
        "None",
        "neutral"
    ],
    "#\nPerth Amboy, 2,115sq.": [
        "None",
        "neutral"
    ],
    "#\nEdison, 1,493sq.": [
        "None",
        "neutral"
    ],
    "#\nPiscataway, 1,096sq.": [
        "None",
        "neutral"
    ],
    "#\nSouth Amboy, 1,790sq.": [
        "None",
        "neutral"
    ],
    "#\nPlainfield, 1,210sq.": [
        "None",
        "neutral"
    ],
    "#\nChester, 3,486sq.": [
        "None",
        "neutral"
    ],
    "Check over 1 million property listings on Foreclosure.com!": [
        "None",
        "neutral"
    ],
    "browse     \tCheck out more offers near South Bound Brook, NJ.": [
        "Social",
        "neutral"
    ],
    "Find opportunities in any area:\nPowered by Foreclosure.Business Search -  Million verified businessesSearch\u00a0for:\u00a0near:\u00a0\u00a0\nUser-Preset Opacity:\n %\nHide Reset Most recent value \n% change since 2k \nData:\nMedian household income ($)\nMedian household income (% change since )\nHousehold Ratio of average income to average house value (%)\nRatio of average income to Median household income ($) - Median household income ($) - Black or Median household income ($) - Median household income ($) - Hispanic Median household income ($) - American Indian and Median household income ($) - Median household income ($) - Median household income for houses/condos with a mortgage ($)\nMedian household income for apartments without a mortgage ($)\nRaces - White alone (%)\nRaces - White alone (% change since )\nRaces - Black alone (%)\nRaces - Black alone (% change since )\nRaces - American Indian alone (%)\nRaces - American Indian alone (% change since )\nRaces - Asian alone (%)\nRaces - Asian alone (% change since )\nRaces - Hispanic (%)\nRaces - Hispanic (% change since )\nRaces - Native Hawaiian and Other Pacific Islander alone (%)\nRaces - Native Hawaiian and Other Pacific Islander alone (% change since )\nRaces - Two or more races (%)\nRaces - Two or more races (% change since )\nRaces - Other race alone (%)\nRaces - Other race alone (% change since )\nUnemployment (%)\nUnemployment (% change since )\nUnemployment (%) - Unemployment (%) - Black or Unemployment (%) - Unemployment (%) - Hispanic Unemployment (%) - American Indian and Unemployment (%) - Unemployment (%) - Population density (people per square mile)\nPopulation - Males (%)\nPopulation - Females (%)\nPopulation - Males (%) - Population - Males (%) - Black or Population - Males (%) - Population - Males (%) - Hispanic Population - Males (%) - American Indian and Population - Males (%) - Population - Males (%) - Population - Females (%) - Population - Females (%) - Black or Population - Females (%) - Population - Females (%) - Hispanic Population - Females (%) - American Indian and Population - Females (%) - Population - Females (%) - Coronavirus confirmed cases (Jul , )\nDeaths caused by coronavirus (Jul , )\nCoronavirus confirmed cases (per 100k population) (Jul , )\nDeaths caused by coronavirus (per 100k population) (Jul , )\nDaily increase in number of cases (Jul , )\nWeekly increase in number of cases (Jul , )\nCases doubled (in days) (Jul , )\nHospitalized patients (Apr , )\nNegative test results (Apr , )\nTotal test results (Apr , )\nCOVID Vaccine doses distributed (per 100k population) (Sep , )\nCOVID Vaccine doses administered (per 100k population)  (Sep , )\nCOVID Vaccine doses distributed (Sep , )\nCOVID Vaccine doses administered (Sep , )\nLikely homosexual households (%)\nLikely homosexual households (% change since )\nLikely homosexual households - Lesbian couples (%)\nLikely homosexual households - Lesbian couples (% change since )\nLikely homosexual households - Gay men (%)\nLikely homosexual households - Gay men (% change since )\nCost of Median gross rent ($)\nMedian contract rent ($)\nMedian monthly housing costs ($)\nMedian house or condo value ($)\nMedian house or condo value ($ change since )\nMean house or condo value by units in structure - 1, detached ($)\nMean house or condo value by units in structure - 1, attached ($)\nMean house or condo value by units in structure - 2 ($)\nMean house or condo value by units in structure by units in structure - 3 or 4 ($)\nMean house or condo value by units in structure - 5 or more ($)\nMean house or condo value by units in structure - Boat, RV, van, etc.": [
        "None",
        "negative"
    ],
    "($)\nMean house or condo value by units in structure - Mobile home ($)\nMedian house or condo value ($) - Median house or condo value ($) - Black or Median house or condo value ($) - Median house or condo value ($) - Hispanic Median house or condo value ($) - American Indian and Median house or condo value ($) - Median house or condo value ($) - Median Resident Median resident age - Median resident age - Median resident age - Median resident age - Black or Median resident age - Median resident age - Hispanic Median resident age - American Indian and Median resident age - Median resident age - Median resident age - Males - Median resident age - Males - Black or Median resident age - Males - Median resident age - Males - Hispanic Median resident age - Males - American Indian and Median resident age - Males - Median resident age - Males - Median resident age - Females - Median resident age - Females - Black or Median resident age - Females - Median resident age - Females - Hispanic Median resident age - Females - American Indian and Median resident age - Females - Median resident age - Females - Commute - mean travel time to work (minutes)\nTravel time to work - Less than 5 minutes (%)\nTravel time to work - Less than 5 minutes (% change since )\nTravel time to work - 5 to 9 minutes (%)\nTravel time to work - 5 to 9 minutes (% change since )\nTravel time to work -  to  minutes (%)\nTravel time to work -  to  minutes (% change since )\nTravel time to work -  to  minutes (%)\nTravel time to work -  to  minutes (% change since )\nTravel time to work -  to  minutes (%)\nTravel time to work -  to  minutes (% change since )\nTravel time to work -  to  minutes (%)\nTravel time to work -  to  minutes (% change since )\nTravel time to work -  to  minutes (%)\nTravel time to work -  to  minutes (% change since )\nTravel time to work -  or more minutes (%)\nTravel time to work -  or more minutes (% change since )\nMarital status - Never married (%)\nMarital status - Now married (%)\nMarital status - Separated (%)\nMarital status - Widowed (%)\nMarital status - Divorced (%)\nMedian family income ($)\nMedian family income (% change since )\nMedian non-family income ($)\nMedian non-family income (% change since )\nMedian per capita income ($)\nMedian per capita income (% change since )\nMedian family income ($) - Median family income ($) - Black or Median family income ($) - Median family income ($) - Hispanic Median family income ($) - American Indian and Median family income ($) - Median family income ($) - Median year house/Median year Year house built - Built  or later (%)\nYear house built - Built  to  (%)\nYear house built - Built  to  (%)\nYear house built - Built  to  (%)\nYear house built - Built  to  (%)\nYear house built - Built  to  (%)\nYear house built - Built  to  (%)\nYear house built - Built  to  (%) \nYear house built - Built  or earlier (%)\nAverage Household density (households per square mile)\nAverage household size - Average household size - Black or Average household size - Average household size - Hispanic Average household size - American Indian and Average household size - Average household size - Occupied housing units (%)\nVacant housing units (%)\nOwner occupied housing units (%)\nRenter occupied housing units (%)\nVacancy status - For rent (%)\nVacancy status - For sale only (%)\nVacancy status - Rented or sold, not occupied (%)\nVacancy status - For seasonal, recreational, or occasional use (%)\nVacancy status - For migrant workers (%)\nVacancy status - Other vacant (%)\nResidents with income below the poverty level (%)\nResidents with income below % of the poverty level (%)\nChildren below poverty level (%)\nPoor families by family type - Married-couple family (%)\nPoor families by family type - Male, no wife present (%)\nPoor families by family type - Female, no husband present (%)\nPoverty status for native-born residents (%)\nPoverty status for foreign-born residents (%)\nPoverty among high school graduates not in families (%)\nPoverty among people who did not graduate high school not in families (%)\nResidents with income below the poverty level (%) - Residents with income below the poverty level (%) - Black or Residents with income below the poverty level (%) - Residents with income below the poverty level (%) - Hispanic Residents with income below the poverty level (%) - American Indian and Residents with income below the poverty level (%) - Residents with income below the poverty level (%) - Air pollution - Air Quality Index (AQI)\nAir pollution - Air pollution - Air pollution - Air pollution - Air pollution - Air pollution - Air pollution - Crime - Murders per , Crime - Rapes per , Crime - Robberies per , Crime - Assaults per , Crime - Burglaries per , Crime - Thefts per , Crime - Auto thefts per , Crime - Arson per , Crime - City-data.com Crime - Violent Crime - Property Crime - Murders per , population (5 year average)\nCrime - Rapes per , population (5 year average)\nCrime - Robberies per , population (5 year average)\nCrime - Assaults per , population (5 year average)\nCrime - Burglaries per , population (5 year average)\nCrime - Thefts per , population (5 year average)\nCrime - Auto thefts per , population (5 year average)\nCrime - Arson per , population (5 year average)\nCrime - City-data.com crime index (5 year average)\nCrime - Violent crime index (5 year average)\nCrime - Property crime index (5 year average)\n  Presidential Elections Results (%) - Democratic Party (Clinton)\n  Presidential Elections Results (%) - Republican Party (Dole)\n  Presidential Elections Results (%) -   Presidential Elections Results (%) - Democratic Party (Gore)\n  Presidential Elections Results (%) - Republican Party (Bush)\n  Presidential Elections Results (%) -   Presidential Elections Results (%) - Democratic Party (Kerry)\n  Presidential Elections Results (%) - Republican Party (Bush)\n  Presidential Elections Results (%) -   Presidential Elections Results (%) - Democratic Party (Obama)\n  Presidential Elections Results (%) - Republican Party (McCain)\n  Presidential Elections Results (%) -   Presidential Elections Results (%) - Democratic Party (Obama)\n  Presidential Elections Results (%) - Republican Party (Romney)\n  Presidential Elections Results (%) -   Presidential Elections Results (%) - Democratic Party (Clinton)\n  Presidential Elections Results (%) - Republican Party (Trump)\n  Presidential Elections Results (%) -   Presidential Elections Results (%) - Democratic Party (Biden)\n  Presidential Elections Results (%) - Republican Party (Trump)\n  Presidential Elections Results (%) - Ancestries Reported - Arab (%)\nAncestries Reported - Czech (%)\nAncestries Reported - Danish (%)\nAncestries Reported - Dutch (%)\nAncestries Reported - English (%)\nAncestries Reported - French (%)\nAncestries Reported - French Canadian (%)\nAncestries Reported - German (%)\nAncestries Reported - Greek (%)\nAncestries Reported - Hungarian (%)\nAncestries Reported - Irish (%)\nAncestries Reported - Italian (%)\nAncestries Reported - Lithuanian (%)\nAncestries Reported - Norwegian (%)\nAncestries Reported - Polish (%)\nAncestries Reported - Portuguese (%)\nAncestries Reported - Russian (%)\nAncestries Reported - Scotch-Irish (%)\nAncestries Reported - Scottish (%)\nAncestries Reported - Slovak (%)\nAncestries Reported - Subsaharan African (%)\nAncestries Reported - Swedish (%)\nAncestries Reported - Swiss (%)\nAncestries Reported - Ukrainian (%)\nAncestries Reported - United States (%)\nAncestries Reported - Welsh (%)\nAncestries Reported - West Indian (%)\nAncestries Reported - Other (%)\nEducational Attainment - No schooling completed (%)\nEducational Attainment - Less than high school (%)\nEducational Attainment - High school or equivalent (%)\nEducational Attainment - Less than 1 year of college (%)\nEducational Attainment - 1 or more years of college (%)\nEducational Attainment - Associate degree (%)\nEducational Attainment - Bachelor's degree (%)\nEducational Attainment - Master's degree (%)\nEducational Attainment - Professional school degree (%)\nEducational Attainment - Doctorate degree (%)\nSchool Enrollment - Nursery, preschool (%)\nSchool Enrollment - Kindergarten (%)\nSchool Enrollment - Grade 1 to 4 (%)\nSchool Enrollment - Grade 5 to 8 (%)\nSchool Enrollment - Grade 9 to  (%)\nSchool Enrollment - College undergrad (%)\nSchool Enrollment - Graduate or professional (%)\nSchool Enrollment - Not enrolled in school (%)\n School enrollment - Public schools (%)\n School enrollment - Private schools (%)\n School enrollment - Not enrolled (%)\nMedian number of rooms in houses Median number of rooms Housing units lacking complete plumbing facilities (%)\nHousing units lacking complete kitchen facilities (%)\nDensity Urban houses (%)\nRural houses (%)\nHouseholds with people  years and over (%)\nHouseholds with people  years and over (%)\nHouseholds with people  years and over (%)\nHouseholds with one or more nonrelatives (%)\nHouseholds with no nonrelatives (%)\nPopulation in households (%)\nFamily households (%)\nNonfamily households (%)\nPopulation in families (%)\nFamily households with own children (%)\nMedian number of bedrooms in owner Mean number of bedrooms in owner Median number of bedrooms in renter Mean number of bedrooms in renter Median number of vehichles in owner Mean number of vehichles in owner Median number of vehichles in renter Mean number of vehichles in renter Mortgage status - with mortgage (%)\nMortgage status - with second mortgage (%)\nMortgage status - with home equity loan (%)\nMortgage status - with both second mortgage and home equity loan (%)\nMortgage status - without a mortgage (%)\nAverage Average family size - Average family size - Black or Average family size - Average family size - Hispanic Average family size - American Indian and Average family size - Average family size - Geographical mobility - Same house 1 year ago (%)\nGeographical mobility - Moved within same county (%)\nGeographical mobility - Moved from different county within same state (%)\nGeographical mobility - Moved from different state (%)\nGeographical mobility - Moved from abroad (%)\nPlace of birth - Born in state of residence (%)\nPlace of birth - Born in other state (%)\nPlace of birth - Native, outside of US (%)\nPlace of birth - Foreign born (%)\nHousing units in structures - 1, detached (%)\nHousing units in structures - 1, attached (%)\nHousing units in structures - 2 (%)\nHousing units in structures - 3 or 4 (%)\nHousing units in structures - 5 to 9 (%)\nHousing units in structures -  to  (%)\nHousing units in structures -  to  (%)\nHousing units in structures -  or more (%)\nHousing units in structures - Mobile home (%)\nHousing units in structures - Boat, RV, van, etc.": [
        "None",
        "negative"
    ],
    "(%)\nHouse/condo owner moved in on average (years ago)\nRenter moved in on average (years ago)\nYear householder moved into unit - Moved in  to March  (%)\nYear householder moved into unit - Moved in  to  (%)\nYear householder moved into unit - Moved in  to  (%)\nYear householder moved into unit - Moved in  to  (%)\nYear householder moved into unit - Moved in  to  (%)\nYear householder moved into unit - Moved in  or earlier (%)\nMeans of transportation to work - Drove car alone (%)\nMeans of transportation to work - Carpooled (%)\nMeans of transportation to work - Public transportation (%)\nMeans of transportation to work - Bus or trolley bus (%)\nMeans of transportation to work - Streetcar or trolley car (%)\nMeans of transportation to work - Subway or elevated (%)\nMeans of transportation to work - Railroad (%)\nMeans of transportation to work - Ferryboat (%)\nMeans of transportation to work - Taxicab (%)\nMeans of transportation to work - Motorcycle (%)\nMeans of transportation to work - Bicycle (%)\nMeans of transportation to work - Walked (%)\nMeans of transportation to work - Other means (%)\nWorking at home (%)\nMost Common Industries - Agriculture, forestry, fishing and hunting, and mining (%)\nMost Common Industries - Agriculture, forestry, fishing and hunting (%)\nMost Common Industries - Mining, quarrying, and oil and gas extraction (%)\nMost Common Industries - Construction (%)\nMost Common Industries - Manufacturing (%)\nMost Common Industries - Wholesale trade (%)\nMost Common Industries - Retail trade (%)\nMost Common Industries - Transportation and warehousing, and utilities (%)\nMost Common Industries - Transportation and warehousing (%)\nMost Common Industries - Utilities (%)\nMost Common Industries - Information (%)\nMost Common Industries - Finance and insurance, and real estate and rental and leasing (%)\nMost Common Industries - Finance and insurance (%)\nMost Common Industries - Real estate and rental and leasing (%)\nMost Common Industries - Professional, scientific, and management, and administrative and waste management services (%)\nMost Common Industries - Professional, scientific, and technical services (%)\nMost Common Industries - Management of companies and enterprises (%)\nMost Common Industries - Administrative and support and waste management services (%)\nMost Common Industries - Educational services, and health care and social assistance (%)\nMost Common Industries - Educational services (%)\nMost Common Industries - Health care and social assistance (%)\nMost Common Industries - Arts, entertainment, and recreation, and accommodation and food services (%)\nMost Common Industries - Arts, entertainment, and recreation (%)\nMost Common Industries - Accommodation and food services (%)\nMost Common Industries - Other services, except public administration (%)\nMost Common Industries - Public administration (%)\nMost Common Occupations - Management, business, science, and arts occupations (%)\nMost Common Occupations - Management, business, and financial occupations (%)\nMost Common Occupations - Management occupations (%)\nMost Common Occupations - Business and financial operations occupations (%)\nMost Common Occupations - Computer, engineering, and science occupations (%)\nMost Common Occupations - Computer and mathematical occupations (%)\nMost Common Occupations - Architecture and engineering occupations (%)\nMost Common Occupations - Life, physical, and social science occupations (%)\nMost Common Occupations - Education, legal, community service, arts, and media occupations (%)\nMost Common Occupations - Community and social service occupations (%)\nMost Common Occupations - Legal occupations (%)\nMost Common Occupations - Education, training, and library occupations (%)\nMost Common Occupations - Arts, design, entertainment, sports, and media occupations (%)\nMost Common Occupations - Healthcare practitioners and technical occupations (%)\nMost Common Occupations - Health diagnosing and treating practitioners and other technical occupations (%)\nMost Common Occupations - Health technologists and technicians (%)\nMost Common Occupations - Service occupations (%)\nMost Common Occupations - Healthcare support occupations (%)\nMost Common Occupations - Protective service occupations (%)\nMost Common Occupations - Fire fighting and prevention, and other protective service workers including supervisors (%)\nMost Common Occupations - Law enforcement workers including supervisors (%)\nMost Common Occupations - Food preparation and serving related occupations (%)\nMost Common Occupations - Building and grounds cleaning and maintenance occupations (%)\nMost Common Occupations - Personal care and service occupations (%)\nMost Common Occupations - Sales and office occupations (%)\nMost Common Occupations - Sales and related occupations (%)\nMost Common Occupations - Office and administrative support occupations (%)\nMost Common Occupations - Natural resources, construction, and maintenance occupations (%)\nMost Common Occupations - Farming, fishing, and forestry occupations (%)\nMost Common Occupations - Construction and extraction occupations (%)\nMost Common Occupations - Installation, maintenance, and repair occupations (%)\nMost Common Occupations - Production, transportation, and material moving occupations (%)\nMost Common Occupations - Production occupations (%)\nMost Common Occupations - Transportation occupations (%)\nMost Common Occupations - Material moving occupations (%)\nPeople in Group quarters - Institutionalized population (%)\nPeople in Group quarters - Correctional institutions (%)\nPeople in Group quarters - Federal prisons and detention centers (%)\nPeople in Group quarters - Halfway houses (%)\nPeople in Group quarters - Local jails and other confinement facilities (including police lockups) (%)\nPeople in Group quarters - Military disciplinary barracks (%)\nPeople in Group quarters - State prisons (%)\nPeople in Group quarters - Other types of correctional institutions (%)\nPeople in Group quarters - Nursing homes (%)\nPeople in Group quarters - Hospitals/wards, hospices, and schools for the handicapped (%)\nPeople in Group quarters - Hospitals/wards and hospices for chronically ill (%)\nPeople in Group quarters - Hospices or homes for chronically ill (%)\nPeople in Group quarters - Military hospitals or wards for chronically ill (%)\nPeople in Group quarters - Other hospitals or wards for chronically ill (%)\nPeople in Group quarters - Hospitals or wards for drug/alcohol abuse (%)\nPeople in Group quarters - Mental (Psychiatric) hospitals or wards (%)\nPeople in Group quarters - Schools, hospitals, or wards for the mentally retarded (%)\nPeople in Group quarters - Schools, hospitals, or wards for the physically handicapped (%)\nPeople in Group quarters - Institutions for the deaf (%)\nPeople in Group quarters - Institutions for the blind (%)\nPeople in Group quarters - Orthopedic wards and institutions for the physically handicapped (%)\nPeople in Group quarters - Wards in general hospitals for patients who have no usual home elsewhere (%)\nPeople in Group quarters - Wards in military hospitals for patients who have no usual home elsewhere (%)\nPeople in Group quarters - Juvenile institutions (%)\nPeople in Group quarters - Long-term care (%)\nPeople in Group quarters - Homes for abused, dependent, and neglected children (%)\nPeople in Group quarters - Residential treatment centers for emotionally disturbed children (%)\nPeople in Group quarters - Training schools for juvenile delinquents (%)\nPeople in Group quarters - Short-term care, detention or diagnostic centers for delinquent children (%)\nPeople in Group quarters - Type of juvenile institution unknown (%)\nPeople in Group quarters - Noninstitutionalized population (%)\nPeople in Group quarters - College dormitories (includes college quarters off campus) (%)\nPeople in Group quarters - Military quarters (%)\nPeople in Group quarters - On base (%)\nPeople in Group quarters - Barracks, unaccompanied personnel housing (UPH), (Enlisted/Officer), ;and similar group living quarters for military personnel (%)\nPeople in Group quarters - Transient quarters for temporary residents (%)\nPeople in Group quarters - Military ships (%)\nPeople in Group quarters - Group homes (%)\nPeople in Group quarters - Homes or halfway houses for drug/alcohol abuse (%)\nPeople in Group quarters - Homes for the mentally ill (%)\nPeople in Group quarters - Homes for the mentally retarded (%)\nPeople in Group quarters - Homes for the physically handicapped (%)\nPeople in Group quarters - Other group homes (%)\nPeople in Group quarters - Religious group quarters (%)\nPeople in Group quarters - Dormitories (%)\nPeople in Group quarters - Agriculture workers' dormitories on farms (%)\nPeople in Group quarters - Job Corps and vocational training facilities (%)\nPeople in Group quarters - Other workers' dormitories (%)\nPeople in Group quarters - Crews of maritime vessels (%)\nPeople in Group quarters - Other nonhousehold living situations (%)\nPeople in Group quarters - Other noninstitutional group quarters (%)\nResidents speaking English at home (%)\nResidents speaking English at home - Born in the United States (%)\nResidents speaking English at home - Native, born elsewhere (%)\nResidents speaking English at home - Foreign born (%)\nResidents speaking Spanish at home (%)\nResidents speaking Spanish at home - Born in the United States (%)\nResidents speaking Spanish at home - Native, born elsewhere (%)\nResidents speaking Spanish at home - Foreign born (%)\nResidents speaking other language at home (%)\nResidents speaking other language at home - Born in the United States (%)\nResidents speaking other language at home - Native, born elsewhere (%)\nResidents speaking other language at home - Foreign born (%)\nClass of Workers - Employee of private company (%)\nClass of Workers - Self-employed in own incorporated business (%)\nClass of Workers - Private not-for-profit wage and salary workers (%)\nClass of Workers - Local government workers (%)\nClass of Workers - State government workers (%)\nClass of Workers - Federal government workers (%)\nClass of Workers - Self-employed workers in own not incorporated business and Unpaid family workers (%)\nHouse heating fuel used in houses and condos - Utility gas (%)\nHouse heating fuel used in houses and condos - Bottled, tank, or LP gas (%)\nHouse heating fuel used in houses and condos - Electricity (%)\nHouse heating fuel used in houses and condos - Fuel oil, kerosene, etc.": [
        "None",
        "negative"
    ],
    "(%)\nHouse heating fuel used in houses and condos - Coal or coke (%)\nHouse heating fuel used in houses and condos - Wood (%)\nHouse heating fuel used in houses and condos - Solar energy (%)\nHouse heating fuel used in houses and condos - Other fuel (%)\nHouse heating fuel used in houses and condos - No fuel used (%)\nHouse heating fuel used in apartments - Utility gas (%)\nHouse heating fuel used in apartments - Bottled, tank, or LP gas (%)\nHouse heating fuel used in apartments - Electricity (%)\nHouse heating fuel used in apartments - Fuel oil, kerosene, etc.": [
        "Environmental",
        "neutral"
    ],
    "(%)\nHouse heating fuel used in apartments - Coal or coke (%)\nHouse heating fuel used in apartments - Wood (%)\nHouse heating fuel used in apartments - Solar energy (%)\nHouse heating fuel used in apartments - Other fuel (%)\nHouse heating fuel used in apartments - No fuel used (%)\nArmed forces status - In Armed Forces (%)\nArmed forces status - Civilian (%)\nArmed forces status - Civilian - Veteran (%)\nArmed forces status - Civilian - Nonveteran (%)\nFatal accidents locations in years -\nFatal accidents locations in \nFatal accidents locations in \nFatal accidents locations in \nFatal accidents locations in \nFatal accidents locations in \nFatal accidents locations in \nFatal accidents locations in \nFatal accidents locations in \nFatal accidents locations in \nFatal accidents locations in \nFatal accidents locations in \nFatal accidents locations in \nFatal accidents locations in \nFatal accidents locations in \nFatal accidents locations in \nFatal accidents locations in \nFatal accidents locations in \nAlcohol use - People drinking some alcohol every month (%)\nAlcohol use - People not drinking at all (%)\nAlcohol use - Average days/month Alcohol use - Average drinks/Alcohol use - Average days/year people Audiometry - Average condition of hearing (%)\nAudiometry - People that can hear a whisper from across a quiet room (%)\nAudiometry - People that can hear normal voice from across a quiet room (%)\nAudiometry - Ears ringing, roaring, buzzing (%)\nAudiometry - Had a job exposure to loud noise (%)\nAudiometry - Had off-work exposure to loud noise (%)\nBlood Pressure & Cholesterol - Has high blood pressure (%)\nBlood Pressure & Cholesterol - Checking blood pressure at home (%)\nBlood Pressure & Cholesterol - Frequently checking blood cholesterol (%)\nBlood Pressure & Cholesterol - Has high cholesterol level (%)\nConsumer Behavior - Money monthly spent on food at supermarket/Consumer Behavior - Money monthly spent on food at Consumer Behavior - Money monthly spent on Consumer Behavior - Money monthly spent on carryout/Consumer Behavior - Income spent on food at supermarket/grocery store (%)\nConsumer Behavior - Income spent on food at other stores (%)\nConsumer Behavior - Income spent on eating out (%)\nConsumer Behavior - Income spent on carryout/delivered foods (%)\nCurrent Health Status - General health condition (%)\nCurrent Health Status - Blood donors (%)\nCurrent Health Status - Has blood ever tested for HIV virus (%)\nCurrent Health Status - Left-handed people (%)\nDermatology - People using sunscreen (%)\nDiabetes - Diabetics (%)\nDiabetes - Had a blood test for high blood sugar (%)\nDiabetes - People taking insulin (%)\nDiet Behavior & Nutrition - Diet health (%)\nDiet Behavior & Nutrition - Milk product consumption (# of products/month)\nDiet Behavior & Nutrition - Meals not home prepared (#/week)\nDiet Behavior & Nutrition - Meals from fast food or pizza place (#/week)\nDiet Behavior & Nutrition - Ready-to-eat foods (#/month)\nDiet Behavior & Nutrition - Frozen meals/pizza (#/month)\nDrug Use - People that ever used marijuana or hashish (%)\nDrug Use - Ever used hard drugs (%)\nDrug Use - Ever used any form of cocaine (%)\nDrug Use - Ever used heroin (%)\nDrug Use - Ever used methamphetamine (%)\nHealth Insurance - People covered by health insurance (%)\nKidney Conditions-Urology - Avg.": [
        "Social",
        "negative"
    ],
    "# of times urinating Medical Conditions - People with asthma (%)\nMedical Conditions - People with anemia (%)\nMedical Conditions - People with psoriasis (%)\nMedical Conditions - People with overweight (%)\nMedical Conditions - Elderly people having difficulties in thinking or remembering (%)\nMedical Conditions - People who ever received blood transfusion (%)\nMedical Conditions - People having trouble seeing even with glass/contacts (%)\nMedical Conditions - People with arthritis (%)\nMedical Conditions - People with gout (%)\nMedical Conditions - People with congestive heart failure (%)\nMedical Conditions - People with coronary heart disease (%)\nMedical Conditions - People with angina pectoris (%)\nMedical Conditions - People who ever had heart attack (%)\nMedical Conditions - People who ever had stroke (%)\nMedical Conditions - People with emphysema (%)\nMedical Conditions - People with thyroid problem (%)\nMedical Conditions - People with chronic bronchitis (%)\nMedical Conditions - People with any liver condition (%)\nMedical Conditions - People who ever had cancer or malignancy (%)\nMental Health - People who have little interest in doing things (%)\nMental Health - People feeling down, depressed, or hopeless (%)\nMental Health - People who have trouble sleeping or sleeping too much (%)\nMental Health - People feeling tired or having little energy (%)\nMental Health - People with poor appetite or overeating (%)\nMental Health - People feeling bad about themself (%)\nMental Health - People who have trouble concentrating on things (%)\nMental Health - People moving or speaking slowly or too fast (%)\nMental Health - People having thoughts they would be better off dead (%)\nOral Health - Average years since last visit Oral Health - People embarrassed because of mouth (%)\nOral Health - People with gum disease (%)\nOral Health - General health of teeth and gums (%)\nOral Health - Average days a week using dental floss/Oral Health - Average days a week using mouthwash for Oral Health - Average number Pesticide Use - Households using pesticides to control insects (%)\nPesticide Use - Households using pesticides to kill weeds (%)\nPhysical Activity - People doing vigorous-intensity work activities (%)\nPhysical Activity - People doing moderate-intensity work activities (%)\nPhysical Activity - People walking or bicycling (%)\nPhysical Activity - People doing vigorous-intensity recreational activities (%)\nPhysical Activity - People doing moderate-intensity recreational activities (%)\nPhysical Activity - Average hours a day doing Physical Activity - Average hours a day watching TV Physical Activity - Average hours a day Physical Functioning - People having limitations keeping them from working (%)\nPhysical Functioning - People limited in amount of work they can do (%)\nPhysical Functioning - People that need special equipment to walk (%)\nPhysical Functioning - People experiencing confusion/memory problems (%)\nPhysical Functioning - People requiring special healthcare equipment (%)\nPrescription Medications - Average number of prescription Preventive Aspirin Use - Adults + taking low-dose aspirin (%)\nReproductive Health - Vaginal deliveries (%)\nReproductive Health - Cesarean deliveries (%)\nReproductive Health - Deliveries resulted in a live birth (%)\nReproductive Health - Pregnancies resulted in a delivery (%)\nReproductive Health - Women breastfeeding newborns (%)\nReproductive Health - Women that had a hysterectomy (%)\nReproductive Health - Women that had both ovaries removed (%)\nReproductive Health - Women that have ever taken birth control pills (%)\nReproductive Health - Women taking birth control pills (%)\nReproductive Health - Women that have ever used Depo-Provera or injectables (%)\nReproductive Health - Women that have ever used female hormones (%)\nSexual Behavior - People + that ever had sex (vaginal, anal, or oral) (%)\nSexual Behavior - Males + that ever had vaginal sex with a woman (%)\nSexual Behavior - Males + that ever performed oral sex on a woman (%)\nSexual Behavior - Males + that ever had anal sex with a woman (%)\nSexual Behavior - Males + that ever had any sex with a man (%)\nSexual Behavior - Females + that ever had vaginal sex with a man (%)\nSexual Behavior - Females + that ever performed oral sex on a man (%)\nSexual Behavior - Females + that ever had anal sex with a man (%)\nSexual Behavior - Females + that ever had any kind of sex with a woman (%)\nSexual Behavior - Average age people first Sexual Behavior - Average number of female sex partners in lifetime (males +)\nSexual Behavior - Average number of female vaginal sex partners in lifetime (males +)\nSexual Behavior - Average age people first performed oral sex on a woman (+)\nSexual Behavior - Average number of woman performed oral sex on in lifetime (+)\nSexual Behavior - Average number of male sex partners in lifetime (males +)\nSexual Behavior - Average number of male anal sex partners in lifetime (males +)\nSexual Behavior - Average age people first performed oral sex on a man (+)\nSexual Behavior - Average number of male oral sex partners in lifetime (+)\nSexual Behavior - People using protection when performing oral sex (%)\nSexual Behavior - Average number of times people have vaginal or anal sex Sexual Behavior - People having sex without condom (%)\nSexual Behavior - Average number of male sex partners in lifetime (females +)\nSexual Behavior - Average number of male vaginal sex partners in lifetime (females +)\nSexual Behavior - Average number of female sex partners in lifetime (females +)\nSexual Behavior - Circumcised males + (%)\nSleep Disorders - Average hours sleeping Sleep Disorders - People that has trouble sleeping (%)\nSmoking-Cigarette Use - People smoking cigarettes (%)\nTaste & Smell - People + having problems with smell (%)\nTaste & Smell - People + having problems with taste (%)\nTaste & Smell - People + that ever had wisdom teeth removed (%)\nTaste & Smell - People + that ever had tonsils teeth removed (%)\nTaste & Smell - People + that ever had a loss of consciousness because of a head injury (%)\nTaste & Smell - People + that ever had a broken nose or other serious injury to face or skull (%)\nTaste & Smell - People + that ever had two or more sinus infections (%)\nWeight - Average height (inches)\nWeight - Average weight (pounds)\nWeight - Weight - People that are obese (%)\nWeight - People that ever were obese (%)\nWeight - People trying to lose weight (%)\nSettings \nLoading data...\nBased on - dataLoading data...": [
        "Social",
        "negative"
    ],
    "Hide 1,99341.0%1,75836.1%74015.2%.6%Two or .1%.4%American .2%Other Races in South Bound Brook detailed stats: ancestries, foreign born residents, place According to our research of New Jersey and other state lists, there was 1 registered sex offender living in South Bound Brook, New Jersey as of July , .": [
        "Social",
        "negative"
    ],
    "The ratio of all residents to sex offenders in South Bound Brook is  4, to 1.": [
        "Social",
        "negative"
    ],
    "The ratio of registered sex offenders to all residents in this city is much lower than the state average.": [
        "Social",
        "negative"
    ],
    "Crime rates in South Bound Brook \n\n\n\n\n\n\n\n\n\n\n\n\n\nMurders(per ,)0(0.0)0(0.0)0(0.0)0(0.0)0(0.0)0(0.0)0(0.0)0(0.0)0(0.0)0(0.0)0(0.0)0(0.0)0(0.0)0(0.0)\nRapes(per ,)0(0.0)0(0.0)0(0.0)0(0.0)0(0.0)0(0.0)0(0.0)0(0.0)1(.5)2(.3)0(0.0)0(0.0)1(.2)0(0.0)\nRobberies(per ,)0(0.0)0(0.0)0(0.0)2(.4)0(0.0)1(.7)0(0.0)4(.5)0(0.0)1(.6)1(.9)1(.1)0(0.0)0(0.0)\nAssaults(per ,)1(.3)2(.8)2(.7)0(0.0)1(.5)0(0.0)0(0.0)2(.3)2(.0)1(.6)0(0.0)1(.1)0(0.0)1(.9)\nBurglaries(per ,)(.2)4(.7)(.6)(.7)9(.1)8(.8)8(.3)5(.1)4(.0)5(.2)6(.3)2(.2)(.5)4(.6)\nThefts(per ,)(.8)(.0)(.7)(.9)(.6)(.7)(.4)(.4)(.4)(.4)(.7)(.6)(.3)(.9)\nAuto thefts(per ,)1(.3)0(0.0)2(.7)4(.8)3(.4)0(0.0)3(.4)2(.3)2(.0)2(.3)1(.9)1(.1)1(.2)7(.3)\nArson(per ,)0(0.0)0(0.0)0(0.0)0(0.0)0(0.0)0(0.0)0(0.0)0(0.0)0(0.0)0(0.0)0(0.0)0(0.0)0(0.0)0(0.0)\nCity-Data.com crime index38..............The City-Data.com crime index weighs serious crimes and violent crimes more heavily.": [
        "None",
        "negative"
    ],
    "Higher means more crime, U.S. average is .1.": [
        "Social",
        "negative"
    ],
    "It adjusts for the number of visitors and daily workers commuting into cities.": [
        "Social",
        "positive"
    ],
    "Click on a table row to Crime rate in South Bound Brook detailed stats: murders, rapes, robberies, assaults, burglaries, thefts, Full-time law enforcement employees in , including police officers:  ( officers -  male; 0 female).": [
        "Social",
        "negative"
    ],
    "Officers per 1, residents here:2.75New Jersey average:\n Recent articles from our blog.": [
        "Social",
        "neutral"
    ],
    "Our writers, many of them Ph.D. graduates or candidates, create easy-to-read articles on a wide variety of topics.": [
        "Social",
        "positive"
    ],
    "Popular New Year\u2019s resolutions Dec \nChristmas is America\u2019s favorite holiday season Dec \nFish in the American dish: recreational fishing Dec \nAmerican hunting and wildlife Nov \nThe National Football League is an American treasure Nov \nRecent posts about South Bound Brook, New Jersey on our local forum with over 2,, registered users.": [
        "Social",
        "positive"
    ],
    "South Bound Brook is mentioned  times on our forum:Great state except cost of living\u00a0\u00a0( replies)NJ Cities/Large Suburbs, Ranked\u00a0\u00a0( replies)safe / inexpensive NJ area to rent (empty nester)\u00a0\u00a0( replies)New Edition- NJ Cities/Large Suburbs, Ranked\u00a0\u00a0( replies)Where to Live near (South Bound Brook/Somerset Border)\u00a0\u00a0( replies)Middle class Hispanic suburbs\u00a0\u00a0( replies)\nLatest news from South Bound Brook, NJ collected exclusively by city-data.com from local newspapers, TV, and Ancestries: Irish (4.0%), Italian (3.5%), Polish (3.5%), American (3.4%), German (2.3%), Guyanese (2.2%).": [
        "Social",
        "neutral"
    ],
    "Current Local Time:  EST Elevation:  Land area:  square miles.": [
        "Environmental",
        "neutral"
    ],
    "Population density: 6, people per square mile \u00a0 (high).": [
        "Social",
        "neutral"
    ],
    "1, residents are foreign born (.6% Latin America, 2.7% Asia).This borough:.2%New Jersey:.2%\nMedian real estate property taxes paid for housing units with mortgages in : $8, (2.7%)\nMedian real estate property taxes paid for housing units with no mortgage in : $8, (2.6%)\nNearest city with pop.": [
        "None",
        "negative"
    ],
    ",+: Edison, NJ  (8.0 miles , pop.": [
        "Environmental",
        "neutral"
    ],
    ",).": [
        "None",
        "neutral"
    ],
    "Nearest city with pop.": [
        "None",
        "neutral"
    ],
    ",+: Staten Island, NY  (.5 miles , pop.": [
        "Social",
        "neutral"
    ],
    "1,,+: Brooklyn, NY  (.0 miles , pop.": [
        "None",
        "neutral"
    ],
    "2,,).": [
        "None",
        "neutral"
    ],
    "Nearest cities: Bound Brook borough, NJ  (1.0 miles ), Franklin Center, NJ (1.3 miles ), Middlesex borough, NJ  (1.4 miles ), Finderne, NJ (1.6 miles ), Zarephath, NJ (1.6 miles), Weston, NJ (1.9 miles ), Manville borough, NJ  (1.9 miles ), Martinsville, NJ (1.9 miles )\nLatitude:  N, Longitude:  South Bound Brook, New Jersey accommodation & food services, waste management - Economy and Unemployment in December :\nHere:3.8%New Jersey:4.5%\nPopulation change in the 1990s: + (+6.8%).": [
        "Social",
        "negative"
    ],
    "Most common industries in South Bound Brook, NJ (%)\nAccommodation & food services (9.5%)\nConstruction (7.9%)\nAdministrative & support & waste management services (6.1%)\nEducational services (6.0%)\nHealth care (5.9%)\nProfessional, scientific, technical services (5.6%)\nFinance & insurance (5.1%)\nConstruction (.4%)\nAccommodation & food services (7.8%)\nAdministrative & support & waste management services (7.0%)\nEducational services (7.0%)\nProfessional, scientific, technical services (5.4%)\nPublic administration (3.6%)\nChemicals (3.5%)\nHealth care (.7%)\nAccommodation & food services (.6%)\nFinance & insurance (7.0%)\nProfessional, scientific, technical services (5.8%)\nPublishing, motion picture & sound recording industries (5.3%)\nAdministrative & support & waste management services (4.9%)\nEducational services (4.8%)\nMost common occupations in South Bound Brook, NJ (%)\nDriver/sales workers and truck drivers (6.1%)\nSecretaries and administrative assistants (4.7%)\nBuilding and grounds cleaning and maintenance occupations (4.6%)\nComputer specialists (4.5%)\nOther production occupations, including supervisors (4.3%)\nOther sales and related occupations, including supervisors (4.2%)\nMaterial recording, scheduling, dispatching, and distributing workers (4.0%)\nDriver/sales workers and truck drivers (.2%)\nComputer specialists (8.2%)\nMaterial recording, scheduling, dispatching, and distributing workers (5.4%)\nElectrical equipment mechanics and other installation, maintenance, and repair workers, including supervisors (5.3%)\nBuilding and grounds cleaning and maintenance occupations (4.5%)\nOther production occupations, including supervisors (4.0%)\nOther sales and related occupations, including supervisors (3.3%)\nSecretaries and administrative assistants (.3%)\nInformation and record clerks, except customer service representatives (7.6%)\nOther office and administrative support workers, including supervisors (7.4%)\nOther sales and related occupations, including supervisors (5.3%)\nWaiters and waitresses (5.1%)\nOther production occupations, including supervisors (4.7%)\nBuilding and grounds cleaning and maintenance occupations (4.7%)\nAverage climate in South Bound Brook, Based on data reported by over 4, Air pollution and air quality trends(lower is better)\nPM2.Air Quality Index (AQI) level in  was .": [
        "None",
        "positive"
    ],
    "This is significantly worse than average.City:107U.S.": [
        "None",
        "negative"
    ],
    ":\nCarbon Monoxide (CO) [ppm] level in  was .": [
        "Environmental",
        "neutral"
    ],
    "This is significantly worse than average.": [
        "None",
        "negative"
    ],
    "Closest monitor was 4.5 miles away from the city center.City:0.380U.S.": [
        "Social",
        "neutral"
    ],
    ":\nNitrogen Dioxide (NO2) [ppb] level in  was .": [
        "Environmental",
        "neutral"
    ],
    "Closest monitor was 5.0 miles away from the city center.City:9.83U.S.": [
        "Social",
        "neutral"
    ],
    ":\nSulfur Dioxide (SO2) [ppb] level in  was .": [
        "Environmental",
        "neutral"
    ],
    "This is significantly better than average.": [
        "None",
        "positive"
    ],
    "Closest monitor was 4.5 miles away from the city center.City:0.545U.S.": [
        "Social",
        "neutral"
    ],
    ":\nOzone [ppb] level in  was .3.": [
        "Environmental",
        "neutral"
    ],
    "This is about average.": [
        "None",
        "neutral"
    ],
    "Closest monitor was 4.5 miles away from the city center.City:.3U.S.": [
        "Social",
        "neutral"
    ],
    ":.Particulate Matter (PM2.5) [\u00b5g/m3] level in  was .": [
        "Environmental",
        "neutral"
    ],
    "Closest monitor was 8.0 miles away from the city center.City:9.15U.S.": [
        "Social",
        "neutral"
    ],
    ":\nLead (Pb) [\u00b5g/m3] level in  was 0.00543.": [
        "None",
        "neutral"
    ],
    "Closest monitor was 6.9 miles away from the city center.City:0.00543U.S.": [
        "Social",
        "neutral"
    ],
    ":0.Tornado activity:\nSouth Bound Brook-area historical tornado activity is near New Jersey state average.": [
        "Environmental",
        "neutral"
    ],
    "It is % smaller than the overall U.S. average.": [
        "None",
        "neutral"
    ],
    "On , a category F3 (max.": [
        "None",
        "neutral"
    ],
    "wind speeds - mph) tornado .6 miles away from the South Bound Brook borough center  injured 8 people and caused between $, and $5,, in damages.": [
        "Social",
        "negative"
    ],
    "On , a category F3 tornado .1 miles away from the borough center  caused between $, and $, in damages.": [
        "Environmental",
        "negative"
    ],
    "Earthquake activity:\nSouth Bound Brook-area historical earthquake activity is significantly above New Jersey state average.": [
        "Social",
        "neutral"
    ],
    "On  at ::, a magnitude 5.8 (5.8 MW, Depth: 3.7 mi, Class: Moderate, Intensity: VI - VII) earthquake occurred .3 miles away from the city centerOn  at ::, a magnitude 4.6 (4.6 MB, 4.6 LG, Depth: 3.1 mi, Class: Light, Intensity: IV - V) earthquake occurred .8 miles away from the city centerOn  at ::, a magnitude 5.3 (5.1 MB, 5.3 LG, 5.1 ML) earthquake occurred .3 miles away from the city centerOn  at ::, a magnitude 5.3 (5.3 ML, Depth: 3.0 mi) earthquake occurred .1 miles away from the city centerOn  at ::, a magnitude 5.2 (5.2 MB, 4.2 MS, 5.2 MW, 5.0 MW) earthquake occurred .2 miles away from South Bound Brook centerOn  at ::, a magnitude 4.2 (4.2 MB, 4.0 LG, Depth: 3.1 mi) earthquake occurred .3 miles away from the city centerMagnitude types: regional Lg-wave magnitude (LG), body-wave magnitude (MB), local magnitude (ML), surface-wave magnitude (MS), moment magnitude (MW)\nNatural disasters:The number of natural disasters in Somerset County () is a lot greater than the US average ().Major Disasters (Presidential) Declared: 17Emergencies Declared: 9Causes of natural disasters: Floods: 7, Hurricanes: 7, Storms: 6, Heavy Rains: 4, Snowstorms: 4, Winter Storms: 3, Blizzards: 2, Water Shortages: 2, Tornado: 1, Wind: 1, Other: 3 (Note: some incidents may be assigned to more than one category).": [
        "None",
        "negative"
    ],
    "Hospitals and medical centers near South Bound Brook:N J EASTERN STAR HOME  (Nursing Home, about 3 miles away; BRIDGEWATER, NJ)\nKING JAMES NH OF FRANKLIN  (Nursing Home, about 3 miles away; SOMERSET, NJ)\nWILLOW CREEK REHAB AND CARE CE  (Nursing Home, about 3 miles away; SOMERSET, NJ)\nMARGARET MCLAUGHLIN MCCARRICK  (Nursing Home, about 3 miles away; SOMERSET, NJ)\nODYSSEY HEALTHCARE OF NEW JERSEY  (Hospital, about 4 miles away; PISCATAWAY, NJ)\nUNIVERSITY BEHAVIORAL HEALTHCARE  (Hospital, about 4 miles away; PISCATAWAY, NJ)\nFRIENDS RETIREMENT CONCEPTS  (Nursing Home, about 4 miles away; BRIDGEWATER, NJ)\nAmtrak stations near South Bound Brook:6 miles: NEW BRUNSWICK (FRENCH & ALBANY STS.)": [
        "Social",
        "positive"
    ],
    ".": [
        "None",
        "neutral"
    ],
    "Services: ticket office, fully wheelchair accessible, enclosed waiting area, public restrooms, public payphones, snack bar, ATM, free short-term parking, free long-term parking, call for car rental service, taxi stand, public transit connection.": [
        "None",
        "positive"
    ],
    "miles: METROPARK (ISELIN,  MIDDLESEX-ESSEX TPK.)": [
        "None",
        "neutral"
    ],
    "Services: ticket office, fully wheelchair accessible, enclosed waiting area, public restrooms, public payphones, paid short-term parking, call for car rental service, taxi stand, public transit connection.": [
        "None",
        "neutral"
    ],
    "miles: PRINCETON JUNCTION (WALLACE RD.)": [
        "None",
        "neutral"
    ],
    "Services: ticket office, fully wheelchair accessible, enclosed waiting area, public restrooms, snack bar, paid short-term parking, paid long-term parking, call for car rental service, taxi stand, public transit connection.": [
        "None",
        "neutral"
    ],
    "Colleges/universities with over  students nearest to South Bound Brook:\nRutgers University-New Brunswick (about 6 miles; New Brunswick, NJ; Full-time enrollment: ,)\nMiddlesex County College (about  miles; Edison, NJ; FT enrollment: 9,)\nRaritan Valley Community College (about  miles; Branchburg, NJ; FT enrollment: 5,)\nUnion County College (about  miles; Cranford, NJ; FT enrollment: 9,)\nDrew University (about  miles; Madison, NJ; FT enrollment: 2,)\nPrinceton University (about  miles; Princeton, NJ; FT enrollment: 6,)\nFairleigh Dickinson University-College at Florham (about  miles; Madison, NJ; FT enrollment: 2,)\nPoints of interest:\nClick to draw/clear Notable locations in South Bound Brook: Somerset County Fire Department Station  / South Bound Brook Volunteer Fire Department (A), South Bound Brook Borough Hall (B).": [
        "Social",
        "negative"
    ],
    "Display/hide their locations on Churches in South Bound Brook include: Our Lady of Mercy Roman Catholic Church (A), Reformed Church of Bound Brook (B).": [
        "Environmental",
        "positive"
    ],
    "Display/hide their locations on Birthplace of: Heidi Bohay - Actor.": [
        "Social",
        "neutral"
    ],
    "Somerset County has a predicted average indoor radon screening level greater than 4 pCi/L (pico curies per liter) - Average household size:This borough:2.6 peopleNew Jersey:2.Percentage of family households:This borough:.6%Whole state:.3%\nPercentage of households with unmarried partners:This borough:8.0%Whole state:5.9%\nLikely homosexual households (counted as self-reported same-sex unmarried-partner households)\nLesbian couples: 0.3% of Gay men: 0.5% of  people in group homes intended for adults in \r\n2 people in other noninstitutional facilities in \nFor population  years and over in South Bound Brook:\nNever married: .1%Now married: .4%Separated: 1.6%Widowed: 4.4%Divorced: .4%\nFor population  years and over in South Bound Brook:\nHigh school or higher: .5%Bachelor's degree or higher: .2%Graduate or professional degree: 7.5%Unemployed: 5.3%Mean travel time to work (commute): .Education Gini index (Inequality in education)Here:.2New Jersey average:.": [
        "Social",
        "positive"
    ],
    "Graphs represent county-level data.": [
        "Environmental",
        "neutral"
    ],
    "Detailed  Political contributions by individuals in South Bound Brook, Religion statistics for South Bound Brook, NJ (based on Somerset County data)\nReligionAdherentsCongregationsCatholic98,95129Mainline Protestant27,47268Other15,07833Evangelical Protestant13,15853Orthodox1,2006Black Protestant1,0767None166,-Source: Clifford Grammich, Kirk Hadaway, Richard Houseal, Dale E.Jones, Alexei Krindatch, Richie Stanley and Richard H.Taylor.": [
        "Social",
        "neutral"
    ],
    "U.S.Religion Census: Religious Congregations & Membership Study.": [
        "Social",
        "neutral"
    ],
    "Association of Statisticians of American Religious Bodies.": [
        "Social",
        "neutral"
    ],
    "Jones, Dale E., et al.": [
        "None",
        "neutral"
    ],
    "Congregations and Membership in the United States .": [
        "Social",
        "positive"
    ],
    "Nashville, TN: Glenmary Research Center.": [
        "Social",
        "neutral"
    ],
    "Graphs represent county-Food Environment Statistics:Number of grocery stores: 69Somerset County: / , pop.State: / , pop.": [
        "Social",
        "neutral"
    ],
    "Number of supercenters and club stores: 3Somerset County: / , pop.New Jersey: / , pop.": [
        "None",
        "positive"
    ],
    "Number of convenience stores (no gas): 53Somerset County: / , pop.State: / , pop.": [
        "None",
        "positive"
    ],
    "Number of convenience stores (with gas): 18Somerset County: / , pop.New Jersey: / , pop.": [
        "None",
        "positive"
    ],
    "Number of full-service restaurants: 256Somerset County: / , pop.New Jersey: / , pop.": [
        "Social",
        "positive"
    ],
    "Adult diabetes rate: This county:6.7%State:8.3%\nAdult obesity rate: Somerset County:.4%State:.3%\nLow-income preschool obesity rate: Here:.0%New Jersey:.0%\nHealth and Nutrition:Healthy diet rate: South Bound Brook:.2%New Jersey:.6%\nAverage overall health of teeth and gums: This city:.0%New Jersey:.5%\nAverage BMI: South Bound Brook:.6New Jersey:.People feeling badly about themselves: Here:.7%New Jersey:.0%\nPeople not drinking alcohol at all: South Bound Brook:.4%New Jersey:.1%\nAverage hours sleeping at night: South Bound Brook:6.8New Jersey:6.Overweight people: South Bound Brook:.1%State:.6%\nGeneral health condition: South Bound Brook:.3%State:.9%\nAverage condition of hearing: Here:.8%New Jersey:.0%\nMore about Health and Nutrition of South Bound Brook, Local government employment and payroll (March )\nFull-Monthly full-Average yearly full-Part-Monthly part-Police Protection - $,$,24718$9,\nStreets $,$,$7$,$,$Judicial 5$,$,$Other 2$9,$,96419$4,\nPolice - 2$5,$,$Fire - 0$0\u00a02$\nTotals $,$,82139$,\nSouth Bound Brook government finances - Expenditure in  (per resident):\nConstruction - Regular Highways: $, ($)\r\nGeneral - Other: $, ($)\nCurrent Operations - General - Other: $2,, ($.)": [
        "Social",
        "negative"
    ],
    "Police Protection: $1,, ($.)": [
        "None",
        "neutral"
    ],
    "Judicial and Legal Services: $, ($)\nSolid Waste Management: $, ($)\nFinancial Administration: $, ($)\nCentral Staff Services: $, ($)\nRegular Highways: $, ($)\nLocal Fire Protection: $, ($)\nProtective Inspection and Regulation - Other: $, ($)\nHealth - Other: $, ($)\nParks and Recreation: $, ($)\nGeneral Public Buildings: $, ($)\nSewerage: $7, ($)\nGeneral - Interest on Debt: $, ($)\r\nIntergovernmental to Local - Other - Sewerage: $, ($.)": [
        "None",
        "negative"
    ],
    "Other Capital Outlay - General - Other: $, ($)\r\nLocal Fire Protection: $, ($)\nTotal Salaries and Wages: $2,, ($.)": [
        "None",
        "negative"
    ],
    "South Bound Brook government finances - Revenue in  (per resident):\nCharges - Sewerage: $, ($)\r\nOther: $, ($)\nLocal Intergovernmental - Other: $, ($)\r\nMiscellaneous - General Revenue - Other: $, ($.)": [
        "None",
        "negative"
    ],
    "Fines and Forfeits: $, ($)\nRents: $, ($)\nInterest Earnings: $1, ($)\nState Intergovernmental - General Local Government Support: $, ($)\r\nOther: $, ($)\nHealth and Hospitals: $, ($)\nHighways: $6, ($)\nTax - Property: $3,, ($.)": [
        "None",
        "positive"
    ],
    "Other License: $, ($)\nPublic Utilities Sales: $, ($)\nAlcoholic Beverage License: $, ($)\nSouth Bound Brook government finances - Debt in  (per resident):\nLong Term Debt - Beginning Outstanding - Unspecified Public Purpose: $2,, ($.)": [
        "None",
        "neutral"
    ],
    "Outstanding Unspecified Public Purpose: $2,, ($.)": [
        "None",
        "positive"
    ],
    "Retired Unspecified Public Purpose: $, ($)\nSouth Bound Brook government finances - Cash and Securities in  (per resident):\nOther Funds - Cash and Securities: $, ($.)": [
        "None",
        "positive"
    ],
    "Businesses in South Bound Brook, Domino's Pizza: Strongest AM radio stations in South Bound Brook:\nWMCA ( AM;  kW; NEW YORK, NY; Owner: SALEM MEDIA OF NEW YORK, LLC)\nWOR ( AM;  kW; NEW YORK, NY; Owner: BUCKLEY BROADCASTING CORPORATION)\nWINS ( AM;  kW; NEW YORK, NY; Owner: INFINITY BROADCASTING OPERATIONS, INC.)\nWABC ( AM;  kW; NEW YORK, NY; Owner: WABC-AM RADIO, INC.)\nWEPN ( AM;  kW; NEW YORK, NY; Owner: NEW YORK AM RADIO, LLC)\nWWJZ ( AM;  kW; MOUNT HOLLY, NJ; Owner: ABC, INC.)\nWBBR ( AM;  kW; NEW YORK, NY; Owner: BLOOMBERG COMMUNICATIONS INC.)\nWADO ( AM;  kW; NEW YORK, NY; Owner: WADO-AM LICENSE CORP.)\nWFAN ( AM;  kW; NEW YORK, NY; Owner: INFINITY BROADCASTING OPERATIONS, INC.)\nWSNR ( AM;  kW; JERSEY CITY, NJ)\nWWTR ( AM; daytime; 0 kW; BRIDGEWATER, NJ; Owner: THE SENTINEL PUBLISHING CO.)\nWLIB ( AM;  kW; NEW YORK, NY; Owner: ICBC BROADCAST HOLDINGS-NY, INC.)\nWQEW ( AM;  kW; NEW YORK, NY; Owner: THE NEW YORK TIMES ELECTRONIC MEDIA COMPANY)\nStrongest FM radio stations in South Bound Brook:\nWAWZ (.1 FM; ZAREPHATH, NJ; Owner: PILLAR OF FIRE)\nWMGQ (.3 FM; NEW BRUNSWICK, NJ; Owner: THE SENTINEL PUBLISHING CO.)\nWRKS (.7 FM; NEW YORK, NY; Owner: EMMIS RADIO LICENSE CORP OF NEW YORK)\nWKXW-FM (.5 FM; TRENTON, NJ; Owner: MILLENNIUM CENTRAL NEW JERSEY LICENSE HOLDCO, LLC)\nWNYC-FM (.9 FM; NEW YORK, NY; Owner: WNYC RADIO)\nWNEW (.7 FM; NEW YORK, NY; Owner: INFINITY BROADCASTING OPERATIONS, INC.)\nWPAT-FM (.1 FM; PATERSON, NJ; Owner: WPAT LICENSING, INC.)\nWQCD (.9 FM; NEW YORK, NY; Owner: EMMIS RADIO LICENSE CORPORATION)\nWNJT-FM (.1 FM; TRENTON, NJ; Owner: NEW JERSEY PUBLIC BRD/CST AUTHORITY)\nWKTU (.5 FM; LAKE SUCCESS, NY; Owner: AMFM RADIO LICENSES, LLC)\nWCAA (.9 FM; NEWARK, NJ; Owner: WADO-AM LICENSE CORP. (\"WADO\"))\nWBAI (.5 FM; NEW YORK, NY; Owner: PACIFICA FOUNDATION, INC.)\nWBLS (.5 FM; NEW YORK, NY; Owner: ICBC BROADCAST HOLDINGS-NY, INC.)\nWLTW (.7 FM; NEW YORK, NY; Owner: AMFM NEW YORK LICENSES, LLC)\nWQXR-FM (.3 FM; NEW YORK, NY; Owner: THE NEW YORK TIMES ELECTRONIC MEDIA COMPANY)\nWSKQ-FM (.9 FM; NEW YORK, NY; Owner: WSKQ LICENSING, INC.)\nWXRK (.3 FM; NEW YORK, NY; Owner: INFINITY BROADCASTING OPERATIONS, INC.)\nWAXQ (.3 FM; NEW YORK, NY; Owner: AMFM NEW YORK LICENSES, LLC)\nWHTZ (.3 FM; NEWARK, NJ; Owner: AMFM RADIO LICENSES, L.L.C.)": [
        "None",
        "positive"
    ],
    "WWPR-FM (.1 FM; NEW YORK, NY; Owner: AMFM RADIO LICENSES, L.L.C.)": [
        "None",
        "neutral"
    ],
    "TV broadcast stations around South Bound Brook:\nWNJB (Channel ; NEW BRUNSWICK, NJ; Owner: NEW JERSEY PUBLIC BROADCASTING AUTHORITY)\nW36AS (Channel ; NEW BRUNSWICK, NJ; Owner: DEEPAK VISWANATH)\nWLBX-LP (Channel ; CRANFORD, NJ; Owner: RENARD COMMUNICATIONS CORP.)\nWCBS-TV (Channel 2; NEW YORK, NY; Owner: CBS BROADCASTING INC.)\nWNYW (Channel 5; NEW YORK, NY; Owner: FOX TELEVISION STATIONS, INC.)\nWABC-TV (Channel 7; NEW YORK, NY; Owner: AMERICAN BROADCASTING COMPANIES, INC)\nWPIX (Channel ; NEW YORK, NY; Owner: WPIX, INC.)\nWWOR-TV (Channel 9; SECAUCUS, NJ; Owner: FOX TELEVISION STATIONS, INC.)\nWPXO-LP (Channel ; EAST ORANGE, NJ; Owner: PAXSON COMMUNICATIONS LPTV, INC.)\nWPXN-TV (Channel ; NEW YORK, NY; Owner: PAXSON COMMUNICATIONS LICENSE COMPANY, LLC)\nWNJT (Channel ; TRENTON, NJ; Owner: NEW JERSEY PUBLIC BROADCASTING AUTHORITY)\nWNBC (Channel 4; NEW YORK, NY; Owner: NATIONAL BROADCASTING COMPANY, INC.)\nWNET (Channel ; NEWARK, NJ; Owner: EDUCATIONAL BROADCASTING CORPORATION)\nWXTV (Channel ; PATERSON, NJ; Owner: WXTV LICENSE PARTNERSHIP, G.P.)": [
        "None",
        "neutral"
    ],
    "WNJU (Channel ; LINDEN, NJ; Owner: WNJU LICENSE CORPORATION)\nWFUT (Channel ; NEWARK, NJ; Owner: UNIVISION NEW YORK LLC)\nWNYE-TV (Channel ; NEW YORK, NY; Owner: NEW YORK CITY BOARD OF EDUCATION)\nWXNY-LP (Channel ; NEW YORK, NY; Owner: ISLAND BROADCASTING COMPANY)\nWKOB-LP (Channel ; NEW YORK, NY; Owner: WKOB COMMUNICATIONS, INC.)\nWEBR-CA (Channel ; MANHATTAN, NY; Owner: K LICENSEE INC.)\nWRNN-LP (Channel ; NYACK, NY; Owner: LP NYACK LIMITED PARTNERSHIP)\nWNJN (Channel ; MONTCLAIR, NJ; Owner: NEW JERSEY PUBLIC B/CNG AUTHORITY)\nW54CZ (Channel ; MORRISTOWN, NJ; Owner: WLNY-TV, INC.)\nW60AI (Channel ; NEW YORK, NY; Owner: VENTANA TELEVISION, INC.)\nWNXY-LP (Channel ; NEW YORK, NY; Owner: ISLAND BROADCASTING COMPANY)\nSouth Bound Brook fatal accident statistics for  - \nSouth Bound Brook fatal accident list:\r\nSep ,  : AM, Vansickle, Vehicles: 1, Persons: 2, Pedestrians: 1, Fatalities: 1\r\nOct 7,  : PM, Cr527, Vehicles: 2, Persons: 3, Fatalities: National Bridge Inventory (NBI) Statistics1Number of bridges10ft / 2.9mTotal length $5,,000Total costs13,255Total average daily traffic530Total average daily truck traffic16,174Total future (year ) average FCC Registered Broadcast Land Mobile Towers: 1Lat: .553917 Lon: -.531028, Call Sign: WQNG248, \nAssigned Frequencies: .": [
        "None",
        "negative"
    ],
    "MHz, .": [
        "None",
        "neutral"
    ],
    "MHz, Grant Date: , Expiration Date: , Certifier: Joseph J Marra, Registrant: Electronic Service Solutions, Inc.,  Worth Street, South Hackensack, NJ 07606, Phone: () -, Fax: () -, Email: \nFCC Registered Microwave Towers: 1SOMERSET, 5 Belmont Drive (Lat: .541472 Lon: -.539028), Overall height: .2 m, Call Sign: WHA514, Licensee ID: L00219539, \nAssigned Frequencies: .": [
        "None",
        "positive"
    ],
    "MHz, 10775.0 MHz, 10775.0 MHz, Grant Date: , Expiration Date: , Cancellation Date: , Certifier: Heather B Gold, Registrant: Intermedia Service LLC,  Queen Palm Drive, Tampa, FL 33619, Phone: () -, Fax: () -\nFCC Registered Amateur Radio Licenses: 7Call Sign: KB2FCE, Grant Date: , Expiration Date: , Cancellation Date: , Registrant: Vincent M Bonaduce, Apt 1  Washington St, South Bound Brook, Call Sign: KB2WYS, Licensee ID: L01107102, Grant Date: , Expiration Date: , Certifier: Michael J Scarpellino, Registrant: Michael J Scarpellino,  Remsen St, South Bound Brook, NJ 08880-\nCall Sign: KB2YZB, Licensee ID: L00354537, Grant Date: , Expiration Date: , Cancellation Date: , Certifier: Joseph J Mikucki Jr, Registrant: Joseph J Mikucki Jr,  Warren Street, South Bound Brook, NJ 08880-\nCall Sign: WB2ZAK, Licensee ID: L00261825, Grant Date: , Expiration Date: , Certifier: Gary R D Amico, Registrant: Gary R D Amico,  Nobel St, South Bound Brook, Call Sign: KC2SHG, Licensee ID: L00589932, Grant Date: , Expiration Date: , Cancellation Date: , Certifier: Michael D Allenovitch, Registrant: Michael D Allenovitch,  W Warren St, South Bound Brook, Call Sign: KD2LNN, Licensee ID: L02038993, Grant Date: , Expiration Date: , Cancellation Date: , Certifier: Albert C Zeller Iii, Registrant: Albert C Zeller Iii,  High St Apt 3, South Bound Brook, Call Sign: W2ACZ, Previous Call Sign: KD2LNN, Licensee ID: L02038993, Grant Date: , Expiration Date: , Certifier: Albert C Zeller Iii, Registrant: Albert C Zeller Iii,  High St Apt 3, South Bound Brook, FAA Registered Aircraft: 2Aircraft: PIPER J3L- (Category: Land, Seats: 2, Weight: Up to , Pounds, Speed:  mph), Engine: CONT MOTOR  SERIES ( HP) (Reciprocating)\nN-Number: 37937, N37937, N-37937, Serial Number: , Year manufactured: , Airworthiness Date: , Certificate Issue Date: \nRegistrant (Co-Owned): Norman W Schenck,  Madison St, South Bound Brook, NJ 08880, Other Owners: Denice J SchenckAircraft: CESSNA 150K (Category: Land, Seats: 2, Weight: Up to , Pounds, Speed:  mph), Engine: CONT MOTOR  SERIES ( HP) (Reciprocating)\nN-Number: 6364G, N6364G, N-6364G, Serial Number: 15071864, Year manufactured: , Airworthiness Date: , Certificate Issue Date: \nRegistrant (Individual): William A Carlstadt,  Cherry St, South Bound Brook, Home Mortgage Disclosure Act Aggregated Statistics For Year (Based on 1 full tract)\nA) FHA, FSA/RHS & VAHome Purchase LoansB) ConventionalHome Purchase LoansC) RefinancingsD) Home Improvement LoansF) Non-occupant Loans on < 5 Family Dwellings (A B C & D)G) Loans On ManufacturedHome Dwelling (A B C & D)\nNumberAverage ValueNumberAverage ValueNumberAverage ValueNumberAverage ValueNumberAverage LOANS ORIGINATED14$,21412$,50077$,$,$,$APPLICATIONS APPROVED, NOT ACCEPTED1$,$,00014$,$7,$$APPLICATIONS DENIED5$,$$,$,$,$,\nAPPLICATIONS WITHDRAWN1$,$,00020$,$$,$FILES CLOSED FOR INCOMPLETENESS2$,$$,$$,$ Aggregated Statistics For Year (Based on 1 full tract)\nA) FHA, FSA/RHS & VAHome Purchase LoansB) ConventionalHome Purchase LoansC) RefinancingsD) Home Improvement LoansE) Loans on Dwellings For 5+ FamiliesF) Non-occupant Loans on < 5 Family Dwellings (A B C & D)G) Loans On ManufacturedHome Dwelling (A B C & D)\nNumberAverage ValueNumberAverage ValueNumberAverage ValueNumberAverage ValueNumberAverage ValueNumberAverage LOANS ORIGINATED15$,20017$,23568$,$,$5,,$,$APPLICATIONS APPROVED, NOT ACCEPTED2$,$,00028$,$,$$,$APPLICATIONS DENIED4$,$,50069$,01414$,$$,$,\nAPPLICATIONS WITHDRAWN3$,$,25028$,$5,$$$FILES CLOSED FOR INCOMPLETENESS1$,$,$,$,$$$ Aggregated Statistics For Year (Based on 1 full tract)\nA) FHA, FSA/RHS & VAHome Purchase LoansB) ConventionalHome Purchase LoansC) RefinancingsD) Home Improvement LoansF) Non-occupant Loans on < 5 Family Dwellings (A B C & D)\nNumberAverage ValueNumberAverage ValueNumberAverage ValueNumberAverage LOANS ORIGINATED3$,33381$,61799$,15220$,90016$,\nAPPLICATIONS APPROVED, NOT ACCEPTED1$,$,42923$,$,$APPLICATIONS DENIED1$,00021$,00097$,44324$,$,\nAPPLICATIONS WITHDRAWN1$,00018$,50038$,$8,$,\nFILES CLOSED FOR INCOMPLETENESS0$$,00015$,$$,\n Aggregated Statistics For Year (Based on 1 full tract)\nA) FHA, FSA/RHS & VAHome Purchase LoansB) ConventionalHome Purchase LoansC) RefinancingsD) Home Improvement LoansF) Non-occupant Loans on < 5 Family Dwellings (A B C & D)\nNumberAverage ValueNumberAverage ValueNumberAverage ValueNumberAverage LOANS ORIGINATED3$,000200$,020124$,96827$,59326$,\nAPPLICATIONS APPROVED, NOT ACCEPTED1$,00013$,23130$,$,$,\nAPPLICATIONS DENIED0$$,64347$,31926$,$,\nAPPLICATIONS WITHDRAWN1$,00032$,28146$,$,$,\nFILES CLOSED FOR INCOMPLETENESS0$$,00016$,$,$ Aggregated Statistics For Year (Based on 1 full tract)\nA) FHA, FSA/RHS & VAHome Purchase LoansB) ConventionalHome Purchase LoansC) RefinancingsD) Home Improvement LoansE) Loans on Dwellings For 5+ FamiliesF) Non-occupant Loans on < 5 Family Dwellings (A B C & D)G) Loans On ManufacturedHome Dwelling (A B C & D)\nNumberAverage ValueNumberAverage ValueNumberAverage ValueNumberAverage ValueNumberAverage ValueNumberAverage LOANS ORIGINATED4$,75073$,863149$,84633$,$2,,00020$,$,\nAPPLICATIONS APPROVED, NOT ACCEPTED0$$,90919$,$,$$,$,\nAPPLICATIONS DENIED3$,66728$,60774$,47325$,$$,$APPLICATIONS WITHDRAWN1$,00021$,38158$,$,$$,$FILES CLOSED FOR INCOMPLETENESS0$$,33329$,$,$$$ Aggregated Statistics For Year (Based on 1 full tract)\nA) FHA, FSA/RHS & VAHome Purchase LoansB) ConventionalHome Purchase LoansC) RefinancingsD) Home Improvement LoansF) Non-occupant Loans on < 5 Family Dwellings (A B C & D)\nNumberAverage ValueNumberAverage ValueNumberAverage ValueNumberAverage LOANS ORIGINATED5$,40057$,386124$,39532$,53113$,\nAPPLICATIONS APPROVED, NOT ACCEPTED1$,$,14321$,$,$,\nAPPLICATIONS DENIED2$,50012$,75054$,05616$,$,\nAPPLICATIONS WITHDRAWN0$$,00056$,$,$,\nFILES CLOSED FOR INCOMPLETENESS0$$,$,$,$ Aggregated Statistics For Year (Based on 1 full tract)\nA) FHA, FSA/RHS & VAHome Purchase LoansB) ConventionalHome Purchase LoansC) RefinancingsD) Home Improvement LoansF) Non-occupant Loans on < 5 Family Dwellings (A B C & D)\nNumberAverage ValueNumberAverage ValueNumberAverage ValueNumberAverage LOANS ORIGINATED9$,33363$,175226$,04412$,08316$,\nAPPLICATIONS APPROVED, NOT ACCEPTED1$,$,14347$,$,$,\nAPPLICATIONS DENIED2$,50015$,73384$,89319$,$,\nAPPLICATIONS WITHDRAWN2$,$,50062$,$8,$,\nFILES CLOSED FOR INCOMPLETENESS1$,$,$,$,$ Aggregated Statistics For Year (Based on 1 full tract)\nA) FHA, FSA/RHS & VAHome Purchase LoansB) ConventionalHome Purchase LoansC) RefinancingsD) Home Improvement LoansE) Loans on Dwellings For 5+ FamiliesF) Non-occupant Loans on < 5 Family Dwellings (A B C & D)\nNumberAverage ValueNumberAverage ValueNumberAverage ValueNumberAverage ValueNumberAverage LOANS ORIGINATED10$,20047$,000151$,97412$,$$,\nAPPLICATIONS APPROVED, NOT ACCEPTED0$$,80031$,$,$$,\nAPPLICATIONS DENIED0$$,00066$,01515$,$,$,\nAPPLICATIONS WITHDRAWN0$$,33353$,$,$$,\nFILES CLOSED FOR INCOMPLETENESS0$$$,$,$$ Aggregated Statistics For Year (Based on 1 full tract)\nA) FHA, FSA/RHS & VAHome Purchase LoansB) ConventionalHome Purchase LoansC) RefinancingsD) Home Improvement LoansF) Non-occupant Loans on < 5 Family Dwellings (A B C & D)\nNumberAverage ValueNumberAverage ValueNumberAverage ValueNumberAverage LOANS ORIGINATED18$,88936$,16796$,32314$,$,\nAPPLICATIONS APPROVED, NOT ACCEPTED2$,$,00018$,$,$APPLICATIONS DENIED2$,$,00049$,22422$,$,\nAPPLICATIONS WITHDRAWN2$,$,00037$,$,$FILES CLOSED FOR INCOMPLETENESS0$$$,$,$ Aggregated Statistics For Year (Based on 1 full tract)\nA) FHA, FSA/RHS & VAHome Purchase LoansB) ConventionalHome Purchase LoansC) RefinancingsD) Home Improvement LoansE) Loans on Dwellings For 5+ FamiliesF) Non-occupant Loans on < 5 Family Dwellings (A B C & D)\nNumberAverage ValueNumberAverage ValueNumberAverage ValueNumberAverage ValueNumberAverage LOANS ORIGINATED19$,89525$,16033$,$,$,$,\nAPPLICATIONS APPROVED, NOT ACCEPTED3$,$,33312$,$,$$,\nAPPLICATIONS DENIED3$,$,00026$,$,$$,\nAPPLICATIONS WITHDRAWN1$,$,00013$,$$$FILES CLOSED FOR INCOMPLETENESS0$$,$,$,$$ Aggregated Statistics For Year (Based on 1 full tract)\nA) FHA, FSA/RHS & VAHome Purchase LoansB) ConventionalHome Purchase LoansC) RefinancingsD) Home Improvement LoansF) Non-occupant Loans on < 5 Family Dwellings (A B C & D)\nNumberAverage ValueNumberAverage ValueNumberAverage ValueNumberAverage LOANS ORIGINATED27$,73032$,35655$,$,$,\nAPPLICATIONS APPROVED, NOT ACCEPTED2$,$,06820$,$,$,\nAPPLICATIONS DENIED3$,$,89733$,$,$,\nAPPLICATIONS WITHDRAWN4$,$,95327$,$,$FILES CLOSED FOR INCOMPLETENESS0$$,31010$,$$Choose year: \u00a0\n\n\n\n\n\n\n\n\n\n\nDetailed HMDA statistics for the following Tracts:\n.": [
        "None",
        "positive"
    ],
    "Private Mortgage Insurance Companies Aggregated Statistics For Year (Based on 1 full tract)\nB) LOANS ORIGINATED1$,\nAPPLICATIONS APPROVED, NOT ACCEPTED3$,\nAPPLICATIONS DENIED0$APPLICATIONS WITHDRAWN0$FILES CLOSED FOR INCOMPLETENESS0$ Aggregated Statistics For Year (Based on 1 full tract)\nA) ConventionalHome Purchase LoansB) RefinancingsC) Non-occupant Loans on < 5 Family Dwellings (A & B)\nNumberAverage ValueNumberAverage LOANS ORIGINATED10$,$,$APPLICATIONS APPROVED, NOT ACCEPTED3$,$,$APPLICATIONS DENIED1$,$,$,\nAPPLICATIONS WITHDRAWN0$$,$FILES CLOSED FOR INCOMPLETENESS0$$$ Aggregated Statistics For Year (Based on 1 full tract)\nA) ConventionalHome Purchase LoansB) NumberAverage LOANS ORIGINATED17$,94110$,\nAPPLICATIONS APPROVED, NOT ACCEPTED2$,$,\nAPPLICATIONS DENIED0$$APPLICATIONS WITHDRAWN0$$,\nFILES CLOSED FOR INCOMPLETENESS0$$ Aggregated Statistics For Year (Based on 1 full tract)\nA) ConventionalHome Purchase LoansB) RefinancingsC) Non-occupant Loans on < 5 Family Dwellings (A & B)\nNumberAverage ValueNumberAverage LOANS ORIGINATED36$,$,$,\nAPPLICATIONS APPROVED, NOT ACCEPTED9$,$,$,\nAPPLICATIONS DENIED0$$$APPLICATIONS WITHDRAWN6$,$$,\nFILES CLOSED FOR INCOMPLETENESS0$$$ Aggregated Statistics For Year (Based on 1 full tract)\nA) ConventionalHome Purchase LoansB) RefinancingsC) Non-occupant Loans on < 5 Family Dwellings (A & B)\nNumberAverage ValueNumberAverage LOANS ORIGINATED10$,$,$APPLICATIONS APPROVED, NOT ACCEPTED4$,$,$,\nAPPLICATIONS DENIED0$$$APPLICATIONS WITHDRAWN1$,$$FILES CLOSED FOR INCOMPLETENESS0$$$ Aggregated Statistics For Year (Based on 1 full tract)\nA) ConventionalHome Purchase LoansB) RefinancingsC) Non-occupant Loans on < 5 Family Dwellings (A & B)\nNumberAverage ValueNumberAverage LOANS ORIGINATED19$,$,$APPLICATIONS APPROVED, NOT ACCEPTED4$,$,$,\nAPPLICATIONS DENIED2$,$$APPLICATIONS WITHDRAWN5$,$,$FILES CLOSED FOR INCOMPLETENESS0$$,$ Aggregated Statistics For Year (Based on 1 full tract)\nA) ConventionalHome Purchase LoansB) RefinancingsC) Non-occupant Loans on < 5 Family Dwellings (A & B)\nNumberAverage ValueNumberAverage LOANS ORIGINATED25$,24014$,$,\nAPPLICATIONS APPROVED, NOT ACCEPTED7$,$,$,\nAPPLICATIONS DENIED2$,$$,\nAPPLICATIONS WITHDRAWN1$,$$,\nFILES CLOSED FOR INCOMPLETENESS0$$$ Aggregated Statistics For Year (Based on 1 full tract)\nA) ConventionalHome Purchase LoansB) RefinancingsC) Non-occupant Loans on < 5 Family Dwellings (A & B)\nNumberAverage ValueNumberAverage LOANS ORIGINATED19$,$,$,\nAPPLICATIONS APPROVED, NOT ACCEPTED1$,$,$APPLICATIONS DENIED0$$$APPLICATIONS WITHDRAWN0$$$FILES CLOSED FOR INCOMPLETENESS0$$$ Aggregated Statistics For Year (Based on 1 full tract)\nA) ConventionalHome Purchase LoansB) RefinancingsC) Non-occupant Loans on < 5 Family Dwellings (A & B)\nNumberAverage ValueNumberAverage LOANS ORIGINATED21$,23811$,$,\nAPPLICATIONS APPROVED, NOT ACCEPTED1$,$,$,\nAPPLICATIONS DENIED0$$,$APPLICATIONS WITHDRAWN0$$$FILES CLOSED FOR INCOMPLETENESS0$$$ Aggregated Statistics For Year (Based on 1 full tract)\nA) ConventionalHome Purchase LoansB) NumberAverage LOANS ORIGINATED9$,$,\nAPPLICATIONS APPROVED, NOT ACCEPTED5$,$,\nAPPLICATIONS DENIED0$$APPLICATIONS WITHDRAWN0$$FILES CLOSED FOR INCOMPLETENESS0$$ Aggregated Statistics For Year (Based on 1 full tract)\nA) ConventionalHome Purchase LoansB) RefinancingsC) Non-occupant Loans on < 5 Family Dwellings (A & B)\nNumberAverage ValueNumberAverage LOANS ORIGINATED23$,$,$,\nAPPLICATIONS APPROVED, NOT ACCEPTED3$,$,$,\nAPPLICATIONS DENIED0$$$APPLICATIONS WITHDRAWN0$$$FILES CLOSED FOR INCOMPLETENESS0$$$Choose year: \u00a0\n\n\n\n\n\n\n\n\n\n\nDetailed PMIC statistics for the following Tracts:\n.": [
        "None",
        "positive"
    ],
    "-  National Fire Incident Reporting System (NFIRS) According to the data from the years  -  the average number of fires per year is 9.": [
        "Social",
        "negative"
    ],
    "The highest number of fires -  took place in , and the least - 2 in .": [
        "Social",
        "positive"
    ],
    "The data has a rising trend.": [
        "None",
        "neutral"
    ],
    "When looking into fire subcategories, the most incidents belonged to: Structure Fires (.7%), and Outside Fires (.9%).Fire incident types reported to NFIRS in South Bound Brook, NJ6344.7%Structure Fires5236.9%Outside Fires1611.3%Other107.1%Mobile Property/Vehicle FiresSee full National Fire Incident Reporting System statistics for South Bound Brook, Houses .3%7.3%Bottled, tank, or 2.5%Fuel oil, kerosene, etc.": [
        "Social",
        "negative"
    ],
    "0.9%.9%.8%2.0%Bottled, tank, or 1.4%South Bound Brook compared to New Jersey state average:\nUnemployed percentage below state average.": [
        "None",
        "neutral"
    ],
    "Hispanic race population percentage above state average.": [
        "Social",
        "neutral"
    ],
    "Median age below state average.": [
        "None",
        "neutral"
    ],
    "South Bound Brook on our top lists: \n# on the list of \"Top  cities with the most residents born in Colombia (population +)\"\n# on the list of \"Top  cities with the most residents born in Costa Rica (population +)\"\n# on the list of \"Top  cities with the most residents born in Spain (population +)\"\n# on the list of \"Top  cities with the most residents born in South America (population +)\"\n# (08880) on the list of \"Top  zip codes with the lowest  average net capital gain/loss (pop 1,+)\"\n# on the list of \"Top  counties with the highest percentage of residents that visited a dentist within the past year\"\n# on the list of \"Top  counties with the best general health status score of residents (1-5), 3 years of data\"\n# on the list of \"Top  counties with the largest decrease in the number of births per  residents - to - (pop ,+)\"\n# on the list of \"Top  counties with the lowest percentage of residents that keep firearms around their homes\"\n# on the list of \"Top  counties with the largest number of children under  without health insurance coverage in  (pop.": [
        "Social",
        "positive"
    ],
    ",+)\"\nThere are 3 pilots and 2 other airmen in this city.": [
        "Social",
        "neutral"
    ],
    "Cost of Your current salary:\nState of origin:\nChoose stateAlaskaAlabamaArkansasArizonaCaliforniaColoradoConnecticutDistrict of ColumbiaDelawareFloridaGeorgiaHawaiiIowaIdahoIllinoisIndianaKansasKentuckyLouisianaMassachusettsMarylandMaineMichiganMinnesotaMissouriMississippiMontanaNorth CarolinaNorth DakotaNebraskaNew HampshireNew JerseyNew MexicoNevadaNew YorkOhioOklahomaOregonPennsylvaniaRhode IslandSouth CarolinaSouth DakotaTennesseeTexasUtahVirginiaVermontWashingtonWisconsinWest VirginiaWyoming \nDestination state:\nChoose stateAlaskaAlabamaArkansasArizonaCaliforniaColoradoConnecticutDistrict of ColumbiaDelawareFloridaGeorgiaHawaiiIowaIdahoIllinoisIndianaKansasKentuckyLouisianaMassachusettsMarylandMaineMichiganMinnesotaMissouriMississippiMontanaNorth CarolinaNorth DakotaNebraskaNew HampshireNew JerseyNew MexicoNevadaNew YorkOhioOklahomaOregonPennsylvaniaRhode IslandSouth CarolinaSouth DakotaTennesseeTexasUtahVirginiaVermontWashingtonWisconsinWest VirginiaWyoming \nTop Charanjit S. Paur (7)\nBarbara Hepler (4)\nRichard Seeman (2)\nKarl C. Kharas (2)\nKenan Birsin (1)\nKarl Kharas (1)\nStan Wietecha (1)\nSteven Jez Uzupis (1)\nRaja A Ahmad (1)\nQun Yu (1)\nTotal of  patent applications in -.": [
        "Social",
        "positive"
    ],
    "New Jersey, NJ smaller cities, NJ South Bound Brook, NJ South Bound Brook, City-data.com does not guarantee the accuracy or timeliness of any information on this site.": [
        "None",
        "negative"
    ],
    "Use at your own risk.": [
        "None",
        "negative"
    ],
    "Website \u00a9  Advameg, Inc.": [
        "None",
        "neutral"
    ]
}