{
    "\nPolice | Ridgewood,  \nSkip to \r\n\tWater Conservation Update\r\n\tRead on...": [
        "Environmental",
        "neutral"
    ],
    "Create a Website Account - Manage notification subscriptions, save form progress and more.": [
        "Social",
        "positive"
    ],
    "Website  \n \n \n \nAbout  \nRidgewood Police DepartmentLearn more about the Ridgewood Police  \n  \n \n \n \n \n \n \n \n \n \n \n  \n \nPopular ResourcesQuickly access resources  \n  \n \n  \n \nRidgewood TV - Ordinances Senior  \n \n \n \nPolice Department SpotlightStay up  \n  \n \n \nWebsite Personalization Now Available!": [
        "Social",
        "positive"
    ],
    "With the launch of the new MyAccount feature, visitors to our website can now enhance their viewing experience!": [
        "None",
        "neutral"
    ],
    "Read on...\nKeep in Touch \n\r\nStay in touch with us by following us on Twitter, becoming our friend on Facebook, or subscribing to one of our RSS Feeds.": [
        "Social",
        "positive"
    ],
    "Stay connected!": [
        "Social",
        "neutral"
    ],
    "Subscribe to Notify Me to receive updates and information about community news and happenings.": [
        "Social",
        "neutral"
    ],
    "Read on...": [
        "None",
        "neutral"
    ],
    "Create an Account \n\r\nWith the MyAccount feature, you can customize your viewing experience, sign up for notifications, and engage in information you care about.": [
        "Social",
        "positive"
    ],
    "Read on...\nView /CivicAlerts.": [
        "Social",
        "neutral"
    ],
    "Calendar & NewsStay connected with the  \n  \n \n \n  July \n\r\nS\r\n\r\nM\r\n\r\nT\r\n\r\nW\r\n\r\nT\r\n\r\nF\r\n\r\nS\r\n\n\n\n\n\n\n\n\n\n\n\n\n\n\n\n\n\n\n\n\n\n\n\n\n\n\n\n\n\n\n\n\n\n\n\nThere are no published events in current month.": [
        "None",
        "negative"
    ],
    "View /Calendar.July \n\r\nS\r\n\r\nM\r\n\r\nT\r\n\r\nW\r\n\r\nT\r\n\r\nF\r\n\r\nS\r\n\n\n\n\n\n\n\n\n\n\n\n\n\n\n\n\n\n\n\n\n\n\n\n\n\n\n\n\n\n\n\n\n\n\n\nThere are no published events in current month.": [
        "None",
        "negative"
    ],
    "View /Calendar.": [
        "None",
        "neutral"
    ],
    "Website Personalization Now Available!": [
        "None",
        "neutral"
    ],
    "N Maple AvenueRidgewood, NJ 07450Phone: --\n \n  \n \n  \n \nAgendas & Boards & /QuickLinks.": [
        "None",
        "neutral"
    ],
    "/QuickLinks.": [
        "None",
        "neutral"
    ],
    "Government Websites by CivicPlus\u00ae\n \n \n \n\r\n\t\t\t\tLoading\r\n\t\t\t\nDo Not []\nSlideshow Slideshow": [
        "Social",
        "neutral"
    ]
}