{
    "\nSecaucus | VisitNJ.": [
        "None",
        "neutral"
    ],
    "Skip to     \n                              \u00d7\n                          \nNew Features!": [
        "None",
        "neutral"
    ],
    "You can now save favorite things to do and places to visit, build your own trip itineraries and have everything you love about the Garden State \u2014 all in one place \u2014 with a MY VISITNJ page.": [
        "Social",
        "positive"
    ],
    "It's easy!": [
        "Social",
        "positive"
    ],
    "Just click the Sign In button   in the header to create your account.": [
        "None",
        "positive"
    ],
    "As you navigate through the site, click on the little \u201cheart\u201d icons  to save Favorites, or click the \u201cmap\u201d icons  to save items to your trip itinerary.": [
        "Social",
        "positive"
    ],
    "At any point you can view your Favorites or manage your Itineraries by clicking \u201cAccount\u201d in the header to return to your dashboard.": [
        "Social",
        "positive"
    ],
    "Not NJ.Search NJ.Select LanguageEnglishAfrikaansAlbanianAmharicArabicArmenianAzerbaijaniBasqueBelarusianBengaliBosnianBulgarianCatalanCebuanoChichewaChinese (Simplified)Chinese (Traditional)CorsicanCroatianCzechDanishDutchEsperantoEstonianFilipinoFinnishFrenchFrisianGalicianGeorgianGermanGreekGujaratiHaitian CreoleHausaHawaiianHebrewHindiHmongHungarianIcelandicIgboIndonesianIrishItalianJapaneseJavaneseKannadaKazakhKhmerKoreanKurdish (Kurmanji)KyrgyzLaoLatinLatvianLithuanianLuxembourgishMacedonianMalagasyMalayMalayalamMalteseMaoriMarathiMongolianMyanmar (Burmese) \nGET YOUR FREE OFFICIAL NEW JERSEY eNEWSLETTER TRAVEL  \n \n \n \nThings Arts & Casinos & Dining & Outdoors & Arts & Beer & Children'Concerts & LGBTQ+\nRegions/Greater Places Bed & Campgrounds & Plan Arts & Beer, Wine & Casinos & Dining & Hotels & eNEWSLETTER TRAVEL Bargain shoppers should wear their most comfortable shoes as they hit this outlet and retail shopping Mecca.": [
        "Social",
        "positive"
    ],
    "With nearly  stores, including factory warehouses with attached retail operations and mini-malls, traditional retailers and outlets, your shopping needs are fulfilled.": [
        "None",
        "positive"
    ],
    "The Plaza at Harmon Meadow in Secaucus boasts a spacious campus-like environment for visitors with the best amenities: dining, hotels, shopping and entertainment \u2013 all within walking distance of each other.": [
        "Social",
        "positive"
    ],
    "With over  distinctive restaurants, a movie theatre, La Fitness Signature Health Club and easy access from the NJ Turnpike & Route 3, this shopping capital is mere minutes to Manhattan, northern New Jersey and Newark Liberty International Airport.": [
        "Social",
        "positive"
    ],
    "Minutes from Harmon Meadow, the Secaucus Outlets is a shopper\u2019s paradise.": [
        "Environmental",
        "positive"
    ],
    "The birthplace of outlet shopping, the Secaucus Outlets have offered apparel, accessories and furnishings at discount prices.": [
        "None",
        "neutral"
    ],
    "Featured stores include Kenneth Cole, Tommy Hilfiger, Perry Ellis, Gymboree, Jones New York, Lenox, Carters, Marty\u2019s Samsonite and so many more.": [
        "None",
        "neutral"
    ],
    "Did we mention that the stores here are open seven days a week and, as with all stores in the great shopping state of New Jersey, there\u2019s no sales tax on clothes or shoes?": [
        "None",
        "positive"
    ],
    "Since Secaucus is a transportation hub (NJ Transit trains connect with Manhattan and Newark Liberty International Airport) and there are more than a dozen hotels within its borders, this is a great home base for exploring the metropolitan area.": [
        "Social",
        "positive"
    ],
    "The area is also the stepping-off point to the MetLife Stadium, home to the NFL's New York Giants and Jets.": [
        "Social",
        "neutral"
    ],
    "Find Attractions in Hotels & Lodging in Outdoors & Sport Recreation in Shopping in Gateway Region \n \nFeatured Cities in                   \n \n                  \n \n                  \n \n                  \n \n                  \n \n                  \n \n                  \n \n                  \n \n                  \n \n                  \n \n                  \n \n                  \n \n                  \n \n                  \n \nSecaucus Login or Register to save this to your Favorites.": [
        "Social",
        "positive"
    ],
    "Grab your credit cards and let's shop the state with a selection of outlets...": [
        "None",
        "positive"
    ],
    "Check  \nGet Your Free Official New Jersey eNEWSLETTER Meetings, Conventions & Add Add Travel Get Travel Ideas Directly from NJ Governor Lt.": [
        "Social",
        "positive"
    ],
    "Governor Tahesha Way, Esq.": [
        "Social",
        "neutral"
    ],
    "NJ.Services A Departments/Department Office of Legal Statement & Open Public About Destination Meetings & Information & Contact Travel Resources & Plan Amusements & Arts & Casinos & Dining & Hotels &  \nLet's #Call -VISITNJ for free publications.": [
        "Social",
        "positive"
    ],
    "For other inquiries, call () -.": [
        "None",
        "neutral"
    ],
    "Copyright \u00a9 State of New Jersey, - Department of State, Division of Travel and Tourism.": [
        "Social",
        "neutral"
    ],
    "P.O.": [
        "None",
        "neutral"
    ],
    "Box , Trenton, NJ 08625.\nvisitnj.": [
        "None",
        "neutral"
    ]
}