{
    "\nSecaucus Map - Town of Secaucus, New Jersey, New JerseyGatewayHudson CountyTown Secaucus is a town in Hudson County, in the U.S. state of New Jersey.": [
        "None",
        "neutral"
    ],
    "As of the  United States census, the town's population was ,, an increase of 5, from the  census count of ,, which in turn reflected an increase of  from the , counted in the  census.": [
        "None",
        "positive"
    ],
    "Tap on themap secaucusnj.govWikivoyageWikipediaPhoto: Famartin, CC BY-SA 3.0.": [
        "Social",
        "neutral"
    ],
    "Type: Town with , Description: town in New Jersey in Postal codes: 07094 Neighbors: East Rutherford, Jersey City Notable Places in Meadowlands Arena is a closed indoor sports and concert venue located in the Meadowlands Sports Complex in East Rutherford, New Jersey, United States.": [
        "None",
        "positive"
    ],
    "Tonnelle Photo: Nightscream, CC BY 3.0.": [
        "Environmental",
        "neutral"
    ],
    "Tonnelle Avenue station is a ground-level station on the Hudson\u2013Bergen Light Rail located at 51st Street in North Bergen, New Jersey.": [
        "None",
        "neutral"
    ],
    "Nickelodeon Universe Nickelodeon Universe is the name of two indoor amusement parks located at Mall of America\u2026\nLocalities in Photo: Pablo Costa Tirado (\u2026, CC BY-SA 3.0.": [
        "Social",
        "positive"
    ],
    "Union City is a city in Hudson County, New Jersey.": [
        "Social",
        "neutral"
    ],
    "Union City is a small city, roughly  square miles.": [
        "Social",
        "neutral"
    ],
    "Photo: vbif333, CC BY 3.0.": [
        "None",
        "neutral"
    ],
    "Weehawken is a town of , people on the Hudson River in northeastern New Jersey.": [
        "Environmental",
        "neutral"
    ],
    "West Photo: Hudconja, CC BY-SA 3.0.": [
        "None",
        "neutral"
    ],
    "West New York is a town in the northern part of Hudson County, in the U.S. state of New Jersey, situated upon the New Jersey Palisades.": [
        "None",
        "neutral"
    ],
    "West New York is situated 2\u00bd miles east of Secaucus.": [
        "None",
        "neutral"
    ],
    "Categories: town of New Jersey Location: Town of Secaucus, Hudson County, Gateway, New Jersey, Mid-Atlantic, United States, View on Open\u00adStreet\u00adLatitude40.\u00b0 or \u00b0\u00a0'\u00a0\" northLongitude-\u00b0 or \u00b0\u00a03'\u00a0\" westPopulation15,600Elevation13 feet (4 metres)United Nations Location CodeUS UYKOpen Location Code87G7QWQV+X8Open\u00adStreet\u00adMap IDnode 158853155Open\u00adStreet\u00adMap Featureplace=\u00adtownGeo\u00adNames ID5104504Wiki\u00adThanks for contributing to our open data sources.": [
        "Social",
        "positive"
    ],
    "This page is based on OpenStreetMap, GeoNames, Wikidata, Wikimedia Commons and Wikipedia.": [
        "None",
        "neutral"
    ],
    "Edit Secaucus \u00a9 OpenStreetMap, Mapbox Also Arabic: Secaucus, Arabic: Basque: Secaucus (New Jersey)\nBasque: Catalan: Cebuano: Secaucus, Cebuano: Chechen: \u0421\u0438\u043a\u043e\u043a\u0435\u0441 (\u041d\u044c\u044e-\u0414\u0436\u0435\u0440\u0441\u0438)\nChechen: Chinese: Chinese: \u897f\u8003\u514b\u65af\u5e02\uff0cChinese: Chinese: Danish: Dutch: English: Secaucus, English: Secaucus, French: German: Haitian: Secaucus, Italian: Japanese: Japanese: Japanese: Kazakh: Kazakh: Kazakh: Kirghiz: Ladin: Secaucus (New Jersey)\nLadin: Min Nan Chinese: Persian: \u0633\u06cc\u06a9\u0648\u06a9\u0633\u060c Polish: Portuguese: Russian: \u0421\u0435\u043a\u043e\u043a\u0443\u0441 (\u041d\u044c\u044e-\u0414\u0436\u0435\u0440\u0441\u0438)\nRussian: Serbian: Serbo-Croatian: Secaucus, Serbo-Croatian: Silesian: Secaucus (New Jersey)\nSilesian: South Azerbaijani: \u0633\u06a9\u0627\u0648\u06a9\u0648\u0633\u060c Spanish: Spanish: Secaucus (Nueva Jersey)\nSwahili: Secaucus, Swahili: Swedish: Tamil: \u0b9a\u0bc6\u0b95\u0bcb\u0b95\u0b9a\u0bc1, \u0ba8\u0bbf\u0baf\u0bc2 \u0b9a\u0bc6\u0bb0\u0bcd\u0b9a\u0bbf\nTamil: \u0b9a\u0bc6\u0b95\u0bcb\u0b95\u0b9a\u0bc1\nTatar: \u0421\u0438\u043a\u043e\u043a\u0435\u0441 (\u041d\u044c\u044e-\u0414\u0436\u0435\u0440\u0441\u0438)\nTatar: Turkish: Secaucus, Turkish: Ukrainian: Uzbek: Volap\u00fck: Secaucus, Volap\u00fck: Waray (Philippines): Welsh: Secaucus, Other Places Secaucus JunctionRailway station in Hudson County, Localities in North End BabbittHamlet, 2\u00bd Popular Destinations in Discover Jersey City, Hoboken, Bayonne and Union City.": [
        "Social",
        "positive"
    ],
    "Jersey One's destination is never a place, but rather a new way of looking at things.": [
        "Social",
        "neutral"
    ],
    "-\u00a0Escape to a Explore your world with these selected destinations of excellence.": [
        "Social",
        "positive"
    ],
    "El ChaltenArgentinaTuscanyItalyOsakaOsaka, JapanGran CanariaCanary Islands, About Mapcarta.": [
        "Social",
        "neutral"
    ],
    "Thanks to Mapbox for providing amazing maps.": [
        "Social",
        "positive"
    ],
    "Data \u00a9\u00a0OpenStreetMap contributors and available under the Open Database License.": [
        "None",
        "neutral"
    ],
    "Text is available under the CC BY-SA 4.0 license, excluding photos, directions and the map.": [
        "None",
        "neutral"
    ],
    "Description text is based on the Wikipdia page Secaucus.": [
        "None",
        "neutral"
    ],
    "Photo: Famartin, CC BY-SA 3.0.": [
        "None",
        "neutral"
    ]
}