{
    "\nSeaside Park Map - Town - Borough of Seaside Park, New Jersey, New JerseyJersey ShoreOcean CountyBorough of Seaside Heights is a borough with almost 3, residents in the New Jersey Shore region.": [
        "Social",
        "neutral"
    ],
    "Seaside Heights is a beach town on a barrier island that faces the Atlantic Ocean on the east and Barnegat Bay on the west.": [
        "Environmental",
        "negative"
    ],
    "Tap on themap to seasideparknj.orgWikivoyageWikipediaPhoto: Jimmypitt1234, Public domain.": [
        "Social",
        "neutral"
    ],
    "Type: Town with 1, Description: borough in New Jersey, Postal code: Neighbors: Notable Places in Photo: Jimmypitt1234, Public domain.": [
        "Social",
        "neutral"
    ],
    "Casino Pier is an amusement park situated on a pier, in Seaside Heights, New Jersey.": [
        "None",
        "positive"
    ],
    "Pelican Island is an island in the Barnegat Bay wholly located in Ocean County, New Jersey.": [
        "None",
        "neutral"
    ],
    "Localities in Photo: Dough4872, CC BY-SA 3.0.": [
        "Social",
        "neutral"
    ],
    "Seaside Heights is a borough with almost 3, residents in the New Jersey Shore region.": [
        "Social",
        "neutral"
    ],
    "Ortley Beach, also called Dover Beach South, is part of Ocean County, on the Jersey Shore.": [
        "None",
        "neutral"
    ],
    "Photo: Jorge Manriquez P., CC BY-SA 3.0.": [
        "None",
        "neutral"
    ],
    "Lavallette is situated 3 miles north of Seaside Park.": [
        "Environmental",
        "neutral"
    ],
    "Categories: borough of New Jersey Location: Borough of Seaside Park, Ocean County, Jersey Shore, New Jersey, Mid-Atlantic, United States, View on Open\u00adStreet\u00adLatitude39.92678\u00b0 or \u00b0\u00a0'\u00a0\" northLongitude-.07639\u00b0 or \u00b0\u00a04'\u00a0\" westPopulation1,440Elevation7 feet (2 metres)Open Location Code87F7WWGF+PCOpen\u00adStreet\u00adMap IDnode 158868936Open\u00adStreet\u00adMap Featureplace=\u00adtownGeo\u00adNames ID4504014Wiki\u00adThanks for contributing to our open data sources.": [
        "Social",
        "positive"
    ],
    "This page is based on OpenStreetMap, GeoNames, Wikidata, Wikimedia Commons and Wikivoyage.": [
        "None",
        "neutral"
    ],
    "Edit Seaside Park \u00a9 OpenStreetMap, Mapbox Also Arabic: Asturian: Basque: Seaside Park (New Jersey)\nBasque: Catalan: Cebuano: Chechen: \u0421\u0438\u0441\u0430\u0439\u0434-\u041f\u0430\u0440\u043a (\u041d\u044c\u044e-\u0414\u0436\u0435\u0440\u0441\u0438)\nChechen: \u0421\u0438\u0441\u0430\u0439\u0434-Chinese: Chinese: \u6d77\u6ee8\u516c\u56ed (\u65b0\u6cfd\u897f\u5dde)\nChinese: Chinese: \u6d77\u6ff1\u516c\u5712\u5340 (\u7d10\u6fa4\u897f\u5dde)\nChinese: Chinese: Dutch: English: Seaside Park, English: Seaside Park, French: Haitian: Seaside Park, Italian: Kazakh: Kazakh: Kazakh: Kirghiz: Ladin: Seaside Park (New Jersey)\nLadin: Min Nan Chinese: Persian: \u0633\u06cc\u0633\u0627\u06cc\u062f \u067e\u0627\u0631\u06a9\u060c Persian: \u0633\u06cc\u200cPortuguese: Serbian: Serbo-Croatian: Seaside Park, Serbo-Croatian: Spanish: Spanish: Seaside Park (Nueva Jersey)\nTamil: \u0b9a\u0bc0\u0b9a\u0bc8\u0b9f\u0bc1 \u0baa\u0bbe\u0bb0\u0bcd\u0b95\u0bcd, \u0ba8\u0bbf\u0baf\u0bc2 \u0b9a\u0bc6\u0bb0\u0bcd\u0b9a\u0bbf\nTamil: \u0b9a\u0bc0\u0b9a\u0bc8\u0b9f\u0bc1 \u0baa\u0bbe\u0bb0\u0bcd\u0b95\u0bcd\nTatar: \u0421\u0438\u0441\u0430\u0439\u0434-\u041f\u0430\u0440\u043a (\u041d\u044c\u044e-\u0414\u0436\u0435\u0440\u0441\u0438)\nTatar: \u0421\u0438\u0441\u0430\u0439\u0434-Ukrainian: \u0421\u0456\u0441\u0430\u0439\u0434-Uzbek: Seaside Park, Uzbek: Uzbek: Volap\u00fck: Seaside Park, Volap\u00fck: Welsh: Seaside Park, Other Places Named Seaside ParkLocality in British Columbia, CanadaSeaside ParkPark in Connecticut, United StatesSeaside ParkPark in Massachusetts, United StatesSeaside ParkPark in Guangdong, ChinaSeaside ParkPark in GeorgiaSeaside ParkPark in Ventura County, United StatesSeaside ParkPark in Brooklyn, United StatesSeaside ParkPark in Connecticut, Localities in South Ortley BeachHamlet, 2 Dover Beaches SouthHamlet, 2 Ortley TerraceHamlet, 2 Bay ShoreNeighborhood, 2\u00bd Landmarks in Saint Catharine'Berkeley Union Church of Popular Destinations in Discover Long Beach Island, Point Pleasant, Toms River and Lakewood.": [
        "Social",
        "positive"
    ],
    "Long Beach IslandPoint A good traveler has no fixed plans and is not intent on arriving.": [
        "Social",
        "positive"
    ],
    "-\u00a0Escape to a Discover other destinations in the world.": [
        "Social",
        "positive"
    ],
    "Jag\u00fcel del MonteLocalityCadalianVillageGongo About Mapcarta.": [
        "Social",
        "neutral"
    ],
    "Thanks to Mapbox for providing amazing maps.": [
        "Social",
        "positive"
    ],
    "Data \u00a9\u00a0OpenStreetMap contributors and available under the Open Database License.": [
        "None",
        "neutral"
    ],
    "Text is available under the CC BY-SA 4.0 license, excluding photos, directions and the map.": [
        "None",
        "neutral"
    ],
    "Description text is based on the Wikivoyage page Seaside Park.": [
        "None",
        "neutral"
    ],
    "Photo: Jimmypitt1234, Public domain.": [
        "Social",
        "neutral"
    ]
}