{
    "\nPolice Department | Randolph Township,  \nSkip to Create a Website Account - Manage notification subscriptions, save form progress and more.": [
        "Social",
        "positive"
    ],
    "Website  \n   \n \n \n  \n \n \n \n \nHow Do I... \n \n \n \n \n \nHomeGovernmentTownship \r\n\r\nPolice Department\t\t\n \n \nWelcome!On behalf of the men and women of the Randolph Township Police Department, we welcome you to our website and hope you find it to be both valuable and informative.": [
        "Social",
        "positive"
    ],
    "In keeping with our community policing philosophy, this site has been designed to extend the department's reach and provide another avenue for maintaining open communication between our department and the citizens of Randolph.": [
        "Social",
        "positive"
    ],
    "Our objective is to highlight the services that we provide to the community and, in turn, offer site visitors round-the-clock online access to useful information and interactive forms.We welcome your comments and suggestions.": [
        "Social",
        "positive"
    ],
    "Visit our contact us page to let us know how we're doing.Our Mission StatementWe, the members of the Randolph Township Police Department, are committed to excellence in law enforcement.": [
        "Social",
        "positive"
    ],
    "We are dedicated to the citizens of the Randolph community, and embrace the traditions and diversity of our town.": [
        "Social",
        "positive"
    ],
    "It is our mission to ensure we protect life and property, maintain public order, and continue to uphold the full faith and trust of the Randolph Township community.": [
        "Social",
        "positive"
    ],
    "We will accomplish this mission by providing service with understanding, response with benevolence, performance with integrity and law enforcement with innovation.": [
        "Social",
        "positive"
    ],
    "Will Harzula\r\n\t\t\t\t\t\r\n\t\t\t\t\nEmail Chief Will Harzula \nPhone: --\nView Map \n Randolph,  Millbrook Avenue  Randolph Phone: --\nFax: --\nEmergency Phone: \nRegular Business Phone: --\nWhat number should I call to reach the Police Department for routine business?": [
        "Social",
        "negative"
    ],
    "The regular business phone number for the Police Department is --.": [
        "Social",
        "positive"
    ],
    "This number is to be used for routine requests, to obtain general information or to leave a message for a police officer.": [
        "Social",
        "neutral"
    ],
    "When you call this number, you will be greeted with an automated message which will allow you to enter an extension or choose from a menu of options.": [
        "Social",
        "positive"
    ],
    "How do I obtain a police report?": [
        "Social",
        "neutral"
    ],
    "Police reports are available for a fee at the Records Bureau window in the Police Department lobby Monday through Friday, from 7 am to 4 pm.": [
        "Social",
        "neutral"
    ],
    "Learn more on the Obtaining Records page.": [
        "Social",
        "neutral"
    ],
    "When can I get fingerprints done?": [
        "Environmental",
        "neutral"
    ],
    "Due to changes imposed by the state, the Police Department - in most cases - no longer fingerprints civilians.": [
        "Social",
        "negative"
    ],
    "Find more information on the Fingerprinting page.": [
        "Social",
        "neutral"
    ],
    "What is required to obtain a handicapped parking permit?": [
        "Social",
        "neutral"
    ],
    "Handicapped parking permits (placards) are available for those who are either temporarily or permanently handicapped.": [
        "Environmental",
        "neutral"
    ],
    "Pursuant to state statute, however, the police department can only issue temporary placards.": [
        "Social",
        "neutral"
    ],
    "The permit is good for six months and may be renewed one time for an additional period of up to six months.": [
        "None",
        "positive"
    ],
    "You must obtain an application from the police department and meet all requirements.": [
        "Governance",
        "neutral"
    ],
    "Access more information on the Handicapped Parking page.": [
        "Environmental",
        "neutral"
    ],
    "How do I make an appointment to have the installation of my child safety seat inspected?": [
        "Social",
        "positive"
    ],
    "To make an appointment to have your child safety seat checked, call --, (prompt \"0\") and leave your name and phone number.": [
        "Social",
        "positive"
    ],
    "A certified child safety seat technician will return your call.": [
        "Social",
        "positive"
    ],
    "/FAQ.Body From Internal Blue House Speaker\u2019Victim / Video Surveillance Solicitors / Reports & Firearms Application Registration System (FARS)\nPermit to Carry a Handgun Registration System (FARS)\nChild School Victim  \n \nAgendas & Forms & Recycling &  \n \nParks &  \n \n \n \n \n \n \n \n   \n \n \n  \n \nTownship of Randolph502 Millbrook AvenueRandolph, NJ 07869-3799Phone: --7100Fax: --\n \n  \n \n  \n \nRAVE Emergency Alert \nPermits & Employment \n/QuickLinks.": [
        "Social",
        "negative"
    ],
    "/QuickLinks.": [
        "None",
        "neutral"
    ],
    "RandolphLocal.com \nNJ 2-1-1 \n/QuickLinks.": [
        "None",
        "neutral"
    ],
    "Government Websites by CivicPlus\u00ae\n \n \n \n\r\n\t\t\t\tLoading\r\n\t\t\t\nDo Not []\nSlideshow Slideshow": [
        "Social",
        "neutral"
    ]
}