{
    "\nGovernment | Randolph Township,  \nSkip to Create a Website Account - Manage notification subscriptions, save form progress and more.": [
        "Social",
        "positive"
    ],
    "Website  \n   \n \n \n  \n \n \n \n \nHow Do I... \n \n \n \n \n \n\r\n\r\nAbout The Randolph Township municipal organization strives to make the Township of Randolph the best it can be by providing effective governance, enhanced customer services and excellent community facilities.": [
        "Social",
        "positive"
    ],
    "Agendas & Access easily searchable meeting agendas and minutes for various boards, commissions, and committees.": [
        "Social",
        "positive"
    ],
    "Bid Opportunities \nThe Randolph Township Purchasing Department posts invitations to bid for vendors and others interested in doing business with the township.": [
        "Social",
        "positive"
    ],
    "Boards / Committees \nDiscover the boards and commissions that drive your local government in the Town of Randolph, New Jersey.": [
        "Social",
        "neutral"
    ],
    "Find agendas, member information, and other meeting details.": [
        "Social",
        "neutral"
    ],
    "Codes & Documents \nAccess important codes and documents recommended by the Town of Randolph.": [
        "Governance",
        "positive"
    ],
    "The Township Council is the legislative body of Randolph.": [
        "Social",
        "neutral"
    ],
    "Learn what the council does and who represents you in Randolph.": [
        "Social",
        "neutral"
    ],
    "Acting as the principal liaison between council members, township departments and the general public, the township manager oversees a broad spectrum of township functions.": [
        "Social",
        "neutral"
    ],
    "The office of the township clerk serves as secretary to the township council, coordinates general, local and board of education elections, and issues a variety of local licenses and permits.": [
        "Social",
        "neutral"
    ],
    "Get information regarding the Township Agencies dedicated to keeping the community moving.": [
        "Social",
        "positive"
    ],
    "Pay Water / Pay your water/sewer bill from the convenience of your home or office,  hours a day, 7 days a week.": [
        "Environmental",
        "negative"
    ],
    "Discover more information on taxes.": [
        "None",
        "neutral"
    ],
    "We are an independent branch of government constitutionally entrusted with the fair and just resolution of disputes in order to preserve the rule of law and to protect the rights and liberties guaranteed by the Constitution and laws of the United States and this state.": [
        "Governance",
        "positive"
    ],
    "Learn more about public safety in Randolph Township.": [
        "Social",
        "positive"
    ],
    "Thank you for your interest in employment with the Township of Randolph.": [
        "Social",
        "positive"
    ],
    "Please note that we accept applications for current vacancies only.": [
        "None",
        "positive"
    ],
    "The majority of the forms available for download here are fillable forms which means the days of having to print out a form and fill it in by hand are behind us.": [
        "Environmental",
        "positive"
    ],
    "Citizens who wish to obtain government records must file a records request with the township clerk.": [
        "Governance",
        "positive"
    ],
    "Guidelines for Read through the guidelines for videotaping Council meetings.": [
        "Social",
        "neutral"
    ],
    "About Agendas & Bid Opportunities \nBoards / Committees \nBoard of Adjustment \nBoard of Health \nEconomic Development Committee \nEnvironmental & Landmark Committee \nRandolph Environmental Guidebook (RTEG)\nLibrary Trustees \nMunicipal Alliance Committee \nParks Advisory Committee \nPlanning Board \nRecreation Advisory Committee \nTraffic Advisory Committee \nTrails Advisory Committee \nWildlife Management Advisory Committee \nCodes & Documents \nAffordable Housing \nAnnual Budget \nAnnual Audit / Diversity Report (PDF)\nBuilding / Court \nMobile Homes & Planning & Brundage Park, Heistein Park & Freedom Park Fees \nCommunity Center and Miscellaneous Fees for All Parks \nRandolph Park Fees \nSeniors (Age  and Over) \nVeterans Community Park Streets & Water & Other Water Sewer Rate Schedule \nWater Land Use Regulations \nMaster Plan \n\n\n\n\n\n\n\n\n\n\n\n\n\n\n\n \n\n\n\n\n\n\n\n\n\n\n\n\n\n\n\n\n\n\n\n\n\n\n\n\n\n\n\n\n\n\n\n\n\nParks & Community Services \nParks/Tennis / Senior Programs \nBrundage Parent / Summer Camps / Program Body From Internal Blue House Speaker\u2019Victim / Video Surveillance Solicitors / Reports & Child School Victim Planning / Water & Pay Your Water / Sewer Water & Winter Low Income Household Water Assistance Program (LIHWAP)\nPay Water / Online Guidelines for  \n \nAgendas & Forms & Recycling &  \n \nParks &  \n \n \n \n \n \n \n \n   \n \n \n  \n \nTownship of Randolph502 Millbrook AvenueRandolph, NJ 07869-3799Phone: --7100Fax: --\n \n  \n \n  \n \nRAVE Emergency Alert \nPermits & Employment \n/QuickLinks.": [
        "Social",
        "positive"
    ],
    "/QuickLinks.": [
        "None",
        "neutral"
    ],
    "RandolphLocal.com \nNJ 2-1-1 \n/QuickLinks.": [
        "None",
        "neutral"
    ],
    "Government Websites by CivicPlus\u00ae\n \n \n \n\r\n\t\t\t\tLoading\r\n\t\t\t\nDo Not []\nSlideshow Slideshow": [
        "Social",
        "neutral"
    ]
}